,Period,OperationalLessIndustrial,Industrial,timestamp,Demand,Temp,date,Holidays,DOW
0,1,3914.64713,1009.35287,2014-01-01 00:00:00,4924.0,18.2,2014-01-01,True,Wednesday
1,2,3672.549608,1004.450392,2014-01-01 00:30:00,4677.0,17.9,2014-01-01,True,Wednesday
2,3,3497.53903,1004.46097,2014-01-01 01:00:00,4502.0,17.6,2014-01-01,True,Wednesday
3,4,3339.144792,1003.855208,2014-01-01 01:30:00,4343.0,16.8,2014-01-01,True,Wednesday
4,5,3204.312604,998.687396,2014-01-01 02:00:00,4203.0,16.3,2014-01-01,True,Wednesday
5,6,3100.042586,1002.957414,2014-01-01 02:30:00,4103.0,16.6,2014-01-01,True,Wednesday
6,7,3039.46753,1006.53247,2014-01-01 03:00:00,4046.0,16.6,2014-01-01,True,Wednesday
7,8,3012.088648,1006.911352,2014-01-01 03:30:00,4019.0,16.7,2014-01-01,True,Wednesday
8,9,3017.270254,1004.729746,2014-01-01 04:00:00,4022.0,16.2,2014-01-01,True,Wednesday
9,10,3026.67176,1008.32824,2014-01-01 04:30:00,4035.0,16.6,2014-01-01,True,Wednesday
10,11,3042.571012,1011.428988,2014-01-01 05:00:00,4054.0,17.8,2014-01-01,True,Wednesday
11,12,3066.84604,1006.15396,2014-01-01 05:30:00,4073.0,18.1,2014-01-01,True,Wednesday
12,13,3130.006372,1009.993628,2014-01-01 06:00:00,4140.0,19.1,2014-01-01,True,Wednesday
13,14,3229.404258,1004.595742,2014-01-01 06:30:00,4234.0,20.3,2014-01-01,True,Wednesday
14,15,3231.86119,1007.13881,2014-01-01 07:00:00,4239.0,19.9,2014-01-01,True,Wednesday
15,16,3319.817796,1012.182204,2014-01-01 07:30:00,4332.0,21.3,2014-01-01,True,Wednesday
16,17,3431.795484,1004.204516,2014-01-01 08:00:00,4436.0,21.9,2014-01-01,True,Wednesday
17,18,3502.32867,1002.67133,2014-01-01 08:30:00,4505.0,22.8,2014-01-01,True,Wednesday
18,19,3577.585806,1005.414194,2014-01-01 09:00:00,4583.0,23.4,2014-01-01,True,Wednesday
19,20,3662.798382,1008.201618,2014-01-01 09:30:00,4671.0,24.0,2014-01-01,True,Wednesday
20,21,3694.39488,1014.60512,2014-01-01 10:00:00,4709.0,24.6,2014-01-01,True,Wednesday
21,22,3765.73708,1017.26292,2014-01-01 10:30:00,4783.0,25.0,2014-01-01,True,Wednesday
22,23,3848.776214,1012.223786,2014-01-01 11:00:00,4861.0,26.0,2014-01-01,True,Wednesday
23,24,3868.17164,1012.82836,2014-01-01 11:30:00,4881.0,25.8,2014-01-01,True,Wednesday
24,25,3858.321318,1011.678682,2014-01-01 12:00:00,4870.0,25.3,2014-01-01,True,Wednesday
25,26,3844.509558,1012.490442,2014-01-01 12:30:00,4857.0,25.3,2014-01-01,True,Wednesday
26,27,3837.085448,1018.914552,2014-01-01 13:00:00,4856.0,23.7,2014-01-01,True,Wednesday
27,28,3840.860404,1020.139596,2014-01-01 13:30:00,4861.0,23.6,2014-01-01,True,Wednesday
28,29,3847.447728,1017.552272,2014-01-01 14:00:00,4865.0,21.9,2014-01-01,True,Wednesday
29,30,3873.634212,1010.365788,2014-01-01 14:30:00,4884.0,19.5,2014-01-01,True,Wednesday
30,31,3888.748828,1006.251172,2014-01-01 15:00:00,4895.0,18.9,2014-01-01,True,Wednesday
31,32,3934.559662,1006.440338,2014-01-01 15:30:00,4941.0,19.4,2014-01-01,True,Wednesday
32,33,4039.507452,997.492548,2014-01-01 16:00:00,5037.0,21.8,2014-01-01,True,Wednesday
33,34,4124.618318,1002.381682,2014-01-01 16:30:00,5127.0,23.5,2014-01-01,True,Wednesday
34,35,4139.078976,1001.921024,2014-01-01 17:00:00,5141.0,22.6,2014-01-01,True,Wednesday
35,36,4096.979848,996.020152,2014-01-01 17:30:00,5093.0,22.7,2014-01-01,True,Wednesday
36,37,4029.811492,1000.188508,2014-01-01 18:00:00,5030.0,21.6,2014-01-01,True,Wednesday
37,38,3993.029164,1001.970836,2014-01-01 18:30:00,4995.0,23.2,2014-01-01,True,Wednesday
38,39,3949.475578,999.524422,2014-01-01 19:00:00,4949.0,22.0,2014-01-01,True,Wednesday
39,40,3981.284612,994.715388,2014-01-01 19:30:00,4976.0,22.3,2014-01-01,True,Wednesday
40,41,3965.314702,993.685298,2014-01-01 20:00:00,4959.0,22.0,2014-01-01,True,Wednesday
41,42,3897.95789,999.04211,2014-01-01 20:30:00,4897.0,22.1,2014-01-01,True,Wednesday
42,43,3772.791124,1001.208876,2014-01-01 21:00:00,4774.0,22.2,2014-01-01,True,Wednesday
43,44,3614.190022,1002.809978,2014-01-01 21:30:00,4617.0,22.1,2014-01-01,True,Wednesday
44,45,3572.151378,1004.848622,2014-01-01 22:00:00,4577.0,21.6,2014-01-01,True,Wednesday
45,46,3597.783036,1003.216964,2014-01-01 22:30:00,4601.0,20.4,2014-01-01,True,Wednesday
46,47,3948.083686,1003.916314,2014-01-01 23:00:00,4952.0,19.7,2014-01-01,True,Wednesday
47,48,4053.242124,1013.757876,2014-01-01 23:30:00,5067.0,19.3,2014-01-01,True,Wednesday
48,1,3753.879498,1018.120502,2014-01-02 00:00:00,4772.0,18.7,2014-01-02,False,Thursday
49,2,3491.805152,1013.194848,2014-01-02 00:30:00,4505.0,18.2,2014-01-02,False,Thursday
50,3,3314.171014,1010.828986,2014-01-02 01:00:00,4325.0,17.4,2014-01-02,False,Thursday
51,4,3184.643156,1008.356844,2014-01-02 01:30:00,4193.0,17.1,2014-01-02,False,Thursday
52,5,3078.028286,1012.971714,2014-01-02 02:00:00,4091.0,16.4,2014-01-02,False,Thursday
53,6,3016.604436,1010.395564,2014-01-02 02:30:00,4027.0,16.2,2014-01-02,False,Thursday
54,7,3000.143298,1014.856702,2014-01-02 03:00:00,4015.0,15.9,2014-01-02,False,Thursday
55,8,3006.999744,1016.000256,2014-01-02 03:30:00,4023.0,15.5,2014-01-02,False,Thursday
56,9,3072.665194,1012.334806,2014-01-02 04:00:00,4085.0,15.4,2014-01-02,False,Thursday
57,10,3135.750756,1009.249244,2014-01-02 04:30:00,4145.0,15.6,2014-01-02,False,Thursday
58,11,3283.34952,1005.65048,2014-01-02 05:00:00,4289.0,15.5,2014-01-02,False,Thursday
59,12,3439.061364,1001.938636,2014-01-02 05:30:00,4441.0,15.4,2014-01-02,False,Thursday
60,13,3653.146794,1003.853206,2014-01-02 06:00:00,4657.0,15.5,2014-01-02,False,Thursday
61,14,3845.349664,998.650336,2014-01-02 06:30:00,4844.0,15.8,2014-01-02,False,Thursday
62,15,3847.60413,998.39587,2014-01-02 07:00:00,4846.0,16.0,2014-01-02,False,Thursday
63,16,3972.19593,999.80407,2014-01-02 07:30:00,4972.0,17.0,2014-01-02,False,Thursday
64,17,4054.548548,1004.451452,2014-01-02 08:00:00,5059.0,17.4,2014-01-02,False,Thursday
65,18,4095.6495,999.3505,2014-01-02 08:30:00,5095.0,18.8,2014-01-02,False,Thursday
66,19,4139.566926,995.433074,2014-01-02 09:00:00,5135.0,17.4,2014-01-02,False,Thursday
67,20,4191.084388,1008.915612,2014-01-02 09:30:00,5200.0,18.2,2014-01-02,False,Thursday
68,21,4197.770222,1011.229778,2014-01-02 10:00:00,5209.0,18.8,2014-01-02,False,Thursday
69,22,4206.853808,1019.146192,2014-01-02 10:30:00,5226.0,19.4,2014-01-02,False,Thursday
70,23,4213.35675,1025.64325,2014-01-02 11:00:00,5239.0,20.1,2014-01-02,False,Thursday
71,24,4236.663142,1023.336858,2014-01-02 11:30:00,5260.0,19.6,2014-01-02,False,Thursday
72,25,4257.284366,1015.715634,2014-01-02 12:00:00,5273.0,20.2,2014-01-02,False,Thursday
73,26,4272.851426,1019.148574,2014-01-02 12:30:00,5292.0,20.4,2014-01-02,False,Thursday
74,27,4282.096582,1025.903418,2014-01-02 13:00:00,5308.0,20.8,2014-01-02,False,Thursday
75,28,4319.405718,1033.594282,2014-01-02 13:30:00,5353.0,21.3,2014-01-02,False,Thursday
76,29,4354.401658,1029.598342,2014-01-02 14:00:00,5384.0,22.6,2014-01-02,False,Thursday
77,30,4406.803064,1025.196936,2014-01-02 14:30:00,5432.0,23.0,2014-01-02,False,Thursday
78,31,4471.103958,1023.896042,2014-01-02 15:00:00,5495.0,22.6,2014-01-02,False,Thursday
79,32,4497.733488,1023.266512,2014-01-02 15:30:00,5521.0,20.7,2014-01-02,False,Thursday
80,33,4544.263426,1018.736574,2014-01-02 16:00:00,5563.0,20.5,2014-01-02,False,Thursday
81,34,4559.249818,1020.750182,2014-01-02 16:30:00,5580.0,19.8,2014-01-02,False,Thursday
82,35,4477.682266,1023.317734,2014-01-02 17:00:00,5501.0,19.3,2014-01-02,False,Thursday
83,36,4402.120532,1014.879468,2014-01-02 17:30:00,5417.0,19.3,2014-01-02,False,Thursday
84,37,4282.057878,1014.942122,2014-01-02 18:00:00,5297.0,18.9,2014-01-02,False,Thursday
85,38,4183.285572,1006.714428,2014-01-02 18:30:00,5190.0,18.6,2014-01-02,False,Thursday
86,39,4133.969348,1005.030652,2014-01-02 19:00:00,5139.0,18.2,2014-01-02,False,Thursday
87,40,4156.84741,1011.15259,2014-01-02 19:30:00,5168.0,17.6,2014-01-02,False,Thursday
88,41,4155.534258,1009.465742,2014-01-02 20:00:00,5165.0,17.5,2014-01-02,False,Thursday
89,42,4075.751474,998.248526,2014-01-02 20:30:00,5074.0,17.2,2014-01-02,False,Thursday
90,43,3922.941098,1002.058902,2014-01-02 21:00:00,4925.0,16.9,2014-01-02,False,Thursday
91,44,3738.313138,1010.686862,2014-01-02 21:30:00,4749.0,16.8,2014-01-02,False,Thursday
92,45,3703.04772,1003.95228,2014-01-02 22:00:00,4707.0,16.5,2014-01-02,False,Thursday
93,46,3721.634374,1004.365626,2014-01-02 22:30:00,4726.0,16.2,2014-01-02,False,Thursday
94,47,4068.77643,1000.22357,2014-01-02 23:00:00,5069.0,15.8,2014-01-02,False,Thursday
95,48,4172.88867,1009.11133,2014-01-02 23:30:00,5182.0,15.6,2014-01-02,False,Thursday
96,1,3887.370492,1006.629508,2014-01-03 00:00:00,4894.0,15.1,2014-01-03,False,Friday
97,2,3639.630922,1006.369078,2014-01-03 00:30:00,4646.0,14.8,2014-01-03,False,Friday
98,3,3468.724314,997.275686,2014-01-03 01:00:00,4466.0,14.7,2014-01-03,False,Friday
99,4,3318.632694,993.367306,2014-01-03 01:30:00,4312.0,14.3,2014-01-03,False,Friday
100,5,3197.791862,998.208138,2014-01-03 02:00:00,4196.0,14.4,2014-01-03,False,Friday
101,6,3120.792228,1003.207772,2014-01-03 02:30:00,4124.0,14.3,2014-01-03,False,Friday
102,7,3080.870692,1001.129308,2014-01-03 03:00:00,4082.0,14.4,2014-01-03,False,Friday
103,8,3081.647344,996.352656,2014-01-03 03:30:00,4078.0,14.5,2014-01-03,False,Friday
104,9,3166.536328,994.463672,2014-01-03 04:00:00,4161.0,14.7,2014-01-03,False,Friday
105,10,3264.60289,992.39711,2014-01-03 04:30:00,4257.0,14.5,2014-01-03,False,Friday
106,11,3403.592532,992.407468,2014-01-03 05:00:00,4396.0,14.5,2014-01-03,False,Friday
107,12,3531.857548,995.142452,2014-01-03 05:30:00,4527.0,14.7,2014-01-03,False,Friday
108,13,3729.91518,997.08482,2014-01-03 06:00:00,4727.0,14.7,2014-01-03,False,Friday
109,14,3945.293904,998.706096,2014-01-03 06:30:00,4944.0,14.7,2014-01-03,False,Friday
110,15,3954.572514,1002.427486,2014-01-03 07:00:00,4957.0,15.4,2014-01-03,False,Friday
111,16,4069.515578,1026.484422,2014-01-03 07:30:00,5096.0,15.5,2014-01-03,False,Friday
112,17,4157.680744,1037.319256,2014-01-03 08:00:00,5195.0,16.5,2014-01-03,False,Friday
113,18,4207.351968,1012.648032,2014-01-03 08:30:00,5220.0,16.9,2014-01-03,False,Friday
114,19,4262.96167,1043.03833,2014-01-03 09:00:00,5306.0,18.2,2014-01-03,False,Friday
115,20,4274.787408,1038.212592,2014-01-03 09:30:00,5313.0,18.4,2014-01-03,False,Friday
116,21,4268.653336,1048.346664,2014-01-03 10:00:00,5317.0,19.8,2014-01-03,False,Friday
117,22,4290.388342,1027.611658,2014-01-03 10:30:00,5318.0,20.4,2014-01-03,False,Friday
118,23,4305.064182,1065.935818,2014-01-03 11:00:00,5371.0,21.5,2014-01-03,False,Friday
119,24,4314.167164,1050.832836,2014-01-03 11:30:00,5365.0,19.8,2014-01-03,False,Friday
120,25,4322.194496,1049.805504,2014-01-03 12:00:00,5372.0,19.6,2014-01-03,False,Friday
121,26,4307.992536,1042.007464,2014-01-03 12:30:00,5350.0,19.3,2014-01-03,False,Friday
122,27,4250.729274,1057.270726,2014-01-03 13:00:00,5308.0,19.7,2014-01-03,False,Friday
123,28,4215.692714,1040.307286,2014-01-03 13:30:00,5256.0,20.7,2014-01-03,False,Friday
124,29,4184.53802,1055.46198,2014-01-03 14:00:00,5240.0,20.3,2014-01-03,False,Friday
125,30,4191.488622,1068.511378,2014-01-03 14:30:00,5260.0,20.2,2014-01-03,False,Friday
126,31,4227.080108,1053.919892,2014-01-03 15:00:00,5281.0,20.3,2014-01-03,False,Friday
127,32,4299.348138,1057.651862,2014-01-03 15:30:00,5357.0,19.8,2014-01-03,False,Friday
128,33,4353.7638,1014.2362,2014-01-03 16:00:00,5368.0,20.2,2014-01-03,False,Friday
129,34,4386.601166,1008.398834,2014-01-03 16:30:00,5395.0,20.3,2014-01-03,False,Friday
130,35,4326.492452,1012.507548,2014-01-03 17:00:00,5339.0,20.5,2014-01-03,False,Friday
131,36,4289.684554,1007.315446,2014-01-03 17:30:00,5297.0,21.4,2014-01-03,False,Friday
132,37,4216.624104,1047.375896,2014-01-03 18:00:00,5264.0,22.2,2014-01-03,False,Friday
133,38,4147.053918,1044.946082,2014-01-03 18:30:00,5192.0,21.6,2014-01-03,False,Friday
134,39,4073.200988,1051.799012,2014-01-03 19:00:00,5125.0,21.6,2014-01-03,False,Friday
135,40,4077.256448,1013.743552,2014-01-03 19:30:00,5091.0,20.4,2014-01-03,False,Friday
136,41,4090.937172,1030.062828,2014-01-03 20:00:00,5121.0,20.0,2014-01-03,False,Friday
137,42,4023.26739,1064.73261,2014-01-03 20:30:00,5088.0,19.8,2014-01-03,False,Friday
138,43,3868.84334,1042.15666,2014-01-03 21:00:00,4911.0,19.6,2014-01-03,False,Friday
139,44,3714.1412,1063.8588,2014-01-03 21:30:00,4778.0,18.9,2014-01-03,False,Friday
140,45,3667.964892,1053.035108,2014-01-03 22:00:00,4721.0,17.5,2014-01-03,False,Friday
141,46,3666.598254,1062.401746,2014-01-03 22:30:00,4729.0,17.1,2014-01-03,False,Friday
142,47,3987.423176,1058.576824,2014-01-03 23:00:00,5046.0,16.5,2014-01-03,False,Friday
143,48,4085.572022,1046.427978,2014-01-03 23:30:00,5132.0,16.1,2014-01-03,False,Friday
144,1,3774.738898,1060.261102,2014-01-04 00:00:00,4835.0,15.9,2014-01-04,False,Saturday
145,2,3498.125466,1069.874534,2014-01-04 00:30:00,4568.0,15.7,2014-01-04,False,Saturday
146,3,3342.527182,1018.472818,2014-01-04 01:00:00,4361.0,15.2,2014-01-04,False,Saturday
147,4,3222.914528,1012.085472,2014-01-04 01:30:00,4235.0,14.8,2014-01-04,False,Saturday
148,5,3111.715438,1017.284562,2014-01-04 02:00:00,4129.0,14.6,2014-01-04,False,Saturday
149,6,3035.06047,1056.93953,2014-01-04 02:30:00,4092.0,14.2,2014-01-04,False,Saturday
150,7,3008.393994,1046.606006,2014-01-04 03:00:00,4055.0,14.1,2014-01-04,False,Saturday
151,8,2996.982754,1061.017246,2014-01-04 03:30:00,4058.0,14.0,2014-01-04,False,Saturday
152,9,3007.503156,1051.496844,2014-01-04 04:00:00,4059.0,13.7,2014-01-04,False,Saturday
153,10,3038.00873,1036.99127,2014-01-04 04:30:00,4075.0,13.6,2014-01-04,False,Saturday
154,11,3083.77408,1051.22592,2014-01-04 05:00:00,4135.0,13.5,2014-01-04,False,Saturday
155,12,3142.089788,1035.910212,2014-01-04 05:30:00,4178.0,13.5,2014-01-04,False,Saturday
156,13,3274.006876,1037.993124,2014-01-04 06:00:00,4312.0,14.0,2014-01-04,False,Saturday
157,14,3395.256974,1046.743026,2014-01-04 06:30:00,4442.0,14.3,2014-01-04,False,Saturday
158,15,3427.237518,1034.762482,2014-01-04 07:00:00,4462.0,15.1,2014-01-04,False,Saturday
159,16,3540.030054,1043.969946,2014-01-04 07:30:00,4584.0,15.5,2014-01-04,False,Saturday
160,17,3683.40761,1052.59239,2014-01-04 08:00:00,4736.0,15.9,2014-01-04,False,Saturday
161,18,3711.51277,1031.48723,2014-01-04 08:30:00,4743.0,13.7,2014-01-04,False,Saturday
162,19,3717.246072,1044.753928,2014-01-04 09:00:00,4762.0,16.3,2014-01-04,False,Saturday
163,20,3728.827096,1052.172904,2014-01-04 09:30:00,4781.0,17.8,2014-01-04,False,Saturday
164,21,3772.42831,1050.57169,2014-01-04 10:00:00,4823.0,18.4,2014-01-04,False,Saturday
165,22,3800.522306,1022.477694,2014-01-04 10:30:00,4823.0,18.3,2014-01-04,False,Saturday
166,23,3776.413986,1044.586014,2014-01-04 11:00:00,4821.0,19.2,2014-01-04,False,Saturday
167,24,3749.193506,1045.806494,2014-01-04 11:30:00,4795.0,19.7,2014-01-04,False,Saturday
168,25,3751.112734,1048.887266,2014-01-04 12:00:00,4800.0,19.4,2014-01-04,False,Saturday
169,26,3744.484258,1043.515742,2014-01-04 12:30:00,4788.0,17.7,2014-01-04,False,Saturday
170,27,3707.246368,1044.753632,2014-01-04 13:00:00,4752.0,19.1,2014-01-04,False,Saturday
171,28,3721.62092,1051.37908,2014-01-04 13:30:00,4773.0,18.2,2014-01-04,False,Saturday
172,29,3739.25284,1052.74716,2014-01-04 14:00:00,4792.0,19.1,2014-01-04,False,Saturday
173,30,3734.496892,1038.503108,2014-01-04 14:30:00,4773.0,18.6,2014-01-04,False,Saturday
174,31,3770.482812,1040.517188,2014-01-04 15:00:00,4811.0,19.3,2014-01-04,False,Saturday
175,32,3885.234392,1045.765608,2014-01-04 15:30:00,4931.0,20.3,2014-01-04,False,Saturday
176,33,3915.133012,1027.866988,2014-01-04 16:00:00,4943.0,20.0,2014-01-04,False,Saturday
177,34,3959.06357,1027.93643,2014-01-04 16:30:00,4987.0,19.3,2014-01-04,False,Saturday
178,35,3934.501634,1046.498366,2014-01-04 17:00:00,4981.0,18.7,2014-01-04,False,Saturday
179,36,3922.533758,1028.466242,2014-01-04 17:30:00,4951.0,19.1,2014-01-04,False,Saturday
180,37,3898.359968,1030.640032,2014-01-04 18:00:00,4929.0,19.4,2014-01-04,False,Saturday
181,38,3856.20047,1041.79953,2014-01-04 18:30:00,4898.0,19.6,2014-01-04,False,Saturday
182,39,3806.530416,1023.469584,2014-01-04 19:00:00,4830.0,18.0,2014-01-04,False,Saturday
183,40,3852.25942,1022.74058,2014-01-04 19:30:00,4875.0,17.4,2014-01-04,False,Saturday
184,41,3961.912628,1046.087372,2014-01-04 20:00:00,5008.0,17.6,2014-01-04,False,Saturday
185,42,3938.343116,1025.656884,2014-01-04 20:30:00,4964.0,17.1,2014-01-04,False,Saturday
186,43,3829.829584,1020.170416,2014-01-04 21:00:00,4850.0,17.1,2014-01-04,False,Saturday
187,44,3681.507118,1029.492882,2014-01-04 21:30:00,4711.0,16.8,2014-01-04,False,Saturday
188,45,3624.817632,1046.182368,2014-01-04 22:00:00,4671.0,16.6,2014-01-04,False,Saturday
189,46,3651.75037,1041.24963,2014-01-04 22:30:00,4693.0,16.2,2014-01-04,False,Saturday
190,47,3987.042536,1038.957464,2014-01-04 23:00:00,5026.0,15.9,2014-01-04,False,Saturday
191,48,4102.610204,1038.389796,2014-01-04 23:30:00,5141.0,16.0,2014-01-04,False,Saturday
192,1,3820.482476,1026.517524,2014-01-05 00:00:00,4847.0,15.1,2014-01-05,False,Sunday
193,2,3543.886924,1055.113076,2014-01-05 00:30:00,4599.0,14.7,2014-01-05,False,Sunday
194,3,3363.890132,1029.109868,2014-01-05 01:00:00,4393.0,14.4,2014-01-05,False,Sunday
195,4,3202.838248,1038.161752,2014-01-05 01:30:00,4241.0,14.1,2014-01-05,False,Sunday
196,5,3078.8325,1061.1675,2014-01-05 02:00:00,4140.0,13.2,2014-01-05,False,Sunday
197,6,2993.596324,1051.403676,2014-01-05 02:30:00,4045.0,12.9,2014-01-05,False,Sunday
198,7,2947.511162,1056.488838,2014-01-05 03:00:00,4004.0,12.2,2014-01-05,False,Sunday
199,8,2917.880556,1061.119444,2014-01-05 03:30:00,3979.0,11.8,2014-01-05,False,Sunday
200,9,2952.40511,1047.59489,2014-01-05 04:00:00,4000.0,11.6,2014-01-05,False,Sunday
201,10,2959.63373,1045.36627,2014-01-05 04:30:00,4005.0,11.4,2014-01-05,False,Sunday
202,11,2949.767458,1033.232542,2014-01-05 05:00:00,3983.0,11.0,2014-01-05,False,Sunday
203,12,2968.568966,1038.431034,2014-01-05 05:30:00,4007.0,10.9,2014-01-05,False,Sunday
204,13,3099.287838,1030.712162,2014-01-05 06:00:00,4130.0,11.6,2014-01-05,False,Sunday
205,14,3213.91223,1047.08777,2014-01-05 06:30:00,4261.0,13.0,2014-01-05,False,Sunday
206,15,3205.03515,1034.96485,2014-01-05 07:00:00,4240.0,15.8,2014-01-05,False,Sunday
207,16,3267.455682,1041.544318,2014-01-05 07:30:00,4309.0,16.4,2014-01-05,False,Sunday
208,17,3342.887522,1038.112478,2014-01-05 08:00:00,4381.0,16.9,2014-01-05,False,Sunday
209,18,3396.89408,1052.10592,2014-01-05 08:30:00,4449.0,17.3,2014-01-05,False,Sunday
210,19,3481.69289,1059.30711,2014-01-05 09:00:00,4541.0,19.1,2014-01-05,False,Sunday
211,20,3504.468156,1030.531844,2014-01-05 09:30:00,4535.0,20.1,2014-01-05,False,Sunday
212,21,3510.348816,1036.651184,2014-01-05 10:00:00,4547.0,20.5,2014-01-05,False,Sunday
213,22,3521.702136,1040.297864,2014-01-05 10:30:00,4562.0,21.7,2014-01-05,False,Sunday
214,23,3545.954838,914.045162,2014-01-05 11:00:00,4460.0,22.1,2014-01-05,False,Sunday
215,24,3564.359908,1058.640092,2014-01-05 11:30:00,4623.0,23.1,2014-01-05,False,Sunday
216,25,3560.88508,1040.11492,2014-01-05 12:00:00,4601.0,23.7,2014-01-05,False,Sunday
217,26,3579.818596,1046.181404,2014-01-05 12:30:00,4626.0,25.0,2014-01-05,False,Sunday
218,27,3631.0942,1058.9058,2014-01-05 13:00:00,4690.0,24.9,2014-01-05,False,Sunday
219,28,3679.93117,1037.06883,2014-01-05 13:30:00,4717.0,25.6,2014-01-05,False,Sunday
220,29,3718.098704,1032.901296,2014-01-05 14:00:00,4751.0,25.4,2014-01-05,False,Sunday
221,30,3865.038748,1046.961252,2014-01-05 14:30:00,4912.0,26.1,2014-01-05,False,Sunday
222,31,3942.630122,1031.369878,2014-01-05 15:00:00,4974.0,24.9,2014-01-05,False,Sunday
223,32,3956.604772,1031.395228,2014-01-05 15:30:00,4988.0,15.8,2014-01-05,False,Sunday
224,33,3953.425472,1052.574528,2014-01-05 16:00:00,5006.0,15.3,2014-01-05,False,Sunday
225,34,3952.49837,1034.50163,2014-01-05 16:30:00,4987.0,15.8,2014-01-05,False,Sunday
226,35,3941.403842,1037.596158,2014-01-05 17:00:00,4979.0,17.7,2014-01-05,False,Sunday
227,36,3910.891606,1045.108394,2014-01-05 17:30:00,4956.0,18.9,2014-01-05,False,Sunday
228,37,3870.565038,1032.434962,2014-01-05 18:00:00,4903.0,19.4,2014-01-05,False,Sunday
229,38,3828.2565,1031.7435,2014-01-05 18:30:00,4860.0,19.4,2014-01-05,False,Sunday
230,39,3795.11124,1032.88876,2014-01-05 19:00:00,4828.0,19.4,2014-01-05,False,Sunday
231,40,3830.828576,1031.171424,2014-01-05 19:30:00,4862.0,19.1,2014-01-05,False,Sunday
232,41,3910.689658,1057.310342,2014-01-05 20:00:00,4968.0,18.7,2014-01-05,False,Sunday
233,42,3871.74529,1024.25471,2014-01-05 20:30:00,4896.0,18.4,2014-01-05,False,Sunday
234,43,3762.600692,1041.399308,2014-01-05 21:00:00,4804.0,17.8,2014-01-05,False,Sunday
235,44,3604.366808,1051.633192,2014-01-05 21:30:00,4656.0,17.6,2014-01-05,False,Sunday
236,45,3551.697046,1048.302954,2014-01-05 22:00:00,4600.0,17.0,2014-01-05,False,Sunday
237,46,3571.720902,1050.279098,2014-01-05 22:30:00,4622.0,16.5,2014-01-05,False,Sunday
238,47,3883.774452,1055.225548,2014-01-05 23:00:00,4939.0,16.0,2014-01-05,False,Sunday
239,48,3988.205156,1040.794844,2014-01-05 23:30:00,5029.0,15.6,2014-01-05,False,Sunday
240,1,3719.59613,1035.40387,2014-01-06 00:00:00,4755.0,15.1,2014-01-06,False,Monday
241,2,3485.067988,1041.932012,2014-01-06 00:30:00,4527.0,14.7,2014-01-06,False,Monday
242,3,3338.926098,1021.073902,2014-01-06 01:00:00,4360.0,14.2,2014-01-06,False,Monday
243,4,3202.846404,1039.153596,2014-01-06 01:30:00,4242.0,13.9,2014-01-06,False,Monday
244,5,3112.355054,1036.644946,2014-01-06 02:00:00,4149.0,14.1,2014-01-06,False,Monday
245,6,3058.092936,1036.907064,2014-01-06 02:30:00,4095.0,14.1,2014-01-06,False,Monday
246,7,3039.462354,1043.537646,2014-01-06 03:00:00,4083.0,13.7,2014-01-06,False,Monday
247,8,3043.254404,1038.745596,2014-01-06 03:30:00,4082.0,13.3,2014-01-06,False,Monday
248,9,3128.979672,1037.020328,2014-01-06 04:00:00,4166.0,13.1,2014-01-06,False,Monday
249,10,3273.805898,1042.194102,2014-01-06 04:30:00,4316.0,12.9,2014-01-06,False,Monday
250,11,3462.907988,1017.092012,2014-01-06 05:00:00,4480.0,13.0,2014-01-06,False,Monday
251,12,3676.754478,991.245522,2014-01-06 05:30:00,4668.0,12.9,2014-01-06,False,Monday
252,13,3984.268732,1044.731268,2014-01-06 06:00:00,5029.0,13.2,2014-01-06,False,Monday
253,14,4261.157694,1005.842306,2014-01-06 06:30:00,5267.0,13.4,2014-01-06,False,Monday
254,15,4254.75206,936.24794,2014-01-06 07:00:00,5191.0,13.6,2014-01-06,False,Monday
255,16,4359.81022,975.18978,2014-01-06 07:30:00,5335.0,14.2,2014-01-06,False,Monday
256,17,4459.59318,990.40682,2014-01-06 08:00:00,5450.0,15.0,2014-01-06,False,Monday
257,18,4502.685018,988.314982,2014-01-06 08:30:00,5491.0,15.8,2014-01-06,False,Monday
258,19,4516.317564,1039.682436,2014-01-06 09:00:00,5556.0,16.3,2014-01-06,False,Monday
259,20,4549.417994,1020.582006,2014-01-06 09:30:00,5570.0,17.2,2014-01-06,False,Monday
260,21,4547.234312,1043.765688,2014-01-06 10:00:00,5591.0,17.5,2014-01-06,False,Monday
261,22,4542.152438,1034.847562,2014-01-06 10:30:00,5577.0,17.1,2014-01-06,False,Monday
262,23,4532.854146,1035.145854,2014-01-06 11:00:00,5568.0,17.6,2014-01-06,False,Monday
263,24,4515.69931,1032.30069,2014-01-06 11:30:00,5548.0,17.9,2014-01-06,False,Monday
264,25,4480.782342,1049.217658,2014-01-06 12:00:00,5530.0,18.2,2014-01-06,False,Monday
265,26,4458.821342,1045.178658,2014-01-06 12:30:00,5504.0,18.6,2014-01-06,False,Monday
266,27,4462.757038,1055.242962,2014-01-06 13:00:00,5518.0,18.3,2014-01-06,False,Monday
267,28,4451.04178,1054.95822,2014-01-06 13:30:00,5506.0,18.7,2014-01-06,False,Monday
268,29,4424.849944,1054.150056,2014-01-06 14:00:00,5479.0,18.2,2014-01-06,False,Monday
269,30,4410.456014,1066.543986,2014-01-06 14:30:00,5477.0,19.4,2014-01-06,False,Monday
270,31,4433.307636,1063.692364,2014-01-06 15:00:00,5497.0,19.3,2014-01-06,False,Monday
271,32,4473.63679,1065.36321,2014-01-06 15:30:00,5539.0,19.6,2014-01-06,False,Monday
272,33,4519.049386,1064.950614,2014-01-06 16:00:00,5584.0,18.8,2014-01-06,False,Monday
273,34,4559.664836,1041.335164,2014-01-06 16:30:00,5601.0,18.7,2014-01-06,False,Monday
274,35,4502.69315,1070.30685,2014-01-06 17:00:00,5573.0,18.9,2014-01-06,False,Monday
275,36,4442.570472,1051.429528,2014-01-06 17:30:00,5494.0,17.9,2014-01-06,False,Monday
276,37,4333.977432,1065.022568,2014-01-06 18:00:00,5399.0,17.3,2014-01-06,False,Monday
277,38,4268.983066,1040.016934,2014-01-06 18:30:00,5309.0,16.6,2014-01-06,False,Monday
278,39,4244.719868,1055.280132,2014-01-06 19:00:00,5300.0,15.8,2014-01-06,False,Monday
279,40,4274.594694,1050.405306,2014-01-06 19:30:00,5325.0,15.8,2014-01-06,False,Monday
280,41,4322.921018,1053.078982,2014-01-06 20:00:00,5376.0,15.5,2014-01-06,False,Monday
281,42,4228.647892,1073.352108,2014-01-06 20:30:00,5302.0,15.2,2014-01-06,False,Monday
282,43,4055.832796,1058.167204,2014-01-06 21:00:00,5114.0,15.1,2014-01-06,False,Monday
283,44,3859.925974,1048.074026,2014-01-06 21:30:00,4908.0,15.4,2014-01-06,False,Monday
284,45,3807.952376,1063.047624,2014-01-06 22:00:00,4871.0,15.4,2014-01-06,False,Monday
285,46,3783.924306,1072.075694,2014-01-06 22:30:00,4856.0,14.9,2014-01-06,False,Monday
286,47,4119.27723,1036.72277,2014-01-06 23:00:00,5156.0,15.0,2014-01-06,False,Monday
287,48,4240.41538,1044.58462,2014-01-06 23:30:00,5285.0,14.8,2014-01-06,False,Monday
288,1,3962.86957,1063.13043,2014-01-07 00:00:00,5026.0,14.6,2014-01-07,False,Tuesday
289,2,3722.311942,1068.688058,2014-01-07 00:30:00,4791.0,14.4,2014-01-07,False,Tuesday
290,3,3534.808084,1049.191916,2014-01-07 01:00:00,4584.0,14.7,2014-01-07,False,Tuesday
291,4,3394.749116,1065.250884,2014-01-07 01:30:00,4460.0,14.5,2014-01-07,False,Tuesday
292,5,3284.59146,1058.40854,2014-01-07 02:00:00,4343.0,14.5,2014-01-07,False,Tuesday
293,6,3208.123896,1061.876104,2014-01-07 02:30:00,4270.0,14.3,2014-01-07,False,Tuesday
294,7,3196.29653,1074.70347,2014-01-07 03:00:00,4271.0,14.1,2014-01-07,False,Tuesday
295,8,3209.987926,1058.012074,2014-01-07 03:30:00,4268.0,14.2,2014-01-07,False,Tuesday
296,9,3285.290394,1058.709606,2014-01-07 04:00:00,4344.0,14.3,2014-01-07,False,Tuesday
297,10,3434.46111,1047.53889,2014-01-07 04:30:00,4482.0,14.3,2014-01-07,False,Tuesday
298,11,3695.167424,1055.832576,2014-01-07 05:00:00,4751.0,14.4,2014-01-07,False,Tuesday
299,12,3919.870546,1065.129454,2014-01-07 05:30:00,4985.0,14.6,2014-01-07,False,Tuesday
300,13,4204.135826,1030.864174,2014-01-07 06:00:00,5235.0,14.5,2014-01-07,False,Tuesday
301,14,4450.945204,1020.054796,2014-01-07 06:30:00,5471.0,15.4,2014-01-07,False,Tuesday
302,15,4467.67286,1073.32714,2014-01-07 07:00:00,5541.0,15.2,2014-01-07,False,Tuesday
303,16,4551.125076,1036.874924,2014-01-07 07:30:00,5588.0,15.9,2014-01-07,False,Tuesday
304,17,4600.629338,1044.370662,2014-01-07 08:00:00,5645.0,15.7,2014-01-07,False,Tuesday
305,18,4595.390178,1030.609822,2014-01-07 08:30:00,5626.0,15.9,2014-01-07,False,Tuesday
306,19,4567.828508,592.171492,2014-01-07 09:00:00,5160.0,15.7,2014-01-07,False,Tuesday
307,20,4555.404038,905.595962,2014-01-07 09:30:00,5461.0,15.4,2014-01-07,False,Tuesday
308,21,4573.430474,1060.569526,2014-01-07 10:00:00,5634.0,16.1,2014-01-07,False,Tuesday
309,22,4557.918282,1066.081718,2014-01-07 10:30:00,5624.0,16.8,2014-01-07,False,Tuesday
310,23,4544.444148,1073.555852,2014-01-07 11:00:00,5618.0,17.2,2014-01-07,False,Tuesday
311,24,4518.78671,1078.21329,2014-01-07 11:30:00,5597.0,17.8,2014-01-07,False,Tuesday
312,25,4494.485692,1057.514308,2014-01-07 12:00:00,5552.0,17.6,2014-01-07,False,Tuesday
313,26,4459.28875,1076.71125,2014-01-07 12:30:00,5536.0,17.8,2014-01-07,False,Tuesday
314,27,4440.49601,1048.50399,2014-01-07 13:00:00,5489.0,18.1,2014-01-07,False,Tuesday
315,28,4442.752276,1083.247724,2014-01-07 13:30:00,5526.0,19.4,2014-01-07,False,Tuesday
316,29,4423.116558,1056.883442,2014-01-07 14:00:00,5480.0,19.6,2014-01-07,False,Tuesday
317,30,4425.522028,1074.477972,2014-01-07 14:30:00,5500.0,19.6,2014-01-07,False,Tuesday
318,31,4450.494496,1053.505504,2014-01-07 15:00:00,5504.0,19.8,2014-01-07,False,Tuesday
319,32,4520.797652,1069.202348,2014-01-07 15:30:00,5590.0,20.0,2014-01-07,False,Tuesday
320,33,4569.899516,1069.100484,2014-01-07 16:00:00,5639.0,19.3,2014-01-07,False,Tuesday
321,34,4587.551608,1066.448392,2014-01-07 16:30:00,5654.0,19.4,2014-01-07,False,Tuesday
322,35,4494.593026,1061.406974,2014-01-07 17:00:00,5556.0,19.6,2014-01-07,False,Tuesday
323,36,4437.26234,1053.73766,2014-01-07 17:30:00,5491.0,19.5,2014-01-07,False,Tuesday
324,37,4365.532744,1052.467256,2014-01-07 18:00:00,5418.0,18.7,2014-01-07,False,Tuesday
325,38,4309.702482,1042.297518,2014-01-07 18:30:00,5352.0,17.1,2014-01-07,False,Tuesday
326,39,4257.904652,1047.095348,2014-01-07 19:00:00,5305.0,16.7,2014-01-07,False,Tuesday
327,40,4281.547212,1032.452788,2014-01-07 19:30:00,5314.0,16.1,2014-01-07,False,Tuesday
328,41,4324.25664,1063.74336,2014-01-07 20:00:00,5388.0,15.7,2014-01-07,False,Tuesday
329,42,4268.71692,1060.28308,2014-01-07 20:30:00,5329.0,15.4,2014-01-07,False,Tuesday
330,43,4121.007508,1053.992492,2014-01-07 21:00:00,5175.0,15.0,2014-01-07,False,Tuesday
331,44,3946.553642,1079.446358,2014-01-07 21:30:00,5026.0,14.8,2014-01-07,False,Tuesday
332,45,3877.289074,1056.710926,2014-01-07 22:00:00,4934.0,14.5,2014-01-07,False,Tuesday
333,46,3875.75853,1069.24147,2014-01-07 22:30:00,4945.0,14.3,2014-01-07,False,Tuesday
334,47,4214.003682,1027.996318,2014-01-07 23:00:00,5242.0,14.1,2014-01-07,False,Tuesday
335,48,4278.116018,1053.883982,2014-01-07 23:30:00,5332.0,13.8,2014-01-07,False,Tuesday
336,1,3996.75715,1070.24285,2014-01-08 00:00:00,5067.0,13.4,2014-01-08,False,Wednesday
337,2,3770.036462,1081.963538,2014-01-08 00:30:00,4852.0,13.2,2014-01-08,False,Wednesday
338,3,3595.81178,1048.18822,2014-01-08 01:00:00,4644.0,13.0,2014-01-08,False,Wednesday
339,4,3444.195172,1072.804828,2014-01-08 01:30:00,4517.0,12.9,2014-01-08,False,Wednesday
340,5,3341.720232,1025.279768,2014-01-08 02:00:00,4367.0,12.7,2014-01-08,False,Wednesday
341,6,3270.71287,1021.28713,2014-01-08 02:30:00,4292.0,12.6,2014-01-08,False,Wednesday
342,7,3244.656878,1020.343122,2014-01-08 03:00:00,4265.0,12.6,2014-01-08,False,Wednesday
343,8,3259.353282,1018.646718,2014-01-08 03:30:00,4278.0,12.3,2014-01-08,False,Wednesday
344,9,3327.696022,1006.303978,2014-01-08 04:00:00,4334.0,12.4,2014-01-08,False,Wednesday
345,10,3445.874032,1006.125968,2014-01-08 04:30:00,4452.0,12.3,2014-01-08,False,Wednesday
346,11,3676.55763,1004.44237,2014-01-08 05:00:00,4681.0,12.3,2014-01-08,False,Wednesday
347,12,3891.809998,1010.190002,2014-01-08 05:30:00,4902.0,12.0,2014-01-08,False,Wednesday
348,13,4207.981824,984.018176,2014-01-08 06:00:00,5192.0,11.9,2014-01-08,False,Wednesday
349,14,4461.025276,1007.974724,2014-01-08 06:30:00,5469.0,12.0,2014-01-08,False,Wednesday
350,15,4424.698846,1007.301154,2014-01-08 07:00:00,5432.0,13.7,2014-01-08,False,Wednesday
351,16,4505.592792,1010.407208,2014-01-08 07:30:00,5516.0,14.6,2014-01-08,False,Wednesday
352,17,4538.734454,1010.265546,2014-01-08 08:00:00,5549.0,15.3,2014-01-08,False,Wednesday
353,18,4519.545234,1006.454766,2014-01-08 08:30:00,5526.0,16.4,2014-01-08,False,Wednesday
354,19,4525.08995,1007.91005,2014-01-08 09:00:00,5533.0,17.3,2014-01-08,False,Wednesday
355,20,4546.690278,1010.309722,2014-01-08 09:30:00,5557.0,18.2,2014-01-08,False,Wednesday
356,21,4562.070052,1013.929948,2014-01-08 10:00:00,5576.0,18.8,2014-01-08,False,Wednesday
357,22,4616.375476,1013.624524,2014-01-08 10:30:00,5630.0,20.1,2014-01-08,False,Wednesday
358,23,4654.653738,1017.346262,2014-01-08 11:00:00,5672.0,21.5,2014-01-08,False,Wednesday
359,24,4664.605538,1015.394462,2014-01-08 11:30:00,5680.0,22.8,2014-01-08,False,Wednesday
360,25,4682.88284,1015.11716,2014-01-08 12:00:00,5698.0,23.3,2014-01-08,False,Wednesday
361,26,4699.736102,1014.263898,2014-01-08 12:30:00,5714.0,24.4,2014-01-08,False,Wednesday
362,27,4729.884604,1013.115396,2014-01-08 13:00:00,5743.0,23.5,2014-01-08,False,Wednesday
363,28,4765.00146,1010.99854,2014-01-08 13:30:00,5776.0,23.4,2014-01-08,False,Wednesday
364,29,4798.142122,1014.857878,2014-01-08 14:00:00,5813.0,24.4,2014-01-08,False,Wednesday
365,30,4839.597694,1015.402306,2014-01-08 14:30:00,5855.0,25.5,2014-01-08,False,Wednesday
366,31,4913.926398,1011.073602,2014-01-08 15:00:00,5925.0,27.4,2014-01-08,False,Wednesday
367,32,4985.39048,1013.60952,2014-01-08 15:30:00,5999.0,26.3,2014-01-08,False,Wednesday
368,33,5002.609398,1007.390602,2014-01-08 16:00:00,6010.0,26.1,2014-01-08,False,Wednesday
369,34,4985.620712,1011.379288,2014-01-08 16:30:00,5997.0,26.1,2014-01-08,False,Wednesday
370,35,4850.582828,1015.417172,2014-01-08 17:00:00,5866.0,25.5,2014-01-08,False,Wednesday
371,36,4744.616946,1008.383054,2014-01-08 17:30:00,5753.0,24.8,2014-01-08,False,Wednesday
372,37,4595.458876,1008.541124,2014-01-08 18:00:00,5604.0,23.8,2014-01-08,False,Wednesday
373,38,4484.717276,1007.282724,2014-01-08 18:30:00,5492.0,22.7,2014-01-08,False,Wednesday
374,39,4367.721222,1008.278778,2014-01-08 19:00:00,5376.0,21.8,2014-01-08,False,Wednesday
375,40,4336.002376,1012.997624,2014-01-08 19:30:00,5349.0,20.8,2014-01-08,False,Wednesday
376,41,4402.506314,1014.493686,2014-01-08 20:00:00,5417.0,20.2,2014-01-08,False,Wednesday
377,42,4337.673298,1019.326702,2014-01-08 20:30:00,5357.0,19.5,2014-01-08,False,Wednesday
378,43,4147.888722,1022.111278,2014-01-08 21:00:00,5170.0,19.1,2014-01-08,False,Wednesday
379,44,3945.394506,1023.605494,2014-01-08 21:30:00,4969.0,18.7,2014-01-08,False,Wednesday
380,45,3868.934226,1019.065774,2014-01-08 22:00:00,4888.0,18.4,2014-01-08,False,Wednesday
381,46,3870.213776,1017.786224,2014-01-08 22:30:00,4888.0,18.1,2014-01-08,False,Wednesday
382,47,4205.585382,1015.414618,2014-01-08 23:00:00,5221.0,17.8,2014-01-08,False,Wednesday
383,48,4285.196792,1018.803208,2014-01-08 23:30:00,5304.0,17.1,2014-01-08,False,Wednesday
384,1,3973.774928,1026.225072,2014-01-09 00:00:00,5000.0,17.3,2014-01-09,False,Thursday
385,2,3721.904564,1017.095436,2014-01-09 00:30:00,4739.0,16.9,2014-01-09,False,Thursday
386,3,3575.277122,1017.722878,2014-01-09 01:00:00,4593.0,16.5,2014-01-09,False,Thursday
387,4,3442.18984,1022.81016,2014-01-09 01:30:00,4465.0,16.3,2014-01-09,False,Thursday
388,5,3341.21706,1020.78294,2014-01-09 02:00:00,4362.0,15.7,2014-01-09,False,Thursday
389,6,3262.791734,1015.208266,2014-01-09 02:30:00,4278.0,15.4,2014-01-09,False,Thursday
390,7,3248.068566,1019.931434,2014-01-09 03:00:00,4268.0,15.1,2014-01-09,False,Thursday
391,8,3267.035096,1006.964904,2014-01-09 03:30:00,4274.0,15.0,2014-01-09,False,Thursday
392,9,3353.540822,1007.459178,2014-01-09 04:00:00,4361.0,14.4,2014-01-09,False,Thursday
393,10,3484.024886,1004.975114,2014-01-09 04:30:00,4489.0,14.4,2014-01-09,False,Thursday
394,11,3699.498644,1000.501356,2014-01-09 05:00:00,4700.0,14.4,2014-01-09,False,Thursday
395,12,3918.051084,1002.948916,2014-01-09 05:30:00,4921.0,14.7,2014-01-09,False,Thursday
396,13,4223.170052,1007.829948,2014-01-09 06:00:00,5231.0,15.0,2014-01-09,False,Thursday
397,14,4503.683824,1013.316176,2014-01-09 06:30:00,5517.0,15.3,2014-01-09,False,Thursday
398,15,4538.660268,1014.339732,2014-01-09 07:00:00,5553.0,16.3,2014-01-09,False,Thursday
399,16,4671.97676,1014.02324,2014-01-09 07:30:00,5686.0,17.8,2014-01-09,False,Thursday
400,17,4768.833282,1008.166718,2014-01-09 08:00:00,5777.0,18.3,2014-01-09,False,Thursday
401,18,4818.014722,1007.985278,2014-01-09 08:30:00,5826.0,19.4,2014-01-09,False,Thursday
402,19,4877.36794,989.63206,2014-01-09 09:00:00,5867.0,20.2,2014-01-09,False,Thursday
403,20,4938.950334,1018.049666,2014-01-09 09:30:00,5957.0,21.5,2014-01-09,False,Thursday
404,21,5007.33693,1007.66307,2014-01-09 10:00:00,6015.0,23.5,2014-01-09,False,Thursday
405,22,5073.37337,1007.62663,2014-01-09 10:30:00,6081.0,25.0,2014-01-09,False,Thursday
406,23,5162.103334,1008.896666,2014-01-09 11:00:00,6171.0,27.1,2014-01-09,False,Thursday
407,24,5246.633834,1015.366166,2014-01-09 11:30:00,6262.0,28.3,2014-01-09,False,Thursday
408,25,5318.813716,1012.186284,2014-01-09 12:00:00,6331.0,27.9,2014-01-09,False,Thursday
409,26,5397.448126,1011.551874,2014-01-09 12:30:00,6409.0,28.9,2014-01-09,False,Thursday
410,27,5500.591726,1014.408274,2014-01-09 13:00:00,6515.0,29.8,2014-01-09,False,Thursday
411,28,5575.39676,1018.60324,2014-01-09 13:30:00,6594.0,31.7,2014-01-09,False,Thursday
412,29,5661.471578,1018.528422,2014-01-09 14:00:00,6680.0,30.8,2014-01-09,False,Thursday
413,30,5754.91,1015.09,2014-01-09 14:30:00,6770.0,30.6,2014-01-09,False,Thursday
414,31,5849.43657,1016.56343,2014-01-09 15:00:00,6866.0,32.0,2014-01-09,False,Thursday
415,32,5927.33732,1024.66268,2014-01-09 15:30:00,6952.0,32.4,2014-01-09,False,Thursday
416,33,5963.749442,1019.250558,2014-01-09 16:00:00,6983.0,31.9,2014-01-09,False,Thursday
417,34,5969.137482,1016.862518,2014-01-09 16:30:00,6986.0,31.6,2014-01-09,False,Thursday
418,35,5857.575968,1017.424032,2014-01-09 17:00:00,6875.0,31.1,2014-01-09,False,Thursday
419,36,5776.994666,1008.005334,2014-01-09 17:30:00,6785.0,30.2,2014-01-09,False,Thursday
420,37,5628.821762,1010.178238,2014-01-09 18:00:00,6639.0,30.1,2014-01-09,False,Thursday
421,38,5513.809324,1010.190676,2014-01-09 18:30:00,6524.0,29.4,2014-01-09,False,Thursday
422,39,5370.216308,1005.783692,2014-01-09 19:00:00,6376.0,29.0,2014-01-09,False,Thursday
423,40,5271.710192,1013.289808,2014-01-09 19:30:00,6285.0,28.7,2014-01-09,False,Thursday
424,41,5219.583202,1009.416798,2014-01-09 20:00:00,6229.0,28.1,2014-01-09,False,Thursday
425,42,5062.725122,1014.274878,2014-01-09 20:30:00,6077.0,27.6,2014-01-09,False,Thursday
426,43,4824.738738,1017.261262,2014-01-09 21:00:00,5842.0,26.1,2014-01-09,False,Thursday
427,44,4546.728926,1016.271074,2014-01-09 21:30:00,5563.0,25.8,2014-01-09,False,Thursday
428,45,4398.900452,1009.099548,2014-01-09 22:00:00,5408.0,24.8,2014-01-09,False,Thursday
429,46,4335.299712,1020.700288,2014-01-09 22:30:00,5356.0,24.6,2014-01-09,False,Thursday
430,47,4607.38826,1016.61174,2014-01-09 23:00:00,5624.0,25.0,2014-01-09,False,Thursday
431,48,4627.939872,1019.060128,2014-01-09 23:30:00,5647.0,24.7,2014-01-09,False,Thursday
432,1,4284.699262,1018.300738,2014-01-10 00:00:00,5303.0,24.1,2014-01-10,False,Friday
433,2,4032.197088,1017.802912,2014-01-10 00:30:00,5050.0,24.0,2014-01-10,False,Friday
434,3,3846.606852,1017.393148,2014-01-10 01:00:00,4864.0,23.9,2014-01-10,False,Friday
435,4,3695.61914,1019.38086,2014-01-10 01:30:00,4715.0,23.8,2014-01-10,False,Friday
436,5,3590.796732,1020.203268,2014-01-10 02:00:00,4611.0,23.6,2014-01-10,False,Friday
437,6,3519.998438,1018.001562,2014-01-10 02:30:00,4538.0,23.4,2014-01-10,False,Friday
438,7,3491.261962,1018.738038,2014-01-10 03:00:00,4510.0,23.2,2014-01-10,False,Friday
439,8,3502.045154,1022.954846,2014-01-10 03:30:00,4525.0,22.7,2014-01-10,False,Friday
440,9,3575.56968,1012.43032,2014-01-10 04:00:00,4588.0,22.3,2014-01-10,False,Friday
441,10,3716.905066,1017.094934,2014-01-10 04:30:00,4734.0,22.1,2014-01-10,False,Friday
442,11,3933.689832,1021.310168,2014-01-10 05:00:00,4955.0,21.8,2014-01-10,False,Friday
443,12,4173.211714,1025.788286,2014-01-10 05:30:00,5199.0,21.7,2014-01-10,False,Friday
444,13,4525.142142,1036.857858,2014-01-10 06:00:00,5562.0,22.1,2014-01-10,False,Friday
445,14,4849.164178,1071.835822,2014-01-10 06:30:00,5921.0,22.6,2014-01-10,False,Friday
446,15,4958.596898,1058.403102,2014-01-10 07:00:00,6017.0,23.9,2014-01-10,False,Friday
447,16,5145.765748,1074.234252,2014-01-10 07:30:00,6220.0,24.2,2014-01-10,False,Friday
448,17,5289.341778,1058.658222,2014-01-10 08:00:00,6348.0,24.8,2014-01-10,False,Friday
449,18,5394.818584,1086.181416,2014-01-10 08:30:00,6481.0,25.5,2014-01-10,False,Friday
450,19,5525.025436,1027.974564,2014-01-10 09:00:00,6553.0,27.0,2014-01-10,False,Friday
451,20,5646.458126,1036.541874,2014-01-10 09:30:00,6683.0,27.2,2014-01-10,False,Friday
452,21,5756.06863,1063.93137,2014-01-10 10:00:00,6820.0,27.7,2014-01-10,False,Friday
453,22,5859.969376,1069.030624,2014-01-10 10:30:00,6929.0,28.4,2014-01-10,False,Friday
454,23,5972.207604,1054.792396,2014-01-10 11:00:00,7027.0,29.1,2014-01-10,False,Friday
455,24,6104.625858,1073.374142,2014-01-10 11:30:00,7178.0,30.4,2014-01-10,False,Friday
456,25,6228.931868,1078.068132,2014-01-10 12:00:00,7307.0,30.8,2014-01-10,False,Friday
457,26,6362.414414,1072.585586,2014-01-10 12:30:00,7435.0,31.7,2014-01-10,False,Friday
458,27,6471.76084,1074.23916,2014-01-10 13:00:00,7546.0,31.3,2014-01-10,False,Friday
459,28,6625.164924,1076.835076,2014-01-10 13:30:00,7702.0,32.5,2014-01-10,False,Friday
460,29,6736.274046,1036.725954,2014-01-10 14:00:00,7773.0,33.2,2014-01-10,False,Friday
461,30,6837.513708,1085.486292,2014-01-10 14:30:00,7923.0,32.7,2014-01-10,False,Friday
462,31,6943.774802,1072.225198,2014-01-10 15:00:00,8016.0,32.9,2014-01-10,False,Friday
463,32,7019.610498,1068.389502,2014-01-10 15:30:00,8088.0,33.4,2014-01-10,False,Friday
464,33,7037.339106,1074.660894,2014-01-10 16:00:00,8112.0,33.9,2014-01-10,False,Friday
465,34,7031.995738,1057.004262,2014-01-10 16:30:00,8089.0,34.0,2014-01-10,False,Friday
466,35,6901.768624,1066.231376,2014-01-10 17:00:00,7968.0,33.9,2014-01-10,False,Friday
467,36,6808.80808,1070.19192,2014-01-10 17:30:00,7879.0,33.8,2014-01-10,False,Friday
468,37,6654.71591,1051.28409,2014-01-10 18:00:00,7706.0,33.5,2014-01-10,False,Friday
469,38,6467.185502,1062.814498,2014-01-10 18:30:00,7530.0,33.0,2014-01-10,False,Friday
470,39,6259.357228,1075.642772,2014-01-10 19:00:00,7335.0,32.7,2014-01-10,False,Friday
471,40,6103.52907,1055.47093,2014-01-10 19:30:00,7159.0,32.3,2014-01-10,False,Friday
472,41,6001.258294,1065.741706,2014-01-10 20:00:00,7067.0,31.7,2014-01-10,False,Friday
473,42,5796.17259,1082.82741,2014-01-10 20:30:00,6879.0,31.3,2014-01-10,False,Friday
474,43,5469.918952,1071.081048,2014-01-10 21:00:00,6541.0,30.9,2014-01-10,False,Friday
475,44,5138.630498,1076.369502,2014-01-10 21:30:00,6215.0,25.7,2014-01-10,False,Friday
476,45,4872.204062,1088.795938,2014-01-10 22:00:00,5961.0,24.2,2014-01-10,False,Friday
477,46,4717.181052,1071.818948,2014-01-10 22:30:00,5789.0,23.6,2014-01-10,False,Friday
478,47,4903.454734,1076.545266,2014-01-10 23:00:00,5980.0,23.3,2014-01-10,False,Friday
479,48,4819.637018,1088.362982,2014-01-10 23:30:00,5908.0,22.5,2014-01-10,False,Friday
480,1,4414.06842,1073.93158,2014-01-11 00:00:00,5488.0,22.4,2014-01-11,False,Saturday
481,2,4114.232072,1074.767928,2014-01-11 00:30:00,5189.0,22.2,2014-01-11,False,Saturday
482,3,3897.225486,1064.774514,2014-01-11 01:00:00,4962.0,21.4,2014-01-11,False,Saturday
483,4,3742.516822,1076.483178,2014-01-11 01:30:00,4819.0,21.1,2014-01-11,False,Saturday
484,5,3636.62612,1086.37388,2014-01-11 02:00:00,4723.0,20.6,2014-01-11,False,Saturday
485,6,3538.485914,1069.514086,2014-01-11 02:30:00,4608.0,20.4,2014-01-11,False,Saturday
486,7,3491.921756,1065.078244,2014-01-11 03:00:00,4557.0,20.1,2014-01-11,False,Saturday
487,8,3470.815618,1080.184382,2014-01-11 03:30:00,4551.0,19.6,2014-01-11,False,Saturday
488,9,3490.971626,1062.028374,2014-01-11 04:00:00,4553.0,19.0,2014-01-11,False,Saturday
489,10,3536.039768,1066.960232,2014-01-11 04:30:00,4603.0,18.7,2014-01-11,False,Saturday
490,11,3613.915282,1065.084718,2014-01-11 05:00:00,4679.0,18.4,2014-01-11,False,Saturday
491,12,3650.390516,1055.609484,2014-01-11 05:30:00,4706.0,18.2,2014-01-11,False,Saturday
492,13,3768.528998,1048.471002,2014-01-11 06:00:00,4817.0,18.2,2014-01-11,False,Saturday
493,14,3945.972682,1066.027318,2014-01-11 06:30:00,5012.0,18.0,2014-01-11,False,Saturday
494,15,4045.497534,1059.502466,2014-01-11 07:00:00,5105.0,18.2,2014-01-11,False,Saturday
495,16,4185.7708,1067.2292,2014-01-11 07:30:00,5253.0,18.2,2014-01-11,False,Saturday
496,17,4339.755166,1078.244834,2014-01-11 08:00:00,5418.0,18.2,2014-01-11,False,Saturday
497,18,4410.654996,1020.345004,2014-01-11 08:30:00,5431.0,18.1,2014-01-11,False,Saturday
498,19,4461.122906,1069.877094,2014-01-11 09:00:00,5531.0,18.1,2014-01-11,False,Saturday
499,20,4463.350828,1063.649172,2014-01-11 09:30:00,5527.0,17.9,2014-01-11,False,Saturday
500,21,4460.591624,1059.408376,2014-01-11 10:00:00,5520.0,17.7,2014-01-11,False,Saturday
501,22,4459.101102,1060.898898,2014-01-11 10:30:00,5520.0,17.7,2014-01-11,False,Saturday
502,23,4433.899532,1063.100468,2014-01-11 11:00:00,5497.0,18.3,2014-01-11,False,Saturday
503,24,4410.503308,1071.496692,2014-01-11 11:30:00,5482.0,18.2,2014-01-11,False,Saturday
504,25,4401.375056,1057.624944,2014-01-11 12:00:00,5459.0,19.4,2014-01-11,False,Saturday
505,26,4395.034088,1053.965912,2014-01-11 12:30:00,5449.0,20.0,2014-01-11,False,Saturday
506,27,4397.636714,1067.363286,2014-01-11 13:00:00,5465.0,20.0,2014-01-11,False,Saturday
507,28,4416.346532,1056.653468,2014-01-11 13:30:00,5473.0,21.5,2014-01-11,False,Saturday
508,29,4455.399564,1059.600436,2014-01-11 14:00:00,5515.0,21.7,2014-01-11,False,Saturday
509,30,4505.141714,1059.858286,2014-01-11 14:30:00,5565.0,21.9,2014-01-11,False,Saturday
510,31,4568.526494,1040.473506,2014-01-11 15:00:00,5609.0,21.0,2014-01-11,False,Saturday
511,32,4672.497854,1059.502146,2014-01-11 15:30:00,5732.0,22.0,2014-01-11,False,Saturday
512,33,4707.25655,1067.74345,2014-01-11 16:00:00,5775.0,21.3,2014-01-11,False,Saturday
513,34,4756.069496,1048.930504,2014-01-11 16:30:00,5805.0,21.9,2014-01-11,False,Saturday
514,35,4752.018162,1055.981838,2014-01-11 17:00:00,5808.0,21.1,2014-01-11,False,Saturday
515,36,4717.903258,1054.096742,2014-01-11 17:30:00,5772.0,20.5,2014-01-11,False,Saturday
516,37,4631.701446,1038.298554,2014-01-11 18:00:00,5670.0,19.5,2014-01-11,False,Saturday
517,38,4511.321396,1066.678604,2014-01-11 18:30:00,5578.0,19.3,2014-01-11,False,Saturday
518,39,4407.144386,1042.855614,2014-01-11 19:00:00,5450.0,18.8,2014-01-11,False,Saturday
519,40,4362.319272,1051.680728,2014-01-11 19:30:00,5414.0,18.0,2014-01-11,False,Saturday
520,41,4371.902282,1054.097718,2014-01-11 20:00:00,5426.0,17.9,2014-01-11,False,Saturday
521,42,4273.930464,1052.069536,2014-01-11 20:30:00,5326.0,17.9,2014-01-11,False,Saturday
522,43,4147.613724,1059.386276,2014-01-11 21:00:00,5207.0,17.9,2014-01-11,False,Saturday
523,44,3990.892786,1053.107214,2014-01-11 21:30:00,5044.0,17.3,2014-01-11,False,Saturday
524,45,3931.817914,1051.182086,2014-01-11 22:00:00,4983.0,17.5,2014-01-11,False,Saturday
525,46,3947.739646,1057.260354,2014-01-11 22:30:00,5005.0,17.6,2014-01-11,False,Saturday
526,47,4232.236816,1048.763184,2014-01-11 23:00:00,5281.0,17.5,2014-01-11,False,Saturday
527,48,4261.224418,1046.775582,2014-01-11 23:30:00,5308.0,17.6,2014-01-11,False,Saturday
528,1,3959.142034,1062.857966,2014-01-12 00:00:00,5022.0,17.6,2014-01-12,False,Sunday
529,2,3683.537886,1058.462114,2014-01-12 00:30:00,4742.0,17.7,2014-01-12,False,Sunday
530,3,3487.044176,1058.955824,2014-01-12 01:00:00,4546.0,17.4,2014-01-12,False,Sunday
531,4,3345.8326,1059.1674,2014-01-12 01:30:00,4405.0,17.4,2014-01-12,False,Sunday
532,5,3260.516062,1055.483938,2014-01-12 02:00:00,4316.0,17.2,2014-01-12,False,Sunday
533,6,3180.475096,1072.524904,2014-01-12 02:30:00,4253.0,17.1,2014-01-12,False,Sunday
534,7,3134.579888,1061.420112,2014-01-12 03:00:00,4196.0,16.7,2014-01-12,False,Sunday
535,8,3112.445376,1053.554624,2014-01-12 03:30:00,4166.0,16.9,2014-01-12,False,Sunday
536,9,3122.50293,1064.49707,2014-01-12 04:00:00,4187.0,17.0,2014-01-12,False,Sunday
537,10,3141.865962,1045.134038,2014-01-12 04:30:00,4187.0,17.0,2014-01-12,False,Sunday
538,11,3170.661404,1050.338596,2014-01-12 05:00:00,4221.0,16.9,2014-01-12,False,Sunday
539,12,3191.867626,1064.132374,2014-01-12 05:30:00,4256.0,16.9,2014-01-12,False,Sunday
540,13,3276.81794,1048.18206,2014-01-12 06:00:00,4325.0,17.1,2014-01-12,False,Sunday
541,14,3397.866364,1051.133636,2014-01-12 06:30:00,4449.0,17.3,2014-01-12,False,Sunday
542,15,3414.380098,1036.619902,2014-01-12 07:00:00,4451.0,17.4,2014-01-12,False,Sunday
543,16,3523.971406,1058.028594,2014-01-12 07:30:00,4582.0,17.3,2014-01-12,False,Sunday
544,17,3634.151314,1055.848686,2014-01-12 08:00:00,4690.0,17.8,2014-01-12,False,Sunday
545,18,3702.250286,1055.749714,2014-01-12 08:30:00,4758.0,17.5,2014-01-12,False,Sunday
546,19,3774.305562,1058.694438,2014-01-12 09:00:00,4833.0,17.8,2014-01-12,False,Sunday
547,20,3801.123804,1012.876196,2014-01-12 09:30:00,4814.0,17.8,2014-01-12,False,Sunday
548,21,3828.092832,1043.907168,2014-01-12 10:00:00,4872.0,18.3,2014-01-12,False,Sunday
549,22,3839.594686,1056.405314,2014-01-12 10:30:00,4896.0,18.5,2014-01-12,False,Sunday
550,23,3869.644538,1068.355462,2014-01-12 11:00:00,4938.0,19.4,2014-01-12,False,Sunday
551,24,3918.263716,1049.736284,2014-01-12 11:30:00,4968.0,19.2,2014-01-12,False,Sunday
552,25,3946.460492,1059.539508,2014-01-12 12:00:00,5006.0,20.1,2014-01-12,False,Sunday
553,26,3982.324776,1052.675224,2014-01-12 12:30:00,5035.0,20.3,2014-01-12,False,Sunday
554,27,4062.92968,1054.07032,2014-01-12 13:00:00,5117.0,20.7,2014-01-12,False,Sunday
555,28,4155.750468,1065.249532,2014-01-12 13:30:00,5221.0,21.4,2014-01-12,False,Sunday
556,29,4227.675584,1052.324416,2014-01-12 14:00:00,5280.0,22.5,2014-01-12,False,Sunday
557,30,4322.474314,1062.525686,2014-01-12 14:30:00,5385.0,20.9,2014-01-12,False,Sunday
558,31,4421.392068,1069.607932,2014-01-12 15:00:00,5491.0,21.4,2014-01-12,False,Sunday
559,32,4523.103186,1059.896814,2014-01-12 15:30:00,5583.0,22.2,2014-01-12,False,Sunday
560,33,4602.376334,1044.623666,2014-01-12 16:00:00,5647.0,22.2,2014-01-12,False,Sunday
561,34,4644.014744,1058.985256,2014-01-12 16:30:00,5703.0,21.4,2014-01-12,False,Sunday
562,35,4704.114562,1056.885438,2014-01-12 17:00:00,5761.0,21.4,2014-01-12,False,Sunday
563,36,4702.087844,1056.912156,2014-01-12 17:30:00,5759.0,21.6,2014-01-12,False,Sunday
564,37,4635.80839,1066.19161,2014-01-12 18:00:00,5702.0,20.3,2014-01-12,False,Sunday
565,38,4551.493328,1047.506672,2014-01-12 18:30:00,5599.0,19.7,2014-01-12,False,Sunday
566,39,4465.171776,1053.828224,2014-01-12 19:00:00,5519.0,19.6,2014-01-12,False,Sunday
567,40,4429.082612,1057.917388,2014-01-12 19:30:00,5487.0,19.0,2014-01-12,False,Sunday
568,41,4493.246624,999.753376,2014-01-12 20:00:00,5493.0,18.3,2014-01-12,False,Sunday
569,42,4425.420856,1076.579144,2014-01-12 20:30:00,5502.0,18.1,2014-01-12,False,Sunday
570,43,4241.28258,1065.71742,2014-01-12 21:00:00,5307.0,18.0,2014-01-12,False,Sunday
571,44,4033.633882,1063.366118,2014-01-12 21:30:00,5097.0,18.2,2014-01-12,False,Sunday
572,45,3923.325806,1077.674194,2014-01-12 22:00:00,5001.0,17.9,2014-01-12,False,Sunday
573,46,3903.62033,1052.37967,2014-01-12 22:30:00,4956.0,17.5,2014-01-12,False,Sunday
574,47,4190.63858,1068.36142,2014-01-12 23:00:00,5259.0,16.9,2014-01-12,False,Sunday
575,48,4271.423192,1045.576808,2014-01-12 23:30:00,5317.0,17.0,2014-01-12,False,Sunday
576,1,3967.91124,1062.08876,2014-01-13 00:00:00,5030.0,16.3,2014-01-13,False,Monday
577,2,3697.824658,1064.175342,2014-01-13 00:30:00,4762.0,16.2,2014-01-13,False,Monday
578,3,3531.852514,1009.147486,2014-01-13 01:00:00,4541.0,15.8,2014-01-13,False,Monday
579,4,3418.757892,1070.242108,2014-01-13 01:30:00,4489.0,15.4,2014-01-13,False,Monday
580,5,3336.414284,1061.585716,2014-01-13 02:00:00,4398.0,15.8,2014-01-13,False,Monday
581,6,3267.27851,1063.72149,2014-01-13 02:30:00,4331.0,15.2,2014-01-13,False,Monday
582,7,3256.45699,1069.54301,2014-01-13 03:00:00,4326.0,15.2,2014-01-13,False,Monday
583,8,3300.666436,1022.333564,2014-01-13 03:30:00,4323.0,15.4,2014-01-13,False,Monday
584,9,3422.993432,1040.006568,2014-01-13 04:00:00,4463.0,15.4,2014-01-13,False,Monday
585,10,3615.773862,1061.226138,2014-01-13 04:30:00,4677.0,15.5,2014-01-13,False,Monday
586,11,3860.19222,1037.80778,2014-01-13 05:00:00,4898.0,15.5,2014-01-13,False,Monday
587,12,4089.04833,1047.95167,2014-01-13 05:30:00,5137.0,15.5,2014-01-13,False,Monday
588,13,4439.467828,1034.532172,2014-01-13 06:00:00,5474.0,15.7,2014-01-13,False,Monday
589,14,4761.322076,1054.677924,2014-01-13 06:30:00,5816.0,15.8,2014-01-13,False,Monday
590,15,4802.57317,1063.42683,2014-01-13 07:00:00,5866.0,17.0,2014-01-13,False,Monday
591,16,4924.923782,1087.076218,2014-01-13 07:30:00,6012.0,17.7,2014-01-13,False,Monday
592,17,5058.962926,1066.037074,2014-01-13 08:00:00,6125.0,18.4,2014-01-13,False,Monday
593,18,5148.564728,1089.435272,2014-01-13 08:30:00,6238.0,19.9,2014-01-13,False,Monday
594,19,5258.607488,1078.392512,2014-01-13 09:00:00,6337.0,21.0,2014-01-13,False,Monday
595,20,5356.931676,1081.068324,2014-01-13 09:30:00,6438.0,22.3,2014-01-13,False,Monday
596,21,5472.695926,1092.304074,2014-01-13 10:00:00,6565.0,24.4,2014-01-13,False,Monday
597,22,5612.15664,1083.84336,2014-01-13 10:30:00,6696.0,25.0,2014-01-13,False,Monday
598,23,5702.437758,1099.562242,2014-01-13 11:00:00,6802.0,25.0,2014-01-13,False,Monday
599,24,5815.318388,1080.681612,2014-01-13 11:30:00,6896.0,25.4,2014-01-13,False,Monday
600,25,5938.27905,1072.72095,2014-01-13 12:00:00,7011.0,24.5,2014-01-13,False,Monday
601,26,6071.871266,1095.128734,2014-01-13 12:30:00,7167.0,24.1,2014-01-13,False,Monday
602,27,6203.873136,1066.126864,2014-01-13 13:00:00,7270.0,26.1,2014-01-13,False,Monday
603,28,6366.20473,1086.79527,2014-01-13 13:30:00,7453.0,27.7,2014-01-13,False,Monday
604,29,6531.510696,1047.489304,2014-01-13 14:00:00,7579.0,27.5,2014-01-13,False,Monday
605,30,6702.724274,1077.275726,2014-01-13 14:30:00,7780.0,28.7,2014-01-13,False,Monday
606,31,6884.703064,1058.296936,2014-01-13 15:00:00,7943.0,29.0,2014-01-13,False,Monday
607,32,7101.948996,1065.051004,2014-01-13 15:30:00,8167.0,29.9,2014-01-13,False,Monday
608,33,7193.651984,1062.348016,2014-01-13 16:00:00,8256.0,30.0,2014-01-13,False,Monday
609,34,7219.620338,1042.379662,2014-01-13 16:30:00,8262.0,29.7,2014-01-13,False,Monday
610,35,7117.700828,1061.299172,2014-01-13 17:00:00,8179.0,30.0,2014-01-13,False,Monday
611,36,7072.260744,1043.739256,2014-01-13 17:30:00,8116.0,28.9,2014-01-13,False,Monday
612,37,6927.820256,1048.179744,2014-01-13 18:00:00,7976.0,26.6,2014-01-13,False,Monday
613,38,6751.084224,1068.915776,2014-01-13 18:30:00,7820.0,26.1,2014-01-13,False,Monday
614,39,6493.955154,1056.044846,2014-01-13 19:00:00,7550.0,27.4,2014-01-13,False,Monday
615,40,6280.161498,1077.838502,2014-01-13 19:30:00,7358.0,26.7,2014-01-13,False,Monday
616,41,6157.748264,1060.251736,2014-01-13 20:00:00,7218.0,25.7,2014-01-13,False,Monday
617,42,5937.616712,1076.383288,2014-01-13 20:30:00,7014.0,25.7,2014-01-13,False,Monday
618,43,5621.043788,1085.956212,2014-01-13 21:00:00,6707.0,25.3,2014-01-13,False,Monday
619,44,5244.87777,1050.12223,2014-01-13 21:30:00,6295.0,25.0,2014-01-13,False,Monday
620,45,4989.158762,1091.841238,2014-01-13 22:00:00,6081.0,24.4,2014-01-13,False,Monday
621,46,4818.802872,1076.197128,2014-01-13 22:30:00,5895.0,23.3,2014-01-13,False,Monday
622,47,4986.568112,1079.431888,2014-01-13 23:00:00,6066.0,22.6,2014-01-13,False,Monday
623,48,4931.28757,1065.71243,2014-01-13 23:30:00,5997.0,22.3,2014-01-13,False,Monday
624,1,4551.48161,1086.51839,2014-01-14 00:00:00,5638.0,21.7,2014-01-14,False,Tuesday
625,2,4298.493952,1084.506048,2014-01-14 00:30:00,5383.0,21.2,2014-01-14,False,Tuesday
626,3,4126.76644,1082.23356,2014-01-14 01:00:00,5209.0,20.9,2014-01-14,False,Tuesday
627,4,3978.285124,1083.714876,2014-01-14 01:30:00,5062.0,20.8,2014-01-14,False,Tuesday
628,5,3873.625052,1089.374948,2014-01-14 02:00:00,4963.0,20.7,2014-01-14,False,Tuesday
629,6,3812.301236,1063.698764,2014-01-14 02:30:00,4876.0,20.7,2014-01-14,False,Tuesday
630,7,3806.971646,1095.028354,2014-01-14 03:00:00,4902.0,21.2,2014-01-14,False,Tuesday
631,8,3839.546944,1059.453056,2014-01-14 03:30:00,4899.0,21.4,2014-01-14,False,Tuesday
632,9,3942.473934,1081.526066,2014-01-14 04:00:00,5024.0,21.6,2014-01-14,False,Tuesday
633,10,4090.881118,1067.118882,2014-01-14 04:30:00,5158.0,21.5,2014-01-14,False,Tuesday
634,11,4387.613994,1074.386006,2014-01-14 05:00:00,5462.0,21.0,2014-01-14,False,Tuesday
635,12,4654.636914,1098.363086,2014-01-14 05:30:00,5753.0,20.6,2014-01-14,False,Tuesday
636,13,5032.236168,1074.763832,2014-01-14 06:00:00,6107.0,21.9,2014-01-14,False,Tuesday
637,14,5426.059858,1087.940142,2014-01-14 06:30:00,6514.0,22.7,2014-01-14,False,Tuesday
638,15,5629.102692,1062.897308,2014-01-14 07:00:00,6692.0,25.6,2014-01-14,False,Tuesday
639,16,5974.719368,1086.280632,2014-01-14 07:30:00,7061.0,27.0,2014-01-14,False,Tuesday
640,17,6316.079374,1084.920626,2014-01-14 08:00:00,7401.0,31.1,2014-01-14,False,Tuesday
641,18,6582.889656,1081.110344,2014-01-14 08:30:00,7664.0,34.1,2014-01-14,False,Tuesday
642,19,6841.862226,1080.137774,2014-01-14 09:00:00,7922.0,34.8,2014-01-14,False,Tuesday
643,20,7108.011652,1066.988348,2014-01-14 09:30:00,8175.0,35.5,2014-01-14,False,Tuesday
644,21,7365.814368,1070.185632,2014-01-14 10:00:00,8436.0,36.3,2014-01-14,False,Tuesday
645,22,7646.293276,1080.706724,2014-01-14 10:30:00,8727.0,37.3,2014-01-14,False,Tuesday
646,23,7865.123048,1045.876952,2014-01-14 11:00:00,8911.0,37.7,2014-01-14,False,Tuesday
647,24,8081.805538,1065.194462,2014-01-14 11:30:00,9147.0,38.6,2014-01-14,False,Tuesday
648,25,8281.299776,1085.700224,2014-01-14 12:00:00,9367.0,39.6,2014-01-14,False,Tuesday
649,26,8436.11171,1092.88829,2014-01-14 12:30:00,9529.0,40.3,2014-01-14,False,Tuesday
650,27,8555.179324,1047.820676,2014-01-14 13:00:00,9603.0,40.9,2014-01-14,False,Tuesday
651,28,8637.256826,1039.743174,2014-01-14 13:30:00,9677.0,40.8,2014-01-14,False,Tuesday
652,29,8727.28768,1040.71232,2014-01-14 14:00:00,9768.0,41.1,2014-01-14,False,Tuesday
653,30,8861.15585,1058.84415,2014-01-14 14:30:00,9920.0,41.4,2014-01-14,False,Tuesday
654,31,8970.305342,1049.694658,2014-01-14 15:00:00,10020.0,42.4,2014-01-14,False,Tuesday
655,32,9090.553034,1060.446966,2014-01-14 15:30:00,10151.0,42.2,2014-01-14,False,Tuesday
656,33,9107.072566,1038.927434,2014-01-14 16:00:00,10146.0,42.0,2014-01-14,False,Tuesday
657,34,9073.337732,1066.662268,2014-01-14 16:30:00,10140.0,41.9,2014-01-14,False,Tuesday
658,35,8915.367272,1042.632728,2014-01-14 17:00:00,9958.0,41.6,2014-01-14,False,Tuesday
659,36,8853.661228,1047.338772,2014-01-14 17:30:00,9901.0,41.1,2014-01-14,False,Tuesday
660,37,8617.664138,927.335862,2014-01-14 18:00:00,9545.0,40.7,2014-01-14,False,Tuesday
661,38,8431.504682,873.495318,2014-01-14 18:30:00,9305.0,40.5,2014-01-14,False,Tuesday
662,39,8207.660618,942.339382,2014-01-14 19:00:00,9150.0,36.8,2014-01-14,False,Tuesday
663,40,8086.467752,1047.532248,2014-01-14 19:30:00,9134.0,35.9,2014-01-14,False,Tuesday
664,41,7957.97525,1061.02475,2014-01-14 20:00:00,9019.0,35.9,2014-01-14,False,Tuesday
665,42,7636.912388,1071.087612,2014-01-14 20:30:00,8708.0,36.4,2014-01-14,False,Tuesday
666,43,7176.14631,1057.85369,2014-01-14 21:00:00,8234.0,35.5,2014-01-14,False,Tuesday
667,44,6699.891372,1082.108628,2014-01-14 21:30:00,7782.0,33.7,2014-01-14,False,Tuesday
668,45,6332.733362,1097.266638,2014-01-14 22:00:00,7430.0,34.5,2014-01-14,False,Tuesday
669,46,6098.231644,1072.768356,2014-01-14 22:30:00,7171.0,33.6,2014-01-14,False,Tuesday
670,47,6196.04102,1097.95898,2014-01-14 23:00:00,7294.0,35.4,2014-01-14,False,Tuesday
671,48,6049.362968,1093.637032,2014-01-14 23:30:00,7143.0,35.4,2014-01-14,False,Tuesday
672,1,5627.770296,1098.229704,2014-01-15 00:00:00,6726.0,36.4,2014-01-15,False,Wednesday
673,2,5362.653248,1096.346752,2014-01-15 00:30:00,6459.0,36.2,2014-01-15,False,Wednesday
674,3,5209.31894,1071.68106,2014-01-15 01:00:00,6281.0,36.3,2014-01-15,False,Wednesday
675,4,5070.269406,1048.730594,2014-01-15 01:30:00,6119.0,34.8,2014-01-15,False,Wednesday
676,5,4944.04474,1043.95526,2014-01-15 02:00:00,5988.0,34.2,2014-01-15,False,Wednesday
677,6,4848.841026,1051.158974,2014-01-15 02:30:00,5900.0,33.2,2014-01-15,False,Wednesday
678,7,4806.178256,1045.821744,2014-01-15 03:00:00,5852.0,30.9,2014-01-15,False,Wednesday
679,8,4816.9556,1043.0444,2014-01-15 03:30:00,5860.0,30.4,2014-01-15,False,Wednesday
680,9,4944.671128,1049.328872,2014-01-15 04:00:00,5994.0,30.2,2014-01-15,False,Wednesday
681,10,5103.951872,1045.048128,2014-01-15 04:30:00,6149.0,28.7,2014-01-15,False,Wednesday
682,11,5400.440734,1044.559266,2014-01-15 05:00:00,6445.0,28.6,2014-01-15,False,Wednesday
683,12,5671.453198,1041.546802,2014-01-15 05:30:00,6713.0,30.4,2014-01-15,False,Wednesday
684,13,6084.822222,1040.177778,2014-01-15 06:00:00,7125.0,30.7,2014-01-15,False,Wednesday
685,14,6501.901374,1042.098626,2014-01-15 06:30:00,7544.0,31.3,2014-01-15,False,Wednesday
686,15,6817.202972,1043.797028,2014-01-15 07:00:00,7861.0,33.2,2014-01-15,False,Wednesday
687,16,7182.95852,1045.04148,2014-01-15 07:30:00,8228.0,33.4,2014-01-15,False,Wednesday
688,17,7498.85556,1049.14444,2014-01-15 08:00:00,8548.0,35.2,2014-01-15,False,Wednesday
689,18,7766.43008,1045.56992,2014-01-15 08:30:00,8812.0,36.2,2014-01-15,False,Wednesday
690,19,7951.284914,1044.715086,2014-01-15 09:00:00,8996.0,37.1,2014-01-15,False,Wednesday
691,20,8108.040656,1050.959344,2014-01-15 09:30:00,9159.0,36.2,2014-01-15,False,Wednesday
692,21,8360.792914,1055.207086,2014-01-15 10:00:00,9416.0,37.8,2014-01-15,False,Wednesday
693,22,8556.773432,1048.226568,2014-01-15 10:30:00,9605.0,37.5,2014-01-15,False,Wednesday
694,23,8698.237038,1056.762962,2014-01-15 11:00:00,9755.0,38.6,2014-01-15,False,Wednesday
695,24,8838.070052,1051.929948,2014-01-15 11:30:00,9890.0,40.2,2014-01-15,False,Wednesday
696,25,8956.461248,1031.538752,2014-01-15 12:00:00,9988.0,39.7,2014-01-15,False,Wednesday
697,26,9042.728714,974.271286,2014-01-15 12:30:00,10017.0,41.5,2014-01-15,False,Wednesday
698,27,9096.485062,1012.514938,2014-01-15 13:00:00,10109.0,41.2,2014-01-15,False,Wednesday
699,28,9130.034244,976.965756,2014-01-15 13:30:00,10107.0,39.3,2014-01-15,False,Wednesday
700,29,9131.37259,957.62741,2014-01-15 14:00:00,10089.0,37.8,2014-01-15,False,Wednesday
701,30,9177.818776,945.181224,2014-01-15 14:30:00,10123.0,37.3,2014-01-15,False,Wednesday
702,31,9177.872914,948.127086,2014-01-15 15:00:00,10126.0,38.1,2014-01-15,False,Wednesday
703,32,9168.625516,949.374484,2014-01-15 15:30:00,10118.0,36.5,2014-01-15,False,Wednesday
704,33,9080.668122,991.331878,2014-01-15 16:00:00,10072.0,35.6,2014-01-15,False,Wednesday
705,34,8996.730262,1029.269738,2014-01-15 16:30:00,10026.0,35.2,2014-01-15,False,Wednesday
706,35,8709.87007,1037.12993,2014-01-15 17:00:00,9747.0,33.4,2014-01-15,False,Wednesday
707,36,8501.75363,1039.24637,2014-01-15 17:30:00,9541.0,32.1,2014-01-15,False,Wednesday
708,37,8198.883992,1039.116008,2014-01-15 18:00:00,9238.0,30.8,2014-01-15,False,Wednesday
709,38,7991.735696,1042.264304,2014-01-15 18:30:00,9034.0,31.6,2014-01-15,False,Wednesday
710,39,7712.494868,1049.505132,2014-01-15 19:00:00,8762.0,29.0,2014-01-15,False,Wednesday
711,40,7520.815342,1059.184658,2014-01-15 19:30:00,8580.0,30.2,2014-01-15,False,Wednesday
712,41,7348.328248,1055.671752,2014-01-15 20:00:00,8404.0,29.0,2014-01-15,False,Wednesday
713,42,7068.129308,1062.870692,2014-01-15 20:30:00,8131.0,27.7,2014-01-15,False,Wednesday
714,43,6657.227294,1059.772706,2014-01-15 21:00:00,7717.0,27.6,2014-01-15,False,Wednesday
715,44,6238.268688,1060.731312,2014-01-15 21:30:00,7299.0,27.4,2014-01-15,False,Wednesday
716,45,5848.757428,1071.242572,2014-01-15 22:00:00,6920.0,28.4,2014-01-15,False,Wednesday
717,46,5630.283478,1055.716522,2014-01-15 22:30:00,6686.0,29.1,2014-01-15,False,Wednesday
718,47,5779.505794,1054.494206,2014-01-15 23:00:00,6834.0,28.9,2014-01-15,False,Wednesday
719,48,5656.584066,1060.415934,2014-01-15 23:30:00,6717.0,28.9,2014-01-15,False,Wednesday
720,1,5236.879066,1062.120934,2014-01-16 00:00:00,6299.0,29.8,2014-01-16,False,Thursday
721,2,4975.37637,1064.62363,2014-01-16 00:30:00,6040.0,30.0,2014-01-16,False,Thursday
722,3,4814.499622,1062.500378,2014-01-16 01:00:00,5877.0,29.3,2014-01-16,False,Thursday
723,4,4712.30061,1052.69939,2014-01-16 01:30:00,5765.0,28.1,2014-01-16,False,Thursday
724,5,4637.270946,1056.729054,2014-01-16 02:00:00,5694.0,28.6,2014-01-16,False,Thursday
725,6,4583.55709,1051.44291,2014-01-16 02:30:00,5635.0,28.7,2014-01-16,False,Thursday
726,7,4563.189734,1041.810266,2014-01-16 03:00:00,5605.0,28.1,2014-01-16,False,Thursday
727,8,4568.863946,1054.136054,2014-01-16 03:30:00,5623.0,28.2,2014-01-16,False,Thursday
728,9,4664.760656,1049.239344,2014-01-16 04:00:00,5714.0,28.3,2014-01-16,False,Thursday
729,10,4809.891734,1058.108266,2014-01-16 04:30:00,5868.0,28.2,2014-01-16,False,Thursday
730,11,5075.270322,1064.729678,2014-01-16 05:00:00,6140.0,27.7,2014-01-16,False,Thursday
731,12,5332.401238,1061.598762,2014-01-16 05:30:00,6394.0,27.6,2014-01-16,False,Thursday
732,13,5773.476182,1055.523818,2014-01-16 06:00:00,6829.0,27.6,2014-01-16,False,Thursday
733,14,6201.65179,1055.34821,2014-01-16 06:30:00,7257.0,28.0,2014-01-16,False,Thursday
734,15,6490.455286,1042.544714,2014-01-16 07:00:00,7533.0,28.9,2014-01-16,False,Thursday
735,16,6904.612534,1032.387466,2014-01-16 07:30:00,7937.0,30.0,2014-01-16,False,Thursday
736,17,7280.78583,1040.21417,2014-01-16 08:00:00,8321.0,31.8,2014-01-16,False,Thursday
737,18,7595.484692,1032.515308,2014-01-16 08:30:00,8628.0,33.2,2014-01-16,False,Thursday
738,19,7902.904904,1047.095096,2014-01-16 09:00:00,8950.0,34.8,2014-01-16,False,Thursday
739,20,8177.012966,1041.987034,2014-01-16 09:30:00,9219.0,36.7,2014-01-16,False,Thursday
740,21,8387.696846,1045.303154,2014-01-16 10:00:00,9433.0,38.5,2014-01-16,False,Thursday
741,22,8580.081918,1042.918082,2014-01-16 10:30:00,9623.0,39.2,2014-01-16,False,Thursday
742,23,8749.838834,1029.161166,2014-01-16 11:00:00,9779.0,40.0,2014-01-16,False,Thursday
743,24,8923.410284,982.589716,2014-01-16 11:30:00,9906.0,39.8,2014-01-16,False,Thursday
744,25,9036.792124,996.207876,2014-01-16 12:00:00,10033.0,40.9,2014-01-16,False,Thursday
745,26,9068.050928,994.949072,2014-01-16 12:30:00,10063.0,41.3,2014-01-16,False,Thursday
746,27,9079.125954,1027.874046,2014-01-16 13:00:00,10107.0,41.8,2014-01-16,False,Thursday
747,28,9148.799978,1030.200022,2014-01-16 13:30:00,10179.0,41.8,2014-01-16,False,Thursday
748,29,9195.59493,1029.40507,2014-01-16 14:00:00,10225.0,43.2,2014-01-16,False,Thursday
749,30,9231.626954,1040.373046,2014-01-16 14:30:00,10272.0,42.3,2014-01-16,False,Thursday
750,31,9276.271638,1011.728362,2014-01-16 15:00:00,10288.0,41.2,2014-01-16,False,Thursday
751,32,9338.16312,968.83688,2014-01-16 15:30:00,10307.0,38.6,2014-01-16,False,Thursday
752,33,9345.004346,930.995654,2014-01-16 16:00:00,10276.0,38.8,2014-01-16,False,Thursday
753,34,9281.08847,934.91153,2014-01-16 16:30:00,10216.0,40.7,2014-01-16,False,Thursday
754,35,9111.896422,955.103578,2014-01-16 17:00:00,10067.0,41.0,2014-01-16,False,Thursday
755,36,8900.662,969.338,2014-01-16 17:30:00,9870.0,40.6,2014-01-16,False,Thursday
756,37,8652.57894,1012.42106,2014-01-16 18:00:00,9665.0,38.5,2014-01-16,False,Thursday
757,38,8458.72124,1014.27876,2014-01-16 18:30:00,9473.0,37.4,2014-01-16,False,Thursday
758,39,8320.992244,1013.007756,2014-01-16 19:00:00,9334.0,29.9,2014-01-16,False,Thursday
759,40,8228.216046,1018.783954,2014-01-16 19:30:00,9247.0,32.6,2014-01-16,False,Thursday
760,41,8061.275616,1024.724384,2014-01-16 20:00:00,9086.0,34.6,2014-01-16,False,Thursday
761,42,7760.252972,1030.747028,2014-01-16 20:30:00,8791.0,34.6,2014-01-16,False,Thursday
762,43,7305.974026,1026.025974,2014-01-16 21:00:00,8332.0,31.0,2014-01-16,False,Thursday
763,44,6847.48998,1035.51002,2014-01-16 21:30:00,7883.0,29.5,2014-01-16,False,Thursday
764,45,6482.698904,1044.301096,2014-01-16 22:00:00,7527.0,28.6,2014-01-16,False,Thursday
765,46,6214.027712,1042.972288,2014-01-16 22:30:00,7257.0,28.4,2014-01-16,False,Thursday
766,47,6277.393124,1042.606876,2014-01-16 23:00:00,7320.0,27.9,2014-01-16,False,Thursday
767,48,6073.186578,1044.813422,2014-01-16 23:30:00,7118.0,27.9,2014-01-16,False,Thursday
768,1,5601.582282,1043.417718,2014-01-17 00:00:00,6645.0,28.4,2014-01-17,False,Friday
769,2,5307.491948,1038.508052,2014-01-17 00:30:00,6346.0,27.5,2014-01-17,False,Friday
770,3,5117.9225,1043.0775,2014-01-17 01:00:00,6161.0,27.4,2014-01-17,False,Friday
771,4,4964.465774,1040.534226,2014-01-17 01:30:00,6005.0,27.2,2014-01-17,False,Friday
772,5,4808.432956,1043.567044,2014-01-17 02:00:00,5852.0,26.7,2014-01-17,False,Friday
773,6,4708.87536,1041.12464,2014-01-17 02:30:00,5750.0,27.1,2014-01-17,False,Friday
774,7,4669.739998,1041.260002,2014-01-17 03:00:00,5711.0,26.8,2014-01-17,False,Friday
775,8,4695.289548,1038.710452,2014-01-17 03:30:00,5734.0,26.8,2014-01-17,False,Friday
776,9,4817.38075,1031.61925,2014-01-17 04:00:00,5849.0,26.5,2014-01-17,False,Friday
777,10,4998.862986,1045.137014,2014-01-17 04:30:00,6044.0,25.6,2014-01-17,False,Friday
778,11,5280.040654,1047.959346,2014-01-17 05:00:00,6328.0,26.2,2014-01-17,False,Friday
779,12,5541.25999,1051.74001,2014-01-17 05:30:00,6593.0,26.0,2014-01-17,False,Friday
780,13,5974.163124,1075.836876,2014-01-17 06:00:00,7050.0,27.1,2014-01-17,False,Friday
781,14,6424.091738,1099.908262,2014-01-17 06:30:00,7524.0,28.3,2014-01-17,False,Friday
782,15,6739.902822,1069.097178,2014-01-17 07:00:00,7809.0,30.3,2014-01-17,False,Friday
783,16,7106.874538,1120.125462,2014-01-17 07:30:00,8227.0,33.4,2014-01-17,False,Friday
784,17,7463.105938,1090.894062,2014-01-17 08:00:00,8554.0,34.5,2014-01-17,False,Friday
785,18,7723.226334,1097.773666,2014-01-17 08:30:00,8821.0,35.2,2014-01-17,False,Friday
786,19,7967.333556,1072.666444,2014-01-17 09:00:00,9040.0,35.9,2014-01-17,False,Friday
787,20,8212.60353,1086.39647,2014-01-17 09:30:00,9299.0,36.8,2014-01-17,False,Friday
788,21,8392.123486,1024.876514,2014-01-17 10:00:00,9417.0,37.5,2014-01-17,False,Friday
789,22,8602.64379,1085.35621,2014-01-17 10:30:00,9688.0,38.5,2014-01-17,False,Friday
790,23,8778.087048,1093.912952,2014-01-17 11:00:00,9872.0,38.7,2014-01-17,False,Friday
791,24,8907.127552,1082.872448,2014-01-17 11:30:00,9990.0,39.7,2014-01-17,False,Friday
792,25,9017.658998,1079.341002,2014-01-17 12:00:00,10097.0,40.6,2014-01-17,False,Friday
793,26,9098.296198,1080.703802,2014-01-17 12:30:00,10179.0,41.5,2014-01-17,False,Friday
794,27,9140.979038,1073.020962,2014-01-17 13:00:00,10214.0,41.2,2014-01-17,False,Friday
795,28,9176.707234,1083.292766,2014-01-17 13:30:00,10260.0,42.0,2014-01-17,False,Friday
796,29,9205.60378,1017.39622,2014-01-17 14:00:00,10223.0,42.3,2014-01-17,False,Friday
797,30,9256.938174,996.061826,2014-01-17 14:30:00,10253.0,42.4,2014-01-17,False,Friday
798,31,9283.478206,979.521794,2014-01-17 15:00:00,10263.0,43.1,2014-01-17,False,Friday
799,32,9221.861536,926.138464,2014-01-17 15:30:00,10148.0,43.1,2014-01-17,False,Friday
800,33,9001.983754,878.016246,2014-01-17 16:00:00,9880.0,35.0,2014-01-17,False,Friday
801,34,8702.770224,1071.229776,2014-01-17 16:30:00,9774.0,32.0,2014-01-17,False,Friday
802,35,8170.069846,1079.930154,2014-01-17 17:00:00,9250.0,31.1,2014-01-17,False,Friday
803,36,7818.38486,1085.61514,2014-01-17 17:30:00,8904.0,30.3,2014-01-17,False,Friday
804,37,7538.851318,1090.148682,2014-01-17 18:00:00,8629.0,29.7,2014-01-17,False,Friday
805,38,7236.866072,1100.133928,2014-01-17 18:30:00,8337.0,28.5,2014-01-17,False,Friday
806,39,6858.46241,1092.53759,2014-01-17 19:00:00,7951.0,27.6,2014-01-17,False,Friday
807,40,6611.898348,1093.101652,2014-01-17 19:30:00,7705.0,25.2,2014-01-17,False,Friday
808,41,6384.283844,1110.716156,2014-01-17 20:00:00,7495.0,24.2,2014-01-17,False,Friday
809,42,6143.028488,1075.971512,2014-01-17 20:30:00,7219.0,23.6,2014-01-17,False,Friday
810,43,5856.303954,1095.696046,2014-01-17 21:00:00,6952.0,24.5,2014-01-17,False,Friday
811,44,5523.706038,1083.293962,2014-01-17 21:30:00,6607.0,24.9,2014-01-17,False,Friday
812,45,5313.80671,1091.19329,2014-01-17 22:00:00,6405.0,24.4,2014-01-17,False,Friday
813,46,5140.716452,1097.283548,2014-01-17 22:30:00,6238.0,24.3,2014-01-17,False,Friday
814,47,5289.009448,1059.990552,2014-01-17 23:00:00,6349.0,23.3,2014-01-17,False,Friday
815,48,5151.209584,1096.790416,2014-01-17 23:30:00,6248.0,23.6,2014-01-17,False,Friday
816,1,4728.988758,1058.011242,2014-01-18 00:00:00,5787.0,23.4,2014-01-18,False,Saturday
817,2,4456.908906,1080.091094,2014-01-18 00:30:00,5537.0,23.5,2014-01-18,False,Saturday
818,3,4284.261816,1079.738184,2014-01-18 01:00:00,5364.0,23.7,2014-01-18,False,Saturday
819,4,4141.628394,1090.371606,2014-01-18 01:30:00,5232.0,23.4,2014-01-18,False,Saturday
820,5,4014.639366,1084.360634,2014-01-18 02:00:00,5099.0,23.3,2014-01-18,False,Saturday
821,6,3952.669318,1060.330682,2014-01-18 02:30:00,5013.0,22.8,2014-01-18,False,Saturday
822,7,3899.252482,1085.747518,2014-01-18 03:00:00,4985.0,22.3,2014-01-18,False,Saturday
823,8,3883.167544,1076.832456,2014-01-18 03:30:00,4960.0,22.1,2014-01-18,False,Saturday
824,9,3901.268626,1079.731374,2014-01-18 04:00:00,4981.0,22.1,2014-01-18,False,Saturday
825,10,3936.548772,1068.451228,2014-01-18 04:30:00,5005.0,22.1,2014-01-18,False,Saturday
826,11,4025.250092,1057.749908,2014-01-18 05:00:00,5083.0,22.1,2014-01-18,False,Saturday
827,12,4037.599534,1052.400466,2014-01-18 05:30:00,5090.0,21.9,2014-01-18,False,Saturday
828,13,4189.637228,1063.362772,2014-01-18 06:00:00,5253.0,21.8,2014-01-18,False,Saturday
829,14,4385.327056,1067.672944,2014-01-18 06:30:00,5453.0,22.0,2014-01-18,False,Saturday
830,15,4471.225482,1046.774518,2014-01-18 07:00:00,5518.0,21.8,2014-01-18,False,Saturday
831,16,4644.167546,1065.832454,2014-01-18 07:30:00,5710.0,22.3,2014-01-18,False,Saturday
832,17,4835.58328,1072.41672,2014-01-18 08:00:00,5908.0,22.4,2014-01-18,False,Saturday
833,18,4907.775254,1087.224746,2014-01-18 08:30:00,5995.0,22.7,2014-01-18,False,Saturday
834,19,4950.118864,1067.881136,2014-01-18 09:00:00,6018.0,23.1,2014-01-18,False,Saturday
835,20,4975.242792,1070.757208,2014-01-18 09:30:00,6046.0,22.6,2014-01-18,False,Saturday
836,21,4995.00979,1063.99021,2014-01-18 10:00:00,6059.0,22.3,2014-01-18,False,Saturday
837,22,5013.742624,1067.257376,2014-01-18 10:30:00,6081.0,22.6,2014-01-18,False,Saturday
838,23,5003.464604,1088.535396,2014-01-18 11:00:00,6092.0,22.3,2014-01-18,False,Saturday
839,24,5030.629134,1063.370866,2014-01-18 11:30:00,6094.0,22.2,2014-01-18,False,Saturday
840,25,5037.006878,1070.993122,2014-01-18 12:00:00,6108.0,22.3,2014-01-18,False,Saturday
841,26,5076.934552,1079.065448,2014-01-18 12:30:00,6156.0,23.0,2014-01-18,False,Saturday
842,27,5078.664636,1051.335364,2014-01-18 13:00:00,6130.0,22.3,2014-01-18,False,Saturday
843,28,5049.616894,1080.383106,2014-01-18 13:30:00,6130.0,22.4,2014-01-18,False,Saturday
844,29,5004.259778,1069.740222,2014-01-18 14:00:00,6074.0,21.6,2014-01-18,False,Saturday
845,30,4996.02837,1079.97163,2014-01-18 14:30:00,6076.0,22.2,2014-01-18,False,Saturday
846,31,5002.293074,1067.706926,2014-01-18 15:00:00,6070.0,21.1,2014-01-18,False,Saturday
847,32,5043.457038,1065.542962,2014-01-18 15:30:00,6109.0,20.9,2014-01-18,False,Saturday
848,33,5007.618544,1080.381456,2014-01-18 16:00:00,6088.0,21.0,2014-01-18,False,Saturday
849,34,5007.05173,1056.94827,2014-01-18 16:30:00,6064.0,20.9,2014-01-18,False,Saturday
850,35,4961.135964,1057.864036,2014-01-18 17:00:00,6019.0,20.6,2014-01-18,False,Saturday
851,36,4883.945208,1051.054792,2014-01-18 17:30:00,5935.0,19.8,2014-01-18,False,Saturday
852,37,4788.159918,1057.840082,2014-01-18 18:00:00,5846.0,19.6,2014-01-18,False,Saturday
853,38,4690.865054,1074.134946,2014-01-18 18:30:00,5765.0,19.8,2014-01-18,False,Saturday
854,39,4593.644564,1046.355436,2014-01-18 19:00:00,5640.0,19.4,2014-01-18,False,Saturday
855,40,4578.1909,1056.8091,2014-01-18 19:30:00,5635.0,19.4,2014-01-18,False,Saturday
856,41,4568.432928,1067.567072,2014-01-18 20:00:00,5636.0,19.1,2014-01-18,False,Saturday
857,42,4466.175798,1059.824202,2014-01-18 20:30:00,5526.0,19.3,2014-01-18,False,Saturday
858,43,4321.771652,1062.228348,2014-01-18 21:00:00,5384.0,18.8,2014-01-18,False,Saturday
859,44,4149.562116,1033.437884,2014-01-18 21:30:00,5183.0,18.5,2014-01-18,False,Saturday
860,45,4058.689226,1071.310774,2014-01-18 22:00:00,5130.0,18.2,2014-01-18,False,Saturday
861,46,4050.54642,1049.45358,2014-01-18 22:30:00,5100.0,18.1,2014-01-18,False,Saturday
862,47,4326.865686,1056.134314,2014-01-18 23:00:00,5383.0,18.3,2014-01-18,False,Saturday
863,48,4346.669512,1049.330488,2014-01-18 23:30:00,5396.0,18.0,2014-01-18,False,Saturday
864,1,3987.650324,1060.349676,2014-01-19 00:00:00,5048.0,17.8,2014-01-19,False,Sunday
865,2,3708.580124,1071.419876,2014-01-19 00:30:00,4780.0,17.5,2014-01-19,False,Sunday
866,3,3532.772588,1065.227412,2014-01-19 01:00:00,4598.0,17.6,2014-01-19,False,Sunday
867,4,3412.855846,1061.144154,2014-01-19 01:30:00,4474.0,17.1,2014-01-19,False,Sunday
868,5,3310.127518,1069.872482,2014-01-19 02:00:00,4380.0,17.3,2014-01-19,False,Sunday
869,6,3236.19639,1059.80361,2014-01-19 02:30:00,4296.0,17.0,2014-01-19,False,Sunday
870,7,3208.710528,1052.289472,2014-01-19 03:00:00,4261.0,16.8,2014-01-19,False,Sunday
871,8,3186.60409,1062.39591,2014-01-19 03:30:00,4249.0,16.8,2014-01-19,False,Sunday
872,9,3192.836532,1054.163468,2014-01-19 04:00:00,4247.0,16.8,2014-01-19,False,Sunday
873,10,3214.884662,1074.115338,2014-01-19 04:30:00,4289.0,16.7,2014-01-19,False,Sunday
874,11,3245.425434,1049.574566,2014-01-19 05:00:00,4295.0,16.5,2014-01-19,False,Sunday
875,12,3258.741768,1054.258232,2014-01-19 05:30:00,4313.0,16.3,2014-01-19,False,Sunday
876,13,3346.352916,1063.647084,2014-01-19 06:00:00,4410.0,16.4,2014-01-19,False,Sunday
877,14,3462.123798,1045.876202,2014-01-19 06:30:00,4508.0,16.6,2014-01-19,False,Sunday
878,15,3507.580158,1057.419842,2014-01-19 07:00:00,4565.0,16.4,2014-01-19,False,Sunday
879,16,3612.20136,1044.79864,2014-01-19 07:30:00,4657.0,17.0,2014-01-19,False,Sunday
880,17,3722.800452,1063.199548,2014-01-19 08:00:00,4786.0,17.2,2014-01-19,False,Sunday
881,18,3811.204036,1074.795964,2014-01-19 08:30:00,4886.0,17.4,2014-01-19,False,Sunday
882,19,3888.463944,1059.536056,2014-01-19 09:00:00,4948.0,17.8,2014-01-19,False,Sunday
883,20,3904.478486,1065.521514,2014-01-19 09:30:00,4970.0,17.7,2014-01-19,False,Sunday
884,21,3921.86934,1072.13066,2014-01-19 10:00:00,4994.0,19.2,2014-01-19,False,Sunday
885,22,3946.19561,1074.80439,2014-01-19 10:30:00,5021.0,19.2,2014-01-19,False,Sunday
886,23,3973.45718,1085.54282,2014-01-19 11:00:00,5059.0,19.8,2014-01-19,False,Sunday
887,24,3970.051112,1061.948888,2014-01-19 11:30:00,5032.0,21.0,2014-01-19,False,Sunday
888,25,3981.03446,1062.96554,2014-01-19 12:00:00,5044.0,21.6,2014-01-19,False,Sunday
889,26,3988.195096,1078.804904,2014-01-19 12:30:00,5067.0,20.2,2014-01-19,False,Sunday
890,27,4012.339904,1061.660096,2014-01-19 13:00:00,5074.0,21.1,2014-01-19,False,Sunday
891,28,4051.667912,1069.332088,2014-01-19 13:30:00,5121.0,21.8,2014-01-19,False,Sunday
892,29,4091.082944,1084.917056,2014-01-19 14:00:00,5176.0,21.7,2014-01-19,False,Sunday
893,30,4152.373142,1069.626858,2014-01-19 14:30:00,5222.0,22.3,2014-01-19,False,Sunday
894,31,4202.047304,1081.952696,2014-01-19 15:00:00,5284.0,22.1,2014-01-19,False,Sunday
895,32,4276.694512,1069.305488,2014-01-19 15:30:00,5346.0,22.1,2014-01-19,False,Sunday
896,33,4353.109864,1059.890136,2014-01-19 16:00:00,5413.0,21.1,2014-01-19,False,Sunday
897,34,4425.226194,1042.773806,2014-01-19 16:30:00,5468.0,22.1,2014-01-19,False,Sunday
898,35,4493.091584,1069.908416,2014-01-19 17:00:00,5563.0,21.5,2014-01-19,False,Sunday
899,36,4504.853394,1043.146606,2014-01-19 17:30:00,5548.0,21.9,2014-01-19,False,Sunday
900,37,4439.351524,1059.648476,2014-01-19 18:00:00,5499.0,20.7,2014-01-19,False,Sunday
901,38,4373.358206,1057.641794,2014-01-19 18:30:00,5431.0,20.3,2014-01-19,False,Sunday
902,39,4340.914562,1051.085438,2014-01-19 19:00:00,5392.0,19.8,2014-01-19,False,Sunday
903,40,4371.437742,1055.562258,2014-01-19 19:30:00,5427.0,19.9,2014-01-19,False,Sunday
904,41,4430.275204,1059.724796,2014-01-19 20:00:00,5490.0,19.8,2014-01-19,False,Sunday
905,42,4362.421202,1077.578798,2014-01-19 20:30:00,5440.0,19.7,2014-01-19,False,Sunday
906,43,4196.089774,1070.910226,2014-01-19 21:00:00,5267.0,19.5,2014-01-19,False,Sunday
907,44,4016.060688,1076.939312,2014-01-19 21:30:00,5093.0,19.5,2014-01-19,False,Sunday
908,45,3915.558996,1079.441004,2014-01-19 22:00:00,4995.0,19.1,2014-01-19,False,Sunday
909,46,3913.164404,1060.835596,2014-01-19 22:30:00,4974.0,19.3,2014-01-19,False,Sunday
910,47,4225.336408,1085.663592,2014-01-19 23:00:00,5311.0,19.7,2014-01-19,False,Sunday
911,48,4303.705942,1060.294058,2014-01-19 23:30:00,5364.0,19.9,2014-01-19,False,Sunday
912,1,3993.135564,1077.864436,2014-01-20 00:00:00,5071.0,19.7,2014-01-20,False,Monday
913,2,3730.071146,1088.928854,2014-01-20 00:30:00,4819.0,19.3,2014-01-20,False,Monday
914,3,3601.625322,1079.374678,2014-01-20 01:00:00,4681.0,19.2,2014-01-20,False,Monday
915,4,3491.188588,1080.811412,2014-01-20 01:30:00,4572.0,19.2,2014-01-20,False,Monday
916,5,3395.771072,1091.228928,2014-01-20 02:00:00,4487.0,19.2,2014-01-20,False,Monday
917,6,3324.6844,1077.3156,2014-01-20 02:30:00,4402.0,19.2,2014-01-20,False,Monday
918,7,3335.619354,1077.380646,2014-01-20 03:00:00,4413.0,19.1,2014-01-20,False,Monday
919,8,3381.749926,1083.250074,2014-01-20 03:30:00,4465.0,19.2,2014-01-20,False,Monday
920,9,3543.386442,1053.613558,2014-01-20 04:00:00,4597.0,18.9,2014-01-20,False,Monday
921,10,3754.676688,1045.323312,2014-01-20 04:30:00,4800.0,19.2,2014-01-20,False,Monday
922,11,4057.71276,1045.28724,2014-01-20 05:00:00,5103.0,18.9,2014-01-20,False,Monday
923,12,4302.122216,1050.877784,2014-01-20 05:30:00,5353.0,19.3,2014-01-20,False,Monday
924,13,4666.638524,1056.361476,2014-01-20 06:00:00,5723.0,19.3,2014-01-20,False,Monday
925,14,4959.340302,1055.659698,2014-01-20 06:30:00,6015.0,19.2,2014-01-20,False,Monday
926,15,5012.85483,1062.14517,2014-01-20 07:00:00,6075.0,19.4,2014-01-20,False,Monday
927,16,5159.647248,1059.352752,2014-01-20 07:30:00,6219.0,19.7,2014-01-20,False,Monday
928,17,5276.94689,1068.05311,2014-01-20 08:00:00,6345.0,20.2,2014-01-20,False,Monday
929,18,5324.072754,1053.927246,2014-01-20 08:30:00,6378.0,20.2,2014-01-20,False,Monday
930,19,5363.81552,1005.18448,2014-01-20 09:00:00,6369.0,20.5,2014-01-20,False,Monday
931,20,5403.71217,1067.28783,2014-01-20 09:30:00,6471.0,20.6,2014-01-20,False,Monday
932,21,5416.603862,1070.396138,2014-01-20 10:00:00,6487.0,21.2,2014-01-20,False,Monday
933,22,5451.15523,1074.84477,2014-01-20 10:30:00,6526.0,21.7,2014-01-20,False,Monday
934,23,5462.378214,1073.621786,2014-01-20 11:00:00,6536.0,23.1,2014-01-20,False,Monday
935,24,5477.762676,1070.237324,2014-01-20 11:30:00,6548.0,23.2,2014-01-20,False,Monday
936,25,5512.455538,1069.544462,2014-01-20 12:00:00,6582.0,23.3,2014-01-20,False,Monday
937,26,5545.438864,1069.561136,2014-01-20 12:30:00,6615.0,23.7,2014-01-20,False,Monday
938,27,5570.2636,1052.7364,2014-01-20 13:00:00,6623.0,24.0,2014-01-20,False,Monday
939,28,5593.492782,1064.507218,2014-01-20 13:30:00,6658.0,22.8,2014-01-20,False,Monday
940,29,5612.879202,1074.120798,2014-01-20 14:00:00,6687.0,24.0,2014-01-20,False,Monday
941,30,5624.018868,1075.981132,2014-01-20 14:30:00,6700.0,23.0,2014-01-20,False,Monday
942,31,5641.616844,1063.383156,2014-01-20 15:00:00,6705.0,22.8,2014-01-20,False,Monday
943,32,5631.341406,1066.658594,2014-01-20 15:30:00,6698.0,23.8,2014-01-20,False,Monday
944,33,5593.710556,1119.289444,2014-01-20 16:00:00,6713.0,23.2,2014-01-20,False,Monday
945,34,5527.323072,1104.676928,2014-01-20 16:30:00,6632.0,22.5,2014-01-20,False,Monday
946,35,5349.06495,1112.93505,2014-01-20 17:00:00,6462.0,22.6,2014-01-20,False,Monday
947,36,5232.384154,1101.615846,2014-01-20 17:30:00,6334.0,21.9,2014-01-20,False,Monday
948,37,5057.586058,1097.413942,2014-01-20 18:00:00,6155.0,21.4,2014-01-20,False,Monday
949,38,4941.88497,1118.11503,2014-01-20 18:30:00,6060.0,20.5,2014-01-20,False,Monday
950,39,4843.115552,1093.884448,2014-01-20 19:00:00,5937.0,19.9,2014-01-20,False,Monday
951,40,4837.452452,1094.547548,2014-01-20 19:30:00,5932.0,19.6,2014-01-20,False,Monday
952,41,4831.918822,1092.081178,2014-01-20 20:00:00,5924.0,19.8,2014-01-20,False,Monday
953,42,4701.694892,1093.305108,2014-01-20 20:30:00,5795.0,19.1,2014-01-20,False,Monday
954,43,4478.697012,1108.302988,2014-01-20 21:00:00,5587.0,19.0,2014-01-20,False,Monday
955,44,4250.149738,1095.850262,2014-01-20 21:30:00,5346.0,18.8,2014-01-20,False,Monday
956,45,4170.906954,1097.093046,2014-01-20 22:00:00,5268.0,18.6,2014-01-20,False,Monday
957,46,4149.936432,1114.063568,2014-01-20 22:30:00,5264.0,18.3,2014-01-20,False,Monday
958,47,4439.462078,1102.537922,2014-01-20 23:00:00,5542.0,18.0,2014-01-20,False,Monday
959,48,4464.087038,1097.912962,2014-01-20 23:30:00,5562.0,17.9,2014-01-20,False,Monday
960,1,4128.232246,1111.767754,2014-01-21 00:00:00,5240.0,17.6,2014-01-21,False,Tuesday
961,2,3893.332544,1100.667456,2014-01-21 00:30:00,4994.0,17.5,2014-01-21,False,Tuesday
962,3,3732.289684,1097.710316,2014-01-21 01:00:00,4830.0,17.4,2014-01-21,False,Tuesday
963,4,3613.483244,1094.516756,2014-01-21 01:30:00,4708.0,17.2,2014-01-21,False,Tuesday
964,5,3526.122784,1083.877216,2014-01-21 02:00:00,4610.0,17.0,2014-01-21,False,Tuesday
965,6,3479.832678,1085.167322,2014-01-21 02:30:00,4565.0,16.9,2014-01-21,False,Tuesday
966,7,3468.823092,1088.176908,2014-01-21 03:00:00,4557.0,16.9,2014-01-21,False,Tuesday
967,8,3496.659336,1072.340664,2014-01-21 03:30:00,4569.0,16.9,2014-01-21,False,Tuesday
968,9,3607.942676,1092.057324,2014-01-21 04:00:00,4700.0,16.8,2014-01-21,False,Tuesday
969,10,3782.057876,1062.942124,2014-01-21 04:30:00,4845.0,16.9,2014-01-21,False,Tuesday
970,11,4093.364762,1087.635238,2014-01-21 05:00:00,5181.0,17.1,2014-01-21,False,Tuesday
971,12,4333.448412,1077.551588,2014-01-21 05:30:00,5411.0,17.1,2014-01-21,False,Tuesday
972,13,4659.943168,1083.056832,2014-01-21 06:00:00,5743.0,17.3,2014-01-21,False,Tuesday
973,14,4960.76989,1097.23011,2014-01-21 06:30:00,6058.0,17.2,2014-01-21,False,Tuesday
974,15,4979.711516,1073.288484,2014-01-21 07:00:00,6053.0,17.3,2014-01-21,False,Tuesday
975,16,5076.414462,1087.585538,2014-01-21 07:30:00,6164.0,17.5,2014-01-21,False,Tuesday
976,17,5144.406678,1107.593322,2014-01-21 08:00:00,6252.0,18.0,2014-01-21,False,Tuesday
977,18,5153.890564,1076.109436,2014-01-21 08:30:00,6230.0,17.7,2014-01-21,False,Tuesday
978,19,5168.534162,1086.465838,2014-01-21 09:00:00,6255.0,18.0,2014-01-21,False,Tuesday
979,20,5194.98085,1085.01915,2014-01-21 09:30:00,6280.0,18.2,2014-01-21,False,Tuesday
980,21,5202.94911,1081.05089,2014-01-21 10:00:00,6284.0,18.4,2014-01-21,False,Tuesday
981,22,5213.621824,1093.378176,2014-01-21 10:30:00,6307.0,18.8,2014-01-21,False,Tuesday
982,23,5178.568828,1074.431172,2014-01-21 11:00:00,6253.0,19.0,2014-01-21,False,Tuesday
983,24,5179.047182,1077.952818,2014-01-21 11:30:00,6257.0,20.4,2014-01-21,False,Tuesday
984,25,5187.024098,1088.975902,2014-01-21 12:00:00,6276.0,20.5,2014-01-21,False,Tuesday
985,26,5193.905518,1077.094482,2014-01-21 12:30:00,6271.0,21.5,2014-01-21,False,Tuesday
986,27,5219.473504,1093.526496,2014-01-21 13:00:00,6313.0,21.1,2014-01-21,False,Tuesday
987,28,5220.245148,1090.754852,2014-01-21 13:30:00,6311.0,21.7,2014-01-21,False,Tuesday
988,29,5208.048432,1071.951568,2014-01-21 14:00:00,6280.0,22.2,2014-01-21,False,Tuesday
989,30,5195.986432,1105.013568,2014-01-21 14:30:00,6301.0,23.1,2014-01-21,False,Tuesday
990,31,5197.248392,1076.751608,2014-01-21 15:00:00,6274.0,22.1,2014-01-21,False,Tuesday
991,32,5235.480236,1068.519764,2014-01-21 15:30:00,6304.0,23.0,2014-01-21,False,Tuesday
992,33,5253.82918,1079.17082,2014-01-21 16:00:00,6333.0,22.7,2014-01-21,False,Tuesday
993,34,5210.10989,1045.89011,2014-01-21 16:30:00,6256.0,21.3,2014-01-21,False,Tuesday
994,35,5049.864258,1082.135742,2014-01-21 17:00:00,6132.0,21.3,2014-01-21,False,Tuesday
995,36,4988.225834,1068.774166,2014-01-21 17:30:00,6057.0,20.8,2014-01-21,False,Tuesday
996,37,4876.779362,1071.220638,2014-01-21 18:00:00,5948.0,20.2,2014-01-21,False,Tuesday
997,38,4778.323246,1076.676754,2014-01-21 18:30:00,5855.0,18.9,2014-01-21,False,Tuesday
998,39,4693.09889,1065.90111,2014-01-21 19:00:00,5759.0,18.8,2014-01-21,False,Tuesday
999,40,4679.143364,1090.856636,2014-01-21 19:30:00,5770.0,18.3,2014-01-21,False,Tuesday
1000,41,4711.285624,1071.714376,2014-01-21 20:00:00,5783.0,18.4,2014-01-21,False,Tuesday
1001,42,4601.883228,1080.116772,2014-01-21 20:30:00,5682.0,18.2,2014-01-21,False,Tuesday
1002,43,4410.379298,1081.620702,2014-01-21 21:00:00,5492.0,17.8,2014-01-21,False,Tuesday
1003,44,4196.699104,1003.300896,2014-01-21 21:30:00,5200.0,17.7,2014-01-21,False,Tuesday
1004,45,4124.096064,1059.903936,2014-01-21 22:00:00,5184.0,17.7,2014-01-21,False,Tuesday
1005,46,4088.399412,1076.600588,2014-01-21 22:30:00,5165.0,17.9,2014-01-21,False,Tuesday
1006,47,4366.859634,1095.140366,2014-01-21 23:00:00,5462.0,17.5,2014-01-21,False,Tuesday
1007,48,4410.211034,1099.788966,2014-01-21 23:30:00,5510.0,17.8,2014-01-21,False,Tuesday
1008,1,4076.320262,1109.679738,2014-01-22 00:00:00,5186.0,17.8,2014-01-22,False,Wednesday
1009,2,3834.131698,1099.868302,2014-01-22 00:30:00,4934.0,17.8,2014-01-22,False,Wednesday
1010,3,3699.972316,1111.027684,2014-01-22 01:00:00,4811.0,17.5,2014-01-22,False,Wednesday
1011,4,3586.723372,1088.276628,2014-01-22 01:30:00,4675.0,17.4,2014-01-22,False,Wednesday
1012,5,3510.73327,1083.26673,2014-01-22 02:00:00,4594.0,17.0,2014-01-22,False,Wednesday
1013,6,3466.47413,1055.52587,2014-01-22 02:30:00,4522.0,16.9,2014-01-22,False,Wednesday
1014,7,3467.595474,1050.404526,2014-01-22 03:00:00,4518.0,16.3,2014-01-22,False,Wednesday
1015,8,3490.917738,1049.082262,2014-01-22 03:30:00,4540.0,16.7,2014-01-22,False,Wednesday
1016,9,3606.835562,1049.164438,2014-01-22 04:00:00,4656.0,17.0,2014-01-22,False,Wednesday
1017,10,3782.962226,1048.037774,2014-01-22 04:30:00,4831.0,16.8,2014-01-22,False,Wednesday
1018,11,4076.567828,1054.432172,2014-01-22 05:00:00,5131.0,17.0,2014-01-22,False,Wednesday
1019,12,4298.080426,1050.919574,2014-01-22 05:30:00,5349.0,17.1,2014-01-22,False,Wednesday
1020,13,4615.963744,1057.036256,2014-01-22 06:00:00,5673.0,16.9,2014-01-22,False,Wednesday
1021,14,4848.527516,1059.472484,2014-01-22 06:30:00,5908.0,16.6,2014-01-22,False,Wednesday
1022,15,4849.028362,1055.971638,2014-01-22 07:00:00,5905.0,17.2,2014-01-22,False,Wednesday
1023,16,4947.033206,1048.966794,2014-01-22 07:30:00,5996.0,17.4,2014-01-22,False,Wednesday
1024,17,4995.87479,1049.12521,2014-01-22 08:00:00,6045.0,18.1,2014-01-22,False,Wednesday
1025,18,4997.318754,1044.681246,2014-01-22 08:30:00,6042.0,19.5,2014-01-22,False,Wednesday
1026,19,5000.618866,1046.381134,2014-01-22 09:00:00,6047.0,18.8,2014-01-22,False,Wednesday
1027,20,5000.827354,1043.172646,2014-01-22 09:30:00,6044.0,19.9,2014-01-22,False,Wednesday
1028,21,5015.997944,1021.002056,2014-01-22 10:00:00,6037.0,20.9,2014-01-22,False,Wednesday
1029,22,5028.902124,1023.097876,2014-01-22 10:30:00,6052.0,20.6,2014-01-22,False,Wednesday
1030,23,5040.69021,1046.30979,2014-01-22 11:00:00,6087.0,21.5,2014-01-22,False,Wednesday
1031,24,5064.143778,1051.856222,2014-01-22 11:30:00,6116.0,21.3,2014-01-22,False,Wednesday
1032,25,5088.302348,1049.697652,2014-01-22 12:00:00,6138.0,21.8,2014-01-22,False,Wednesday
1033,26,5099.333346,1050.666654,2014-01-22 12:30:00,6150.0,22.0,2014-01-22,False,Wednesday
1034,27,5131.67764,1049.32236,2014-01-22 13:00:00,6181.0,21.8,2014-01-22,False,Wednesday
1035,28,5153.41455,1055.58545,2014-01-22 13:30:00,6209.0,22.1,2014-01-22,False,Wednesday
1036,29,5166.882756,1060.117244,2014-01-22 14:00:00,6227.0,23.3,2014-01-22,False,Wednesday
1037,30,5188.134566,1055.865434,2014-01-22 14:30:00,6244.0,22.3,2014-01-22,False,Wednesday
1038,31,5225.746784,1051.253216,2014-01-22 15:00:00,6277.0,22.6,2014-01-22,False,Wednesday
1039,32,5275.16423,1047.83577,2014-01-22 15:30:00,6323.0,22.9,2014-01-22,False,Wednesday
1040,33,5280.137616,1040.862384,2014-01-22 16:00:00,6321.0,23.2,2014-01-22,False,Wednesday
1041,34,5230.221396,1039.778604,2014-01-22 16:30:00,6270.0,23.2,2014-01-22,False,Wednesday
1042,35,5113.826398,1043.173602,2014-01-22 17:00:00,6157.0,22.8,2014-01-22,False,Wednesday
1043,36,5036.407284,1042.592716,2014-01-22 17:30:00,6079.0,22.5,2014-01-22,False,Wednesday
1044,37,4913.640388,1037.359612,2014-01-22 18:00:00,5951.0,21.2,2014-01-22,False,Wednesday
1045,38,4820.942018,1038.057982,2014-01-22 18:30:00,5859.0,20.4,2014-01-22,False,Wednesday
1046,39,4710.69725,1040.30275,2014-01-22 19:00:00,5751.0,19.5,2014-01-22,False,Wednesday
1047,40,4671.474882,1045.525118,2014-01-22 19:30:00,5717.0,19.0,2014-01-22,False,Wednesday
1048,41,4717.11057,1042.88943,2014-01-22 20:00:00,5760.0,18.1,2014-01-22,False,Wednesday
1049,42,4613.459304,1048.540696,2014-01-22 20:30:00,5662.0,17.5,2014-01-22,False,Wednesday
1050,43,4445.806992,1050.193008,2014-01-22 21:00:00,5496.0,17.1,2014-01-22,False,Wednesday
1051,44,4257.286186,1057.713814,2014-01-22 21:30:00,5315.0,16.8,2014-01-22,False,Wednesday
1052,45,4150.739672,1060.260328,2014-01-22 22:00:00,5211.0,16.7,2014-01-22,False,Wednesday
1053,46,4091.389704,1055.610296,2014-01-22 22:30:00,5147.0,16.4,2014-01-22,False,Wednesday
1054,47,4365.567836,1054.432164,2014-01-22 23:00:00,5420.0,16.1,2014-01-22,False,Wednesday
1055,48,4417.32488,1057.67512,2014-01-22 23:30:00,5475.0,16.0,2014-01-22,False,Wednesday
1056,1,4105.047082,1060.952918,2014-01-23 00:00:00,5166.0,15.8,2014-01-23,False,Thursday
1057,2,3827.22964,1059.77036,2014-01-23 00:30:00,4887.0,15.7,2014-01-23,False,Thursday
1058,3,3669.744982,1053.255018,2014-01-23 01:00:00,4723.0,15.3,2014-01-23,False,Thursday
1059,4,3560.650948,1051.349052,2014-01-23 01:30:00,4612.0,15.0,2014-01-23,False,Thursday
1060,5,3464.415462,1055.584538,2014-01-23 02:00:00,4520.0,14.8,2014-01-23,False,Thursday
1061,6,3409.303526,1055.696474,2014-01-23 02:30:00,4465.0,14.6,2014-01-23,False,Thursday
1062,7,3415.817338,1040.182662,2014-01-23 03:00:00,4456.0,14.2,2014-01-23,False,Thursday
1063,8,3444.584718,1039.415282,2014-01-23 03:30:00,4484.0,14.1,2014-01-23,False,Thursday
1064,9,3577.159026,1041.840974,2014-01-23 04:00:00,4619.0,13.9,2014-01-23,False,Thursday
1065,10,3755.590842,1043.409158,2014-01-23 04:30:00,4799.0,13.9,2014-01-23,False,Thursday
1066,11,4040.848986,1036.151014,2014-01-23 05:00:00,5077.0,14.0,2014-01-23,False,Thursday
1067,12,4256.157106,1038.842894,2014-01-23 05:30:00,5295.0,13.8,2014-01-23,False,Thursday
1068,13,4557.183162,1035.816838,2014-01-23 06:00:00,5593.0,13.8,2014-01-23,False,Thursday
1069,14,4789.839552,1031.160448,2014-01-23 06:30:00,5821.0,14.2,2014-01-23,False,Thursday
1070,15,4792.44267,1030.55733,2014-01-23 07:00:00,5823.0,15.4,2014-01-23,False,Thursday
1071,16,4909.946836,1029.053164,2014-01-23 07:30:00,5939.0,16.2,2014-01-23,False,Thursday
1072,17,4996.995276,1035.004724,2014-01-23 08:00:00,6032.0,17.3,2014-01-23,False,Thursday
1073,18,5025.373274,1039.626726,2014-01-23 08:30:00,6065.0,18.0,2014-01-23,False,Thursday
1074,19,5070.315842,1041.684158,2014-01-23 09:00:00,6112.0,19.3,2014-01-23,False,Thursday
1075,20,5139.704156,1037.295844,2014-01-23 09:30:00,6177.0,20.1,2014-01-23,False,Thursday
1076,21,5211.02623,1034.97377,2014-01-23 10:00:00,6246.0,21.7,2014-01-23,False,Thursday
1077,22,5273.633516,1042.366484,2014-01-23 10:30:00,6316.0,23.3,2014-01-23,False,Thursday
1078,23,5342.084388,1056.915612,2014-01-23 11:00:00,6399.0,25.6,2014-01-23,False,Thursday
1079,24,5413.4066,1052.5934,2014-01-23 11:30:00,6466.0,25.0,2014-01-23,False,Thursday
1080,25,5524.136766,1050.863234,2014-01-23 12:00:00,6575.0,24.7,2014-01-23,False,Thursday
1081,26,5627.17808,1049.82192,2014-01-23 12:30:00,6677.0,23.9,2014-01-23,False,Thursday
1082,27,5739.596526,1044.403474,2014-01-23 13:00:00,6784.0,24.6,2014-01-23,False,Thursday
1083,28,5840.231678,1047.768322,2014-01-23 13:30:00,6888.0,24.7,2014-01-23,False,Thursday
1084,29,5957.702808,1052.297192,2014-01-23 14:00:00,7010.0,25.3,2014-01-23,False,Thursday
1085,30,6101.685372,1045.314628,2014-01-23 14:30:00,7147.0,27.6,2014-01-23,False,Thursday
1086,31,6212.283182,1044.716818,2014-01-23 15:00:00,7257.0,27.8,2014-01-23,False,Thursday
1087,32,6296.48331,1046.51669,2014-01-23 15:30:00,7343.0,26.7,2014-01-23,False,Thursday
1088,33,6322.527102,1048.472898,2014-01-23 16:00:00,7371.0,26.5,2014-01-23,False,Thursday
1089,34,6357.67741,1047.32259,2014-01-23 16:30:00,7405.0,26.6,2014-01-23,False,Thursday
1090,35,6269.766502,1056.233498,2014-01-23 17:00:00,7326.0,28.0,2014-01-23,False,Thursday
1091,36,6235.980786,1046.019214,2014-01-23 17:30:00,7282.0,29.6,2014-01-23,False,Thursday
1092,37,6120.033118,1034.966882,2014-01-23 18:00:00,7155.0,29.3,2014-01-23,False,Thursday
1093,38,5958.441612,1032.558388,2014-01-23 18:30:00,6991.0,26.4,2014-01-23,False,Thursday
1094,39,5777.162696,1025.837304,2014-01-23 19:00:00,6803.0,25.5,2014-01-23,False,Thursday
1095,40,5694.29112,1027.70888,2014-01-23 19:30:00,6722.0,24.9,2014-01-23,False,Thursday
1096,41,5597.778916,1032.221084,2014-01-23 20:00:00,6630.0,24.9,2014-01-23,False,Thursday
1097,42,5382.78913,1035.21087,2014-01-23 20:30:00,6418.0,24.6,2014-01-23,False,Thursday
1098,43,5078.801602,1038.198398,2014-01-23 21:00:00,6117.0,24.0,2014-01-23,False,Thursday
1099,44,4793.630848,1043.369152,2014-01-23 21:30:00,5837.0,23.5,2014-01-23,False,Thursday
1100,45,4631.48402,1051.51598,2014-01-23 22:00:00,5683.0,22.5,2014-01-23,False,Thursday
1101,46,4528.192126,1051.807874,2014-01-23 22:30:00,5580.0,22.6,2014-01-23,False,Thursday
1102,47,4757.721294,1053.278706,2014-01-23 23:00:00,5811.0,22.4,2014-01-23,False,Thursday
1103,48,4726.560732,1053.439268,2014-01-23 23:30:00,5780.0,22.3,2014-01-23,False,Thursday
1104,1,4360.010632,1051.989368,2014-01-24 00:00:00,5412.0,21.9,2014-01-24,False,Friday
1105,2,4100.78565,1050.21435,2014-01-24 00:30:00,5151.0,21.5,2014-01-24,False,Friday
1106,3,3950.719062,1043.280938,2014-01-24 01:00:00,4994.0,21.6,2014-01-24,False,Friday
1107,4,3839.857172,1042.142828,2014-01-24 01:30:00,4882.0,21.0,2014-01-24,False,Friday
1108,5,3746.21494,1043.78506,2014-01-24 02:00:00,4790.0,20.4,2014-01-24,False,Friday
1109,6,3677.210918,1036.789082,2014-01-24 02:30:00,4714.0,20.2,2014-01-24,False,Friday
1110,7,3687.091314,1038.908686,2014-01-24 03:00:00,4726.0,20.0,2014-01-24,False,Friday
1111,8,3713.681332,1035.318668,2014-01-24 03:30:00,4749.0,20.1,2014-01-24,False,Friday
1112,9,3840.807788,1046.192212,2014-01-24 04:00:00,4887.0,20.2,2014-01-24,False,Friday
1113,10,3972.161154,1047.838846,2014-01-24 04:30:00,5020.0,20.8,2014-01-24,False,Friday
1114,11,4249.20757,1050.79243,2014-01-24 05:00:00,5300.0,21.2,2014-01-24,False,Friday
1115,12,4479.642054,1056.357946,2014-01-24 05:30:00,5536.0,21.3,2014-01-24,False,Friday
1116,13,4801.041102,1083.958898,2014-01-24 06:00:00,5885.0,20.8,2014-01-24,False,Friday
1117,14,5122.96778,1127.03222,2014-01-24 06:30:00,6250.0,20.9,2014-01-24,False,Friday
1118,15,5186.760396,1088.239604,2014-01-24 07:00:00,6275.0,21.3,2014-01-24,False,Friday
1119,16,5336.145402,1108.854598,2014-01-24 07:30:00,6445.0,20.7,2014-01-24,False,Friday
1120,17,5457.41878,1107.58122,2014-01-24 08:00:00,6565.0,19.7,2014-01-24,False,Friday
1121,18,5469.53985,1065.46015,2014-01-24 08:30:00,6535.0,19.1,2014-01-24,False,Friday
1122,19,5475.57426,1061.42574,2014-01-24 09:00:00,6537.0,19.1,2014-01-24,False,Friday
1123,20,5513.426996,1091.573004,2014-01-24 09:30:00,6605.0,18.7,2014-01-24,False,Friday
1124,21,5497.399056,1103.600944,2014-01-24 10:00:00,6601.0,18.2,2014-01-24,False,Friday
1125,22,5457.328398,1070.671602,2014-01-24 10:30:00,6528.0,18.1,2014-01-24,False,Friday
1126,23,5421.464254,923.535746,2014-01-24 11:00:00,6345.0,18.6,2014-01-24,False,Friday
1127,24,5367.261424,1103.738576,2014-01-24 11:30:00,6471.0,18.7,2014-01-24,False,Friday
1128,25,5283.419564,1093.580436,2014-01-24 12:00:00,6377.0,19.9,2014-01-24,False,Friday
1129,26,5215.946436,1109.053564,2014-01-24 12:30:00,6325.0,20.5,2014-01-24,False,Friday
1130,27,5177.169968,1090.830032,2014-01-24 13:00:00,6268.0,20.0,2014-01-24,False,Friday
1131,28,5140.606758,1112.393242,2014-01-24 13:30:00,6253.0,20.0,2014-01-24,False,Friday
1132,29,5096.262448,1109.737552,2014-01-24 14:00:00,6206.0,21.6,2014-01-24,False,Friday
1133,30,5066.236106,1085.763894,2014-01-24 14:30:00,6152.0,21.7,2014-01-24,False,Friday
1134,31,5079.201114,1104.798886,2014-01-24 15:00:00,6184.0,22.1,2014-01-24,False,Friday
1135,32,5087.501594,1076.498406,2014-01-24 15:30:00,6164.0,21.8,2014-01-24,False,Friday
1136,33,5050.903204,1102.096796,2014-01-24 16:00:00,6153.0,21.3,2014-01-24,False,Friday
1137,34,5025.336474,1071.663526,2014-01-24 16:30:00,6097.0,21.0,2014-01-24,False,Friday
1138,35,4903.705258,1100.294742,2014-01-24 17:00:00,6004.0,20.7,2014-01-24,False,Friday
1139,36,4810.446226,1074.553774,2014-01-24 17:30:00,5885.0,20.1,2014-01-24,False,Friday
1140,37,4676.119704,1080.880296,2014-01-24 18:00:00,5757.0,19.9,2014-01-24,False,Friday
1141,38,4609.08574,1078.91426,2014-01-24 18:30:00,5688.0,19.1,2014-01-24,False,Friday
1142,39,4540.925244,1070.074756,2014-01-24 19:00:00,5611.0,19.3,2014-01-24,False,Friday
1143,40,4510.33686,1009.66314,2014-01-24 19:30:00,5520.0,19.0,2014-01-24,False,Friday
1144,41,4479.452268,1075.547732,2014-01-24 20:00:00,5555.0,18.5,2014-01-24,False,Friday
1145,42,4377.129688,1085.870312,2014-01-24 20:30:00,5463.0,18.3,2014-01-24,False,Friday
1146,43,4229.761592,1079.238408,2014-01-24 21:00:00,5309.0,18.2,2014-01-24,False,Friday
1147,44,4051.835638,1097.164362,2014-01-24 21:30:00,5149.0,17.9,2014-01-24,False,Friday
1148,45,3988.021592,1061.978408,2014-01-24 22:00:00,5050.0,17.8,2014-01-24,False,Friday
1149,46,3962.430632,1097.569368,2014-01-24 22:30:00,5060.0,17.7,2014-01-24,False,Friday
1150,47,4263.318694,1083.681306,2014-01-24 23:00:00,5347.0,17.7,2014-01-24,False,Friday
1151,48,4316.3177,1083.6823,2014-01-24 23:30:00,5400.0,17.5,2014-01-24,False,Friday
1152,1,3957.420616,1101.579384,2014-01-25 00:00:00,5059.0,17.2,2014-01-25,False,Saturday
1153,2,3660.607006,1078.392994,2014-01-25 00:30:00,4739.0,17.1,2014-01-25,False,Saturday
1154,3,3495.362996,1081.637004,2014-01-25 01:00:00,4577.0,16.9,2014-01-25,False,Saturday
1155,4,3350.806856,1092.193144,2014-01-25 01:30:00,4443.0,16.6,2014-01-25,False,Saturday
1156,5,3259.7916,1073.2084,2014-01-25 02:00:00,4333.0,16.4,2014-01-25,False,Saturday
1157,6,3174.065068,1084.934932,2014-01-25 02:30:00,4259.0,16.3,2014-01-25,False,Saturday
1158,7,3132.22325,1067.77675,2014-01-25 03:00:00,4200.0,16.3,2014-01-25,False,Saturday
1159,8,3132.640394,1070.359606,2014-01-25 03:30:00,4203.0,16.2,2014-01-25,False,Saturday
1160,9,3164.979738,1076.020262,2014-01-25 04:00:00,4241.0,16.1,2014-01-25,False,Saturday
1161,10,3219.383286,1067.616714,2014-01-25 04:30:00,4287.0,15.7,2014-01-25,False,Saturday
1162,11,3321.306344,1071.693656,2014-01-25 05:00:00,4393.0,16.1,2014-01-25,False,Saturday
1163,12,3365.230436,1028.769564,2014-01-25 05:30:00,4394.0,15.6,2014-01-25,False,Saturday
1164,13,3510.947716,1020.052284,2014-01-25 06:00:00,4531.0,15.8,2014-01-25,False,Saturday
1165,14,3700.7067,1020.2933,2014-01-25 06:30:00,4721.0,16.0,2014-01-25,False,Saturday
1166,15,3752.083944,1023.916056,2014-01-25 07:00:00,4776.0,16.1,2014-01-25,False,Saturday
1167,16,3854.222716,1026.777284,2014-01-25 07:30:00,4881.0,16.3,2014-01-25,False,Saturday
1168,17,3948.539274,1031.460726,2014-01-25 08:00:00,4980.0,18.8,2014-01-25,False,Saturday
1169,18,3976.984594,1076.015406,2014-01-25 08:30:00,5053.0,18.2,2014-01-25,False,Saturday
1170,19,3999.648518,1052.351482,2014-01-25 09:00:00,5052.0,18.9,2014-01-25,False,Saturday
1171,20,3996.027788,1036.972212,2014-01-25 09:30:00,5033.0,18.6,2014-01-25,False,Saturday
1172,21,3966.193684,1035.806316,2014-01-25 10:00:00,5002.0,18.2,2014-01-25,False,Saturday
1173,22,3958.751324,1054.248676,2014-01-25 10:30:00,5013.0,19.4,2014-01-25,False,Saturday
1174,23,3916.172062,1077.827938,2014-01-25 11:00:00,4994.0,20.0,2014-01-25,False,Saturday
1175,24,3872.213102,1057.786898,2014-01-25 11:30:00,4930.0,19.7,2014-01-25,False,Saturday
1176,25,3832.1904,1071.8096,2014-01-25 12:00:00,4904.0,19.7,2014-01-25,False,Saturday
1177,26,3795.80722,1084.19278,2014-01-25 12:30:00,4880.0,19.8,2014-01-25,False,Saturday
1178,27,3773.89262,1062.10738,2014-01-25 13:00:00,4836.0,19.4,2014-01-25,False,Saturday
1179,28,3778.221466,1076.778534,2014-01-25 13:30:00,4855.0,19.8,2014-01-25,False,Saturday
1180,29,3792.16906,1049.83094,2014-01-25 14:00:00,4842.0,19.4,2014-01-25,False,Saturday
1181,30,3823.811566,1069.188434,2014-01-25 14:30:00,4893.0,19.2,2014-01-25,False,Saturday
1182,31,3881.263728,1072.736272,2014-01-25 15:00:00,4954.0,20.2,2014-01-25,False,Saturday
1183,32,3947.724714,1076.275286,2014-01-25 15:30:00,5024.0,19.8,2014-01-25,False,Saturday
1184,33,4010.73624,1072.26376,2014-01-25 16:00:00,5083.0,20.3,2014-01-25,False,Saturday
1185,34,4055.161018,1081.838982,2014-01-25 16:30:00,5137.0,20.2,2014-01-25,False,Saturday
1186,35,4074.194172,1060.805828,2014-01-25 17:00:00,5135.0,20.2,2014-01-25,False,Saturday
1187,36,4082.964682,1078.035318,2014-01-25 17:30:00,5161.0,19.2,2014-01-25,False,Saturday
1188,37,4043.65339,1061.34661,2014-01-25 18:00:00,5105.0,18.9,2014-01-25,False,Saturday
1189,38,4010.751004,1071.248996,2014-01-25 18:30:00,5082.0,18.3,2014-01-25,False,Saturday
1190,39,3957.545352,1087.454648,2014-01-25 19:00:00,5045.0,17.6,2014-01-25,False,Saturday
1191,40,3989.69619,1065.30381,2014-01-25 19:30:00,5055.0,17.2,2014-01-25,False,Saturday
1192,41,4083.778496,1069.221504,2014-01-25 20:00:00,5153.0,17.1,2014-01-25,False,Saturday
1193,42,4030.373788,1084.626212,2014-01-25 20:30:00,5115.0,17.1,2014-01-25,False,Saturday
1194,43,3937.243994,1058.756006,2014-01-25 21:00:00,4996.0,16.8,2014-01-25,False,Saturday
1195,44,3780.795896,1080.204104,2014-01-25 21:30:00,4861.0,16.5,2014-01-25,False,Saturday
1196,45,3744.642714,1070.357286,2014-01-25 22:00:00,4815.0,16.3,2014-01-25,False,Saturday
1197,46,3773.327652,1061.672348,2014-01-25 22:30:00,4835.0,16.2,2014-01-25,False,Saturday
1198,47,4096.872846,1078.127154,2014-01-25 23:00:00,5175.0,16.3,2014-01-25,False,Saturday
1199,48,4166.658278,1059.341722,2014-01-25 23:30:00,5226.0,16.2,2014-01-25,False,Saturday
1200,1,3849.586472,1097.413528,2014-01-26 00:00:00,4947.0,15.8,2014-01-26,False,Sunday
1201,2,3581.453246,1078.546754,2014-01-26 00:30:00,4660.0,15.8,2014-01-26,False,Sunday
1202,3,3399.552718,1071.447282,2014-01-26 01:00:00,4471.0,15.5,2014-01-26,False,Sunday
1203,4,3249.62404,1076.37596,2014-01-26 01:30:00,4326.0,15.2,2014-01-26,False,Sunday
1204,5,3149.11065,1064.88935,2014-01-26 02:00:00,4214.0,14.9,2014-01-26,False,Sunday
1205,6,3073.072008,1078.927992,2014-01-26 02:30:00,4152.0,14.7,2014-01-26,False,Sunday
1206,7,3041.324158,1050.675842,2014-01-26 03:00:00,4092.0,14.5,2014-01-26,False,Sunday
1207,8,3018.492848,1062.507152,2014-01-26 03:30:00,4081.0,14.0,2014-01-26,False,Sunday
1208,9,3029.913122,1077.086878,2014-01-26 04:00:00,4107.0,13.6,2014-01-26,False,Sunday
1209,10,3062.831504,890.168496,2014-01-26 04:30:00,3953.0,13.4,2014-01-26,False,Sunday
1210,11,3090.507572,996.492428,2014-01-26 05:00:00,4087.0,13.7,2014-01-26,False,Sunday
1211,12,3101.275848,1060.724152,2014-01-26 05:30:00,4162.0,13.1,2014-01-26,False,Sunday
1212,13,3200.609828,1059.390172,2014-01-26 06:00:00,4260.0,14.0,2014-01-26,False,Sunday
1213,14,3307.557466,1079.442534,2014-01-26 06:30:00,4387.0,14.7,2014-01-26,False,Sunday
1214,15,3335.979794,1051.020206,2014-01-26 07:00:00,4387.0,15.4,2014-01-26,False,Sunday
1215,16,3443.123532,1053.876468,2014-01-26 07:30:00,4497.0,16.2,2014-01-26,False,Sunday
1216,17,3562.402332,1052.597668,2014-01-26 08:00:00,4615.0,17.3,2014-01-26,False,Sunday
1217,18,3650.072514,1046.927486,2014-01-26 08:30:00,4697.0,18.1,2014-01-26,False,Sunday
1218,19,3717.308528,1067.691472,2014-01-26 09:00:00,4785.0,18.3,2014-01-26,False,Sunday
1219,20,3719.108356,1064.891644,2014-01-26 09:30:00,4784.0,19.7,2014-01-26,False,Sunday
1220,21,3744.036418,1072.963582,2014-01-26 10:00:00,4817.0,20.7,2014-01-26,False,Sunday
1221,22,3765.231128,1055.768872,2014-01-26 10:30:00,4821.0,21.4,2014-01-26,False,Sunday
1222,23,3776.816902,1077.183098,2014-01-26 11:00:00,4854.0,21.8,2014-01-26,False,Sunday
1223,24,3758.869454,1043.130546,2014-01-26 11:30:00,4802.0,22.6,2014-01-26,False,Sunday
1224,25,3756.777998,1081.222002,2014-01-26 12:00:00,4838.0,21.8,2014-01-26,False,Sunday
1225,26,3778.706628,1053.293372,2014-01-26 12:30:00,4832.0,23.1,2014-01-26,False,Sunday
1226,27,3812.911552,1069.088448,2014-01-26 13:00:00,4882.0,25.0,2014-01-26,False,Sunday
1227,28,3855.553392,1073.446608,2014-01-26 13:30:00,4929.0,24.9,2014-01-26,False,Sunday
1228,29,3907.096274,1071.903726,2014-01-26 14:00:00,4979.0,24.9,2014-01-26,False,Sunday
1229,30,4006.246806,1080.753194,2014-01-26 14:30:00,5087.0,24.6,2014-01-26,False,Sunday
1230,31,4137.122504,1053.877496,2014-01-26 15:00:00,5191.0,24.7,2014-01-26,False,Sunday
1231,32,4261.44744,1075.55256,2014-01-26 15:30:00,5337.0,25.4,2014-01-26,False,Sunday
1232,33,4340.880328,1021.119672,2014-01-26 16:00:00,5362.0,26.0,2014-01-26,False,Sunday
1233,34,4444.394256,1068.605744,2014-01-26 16:30:00,5513.0,26.8,2014-01-26,False,Sunday
1234,35,4511.953056,1084.046944,2014-01-26 17:00:00,5596.0,26.6,2014-01-26,False,Sunday
1235,36,4551.06632,1062.93368,2014-01-26 17:30:00,5614.0,25.8,2014-01-26,False,Sunday
1236,37,4536.01049,1071.98951,2014-01-26 18:00:00,5608.0,26.0,2014-01-26,False,Sunday
1237,38,4496.701582,1089.298418,2014-01-26 18:30:00,5586.0,27.0,2014-01-26,False,Sunday
1238,39,4397.709688,1072.290312,2014-01-26 19:00:00,5470.0,26.4,2014-01-26,False,Sunday
1239,40,4361.501454,1067.498546,2014-01-26 19:30:00,5429.0,25.3,2014-01-26,False,Sunday
1240,41,4417.287244,1088.712756,2014-01-26 20:00:00,5506.0,24.6,2014-01-26,False,Sunday
1241,42,4362.040018,1072.959982,2014-01-26 20:30:00,5435.0,24.2,2014-01-26,False,Sunday
1242,43,4217.147446,1066.852554,2014-01-26 21:00:00,5284.0,24.1,2014-01-26,False,Sunday
1243,44,4067.710574,1076.289426,2014-01-26 21:30:00,5144.0,23.1,2014-01-26,False,Sunday
1244,45,3971.949566,1071.050434,2014-01-26 22:00:00,5043.0,22.8,2014-01-26,False,Sunday
1245,46,3936.317698,1076.682302,2014-01-26 22:30:00,5013.0,22.5,2014-01-26,False,Sunday
1246,47,4212.637886,1057.362114,2014-01-26 23:00:00,5270.0,21.8,2014-01-26,False,Sunday
1247,48,4254.055704,1062.944296,2014-01-26 23:30:00,5317.0,21.2,2014-01-26,False,Sunday
1248,1,3921.552582,1088.447418,2014-01-27 00:00:00,5010.0,20.4,2014-01-27,True,Monday
1249,2,3668.690144,1077.309856,2014-01-27 00:30:00,4746.0,19.9,2014-01-27,True,Monday
1250,3,3486.362258,1075.637742,2014-01-27 01:00:00,4562.0,19.6,2014-01-27,True,Monday
1251,4,3363.432494,1073.567506,2014-01-27 01:30:00,4437.0,20.2,2014-01-27,True,Monday
1252,5,3253.792262,1070.207738,2014-01-27 02:00:00,4324.0,19.0,2014-01-27,True,Monday
1253,6,3164.828414,1096.171586,2014-01-27 02:30:00,4261.0,18.7,2014-01-27,True,Monday
1254,7,3128.676216,1074.323784,2014-01-27 03:00:00,4203.0,18.7,2014-01-27,True,Monday
1255,8,3118.887012,1077.112988,2014-01-27 03:30:00,4196.0,18.7,2014-01-27,True,Monday
1256,9,3155.894478,1081.105522,2014-01-27 04:00:00,4237.0,18.7,2014-01-27,True,Monday
1257,10,3198.907898,1063.092102,2014-01-27 04:30:00,4262.0,18.8,2014-01-27,True,Monday
1258,11,3278.34273,1072.65727,2014-01-27 05:00:00,4351.0,18.5,2014-01-27,True,Monday
1259,12,3297.550382,1079.449618,2014-01-27 05:30:00,4377.0,18.8,2014-01-27,True,Monday
1260,13,3419.607062,1070.392938,2014-01-27 06:00:00,4490.0,19.2,2014-01-27,True,Monday
1261,14,3576.476804,1101.523196,2014-01-27 06:30:00,4678.0,20.9,2014-01-27,True,Monday
1262,15,3636.70203,1072.29797,2014-01-27 07:00:00,4709.0,22.8,2014-01-27,True,Monday
1263,16,3793.830894,1101.169106,2014-01-27 07:30:00,4895.0,24.1,2014-01-27,True,Monday
1264,17,4015.389196,1054.610804,2014-01-27 08:00:00,5070.0,24.8,2014-01-27,True,Monday
1265,18,4169.414866,1046.585134,2014-01-27 08:30:00,5216.0,25.0,2014-01-27,True,Monday
1266,19,4327.549818,1044.450182,2014-01-27 09:00:00,5372.0,26.1,2014-01-27,True,Monday
1267,20,4439.036172,1048.963828,2014-01-27 09:30:00,5488.0,26.8,2014-01-27,True,Monday
1268,21,4578.174212,1047.825788,2014-01-27 10:00:00,5626.0,27.8,2014-01-27,True,Monday
1269,22,4709.118914,1048.881086,2014-01-27 10:30:00,5758.0,29.3,2014-01-27,True,Monday
1270,23,4843.278342,1045.721658,2014-01-27 11:00:00,5889.0,30.0,2014-01-27,True,Monday
1271,24,4974.78284,1048.21716,2014-01-27 11:30:00,6023.0,31.2,2014-01-27,True,Monday
1272,25,5106.880908,1049.119092,2014-01-27 12:00:00,6156.0,31.4,2014-01-27,True,Monday
1273,26,5261.599836,1049.400164,2014-01-27 12:30:00,6311.0,31.7,2014-01-27,True,Monday
1274,27,5435.912792,1051.087208,2014-01-27 13:00:00,6487.0,32.5,2014-01-27,True,Monday
1275,28,5599.626864,1051.373136,2014-01-27 13:30:00,6651.0,33.1,2014-01-27,True,Monday
1276,29,5795.273648,1051.726352,2014-01-27 14:00:00,6847.0,33.5,2014-01-27,True,Monday
1277,30,5982.74054,1052.25946,2014-01-27 14:30:00,7035.0,33.5,2014-01-27,True,Monday
1278,31,6171.222462,1045.777538,2014-01-27 15:00:00,7217.0,33.7,2014-01-27,True,Monday
1279,32,6404.451582,1049.548418,2014-01-27 15:30:00,7454.0,33.7,2014-01-27,True,Monday
1280,33,6583.894246,1053.105754,2014-01-27 16:00:00,7637.0,34.5,2014-01-27,True,Monday
1281,34,6702.724492,1044.275508,2014-01-27 16:30:00,7747.0,34.4,2014-01-27,True,Monday
1282,35,6728.448858,1044.551142,2014-01-27 17:00:00,7773.0,34.2,2014-01-27,True,Monday
1283,36,6728.811,1042.189,2014-01-27 17:30:00,7771.0,34.2,2014-01-27,True,Monday
1284,37,6636.7708,1035.2292,2014-01-27 18:00:00,7672.0,33.8,2014-01-27,True,Monday
1285,38,6496.556192,1040.443808,2014-01-27 18:30:00,7537.0,33.5,2014-01-27,True,Monday
1286,39,6260.182532,1056.817468,2014-01-27 19:00:00,7317.0,33.1,2014-01-27,True,Monday
1287,40,6097.96831,1060.03169,2014-01-27 19:30:00,7158.0,32.7,2014-01-27,True,Monday
1288,41,6021.597652,1056.402348,2014-01-27 20:00:00,7078.0,32.0,2014-01-27,True,Monday
1289,42,5785.346768,1049.653232,2014-01-27 20:30:00,6835.0,31.5,2014-01-27,True,Monday
1290,43,5450.911032,1049.088968,2014-01-27 21:00:00,6500.0,30.9,2014-01-27,True,Monday
1291,44,5105.262648,1043.737352,2014-01-27 21:30:00,6149.0,30.1,2014-01-27,True,Monday
1292,45,4864.263422,1043.736578,2014-01-27 22:00:00,5908.0,29.4,2014-01-27,True,Monday
1293,46,4711.677762,1047.322238,2014-01-27 22:30:00,5759.0,29.1,2014-01-27,True,Monday
1294,47,4907.669306,1052.330694,2014-01-27 23:00:00,5960.0,28.4,2014-01-27,True,Monday
1295,48,4862.559114,1050.440886,2014-01-27 23:30:00,5913.0,27.8,2014-01-27,True,Monday
1296,1,4490.270436,1056.729564,2014-01-28 00:00:00,5547.0,26.8,2014-01-28,False,Tuesday
1297,2,4235.71122,1058.28878,2014-01-28 00:30:00,5294.0,26.1,2014-01-28,False,Tuesday
1298,3,4072.024802,1052.975198,2014-01-28 01:00:00,5125.0,25.5,2014-01-28,False,Tuesday
1299,4,3949.681984,1054.318016,2014-01-28 01:30:00,5004.0,25.3,2014-01-28,False,Tuesday
1300,5,3863.455764,1057.544236,2014-01-28 02:00:00,4921.0,25.2,2014-01-28,False,Tuesday
1301,6,3782.921448,1063.078552,2014-01-28 02:30:00,4846.0,25.6,2014-01-28,False,Tuesday
1302,7,3750.914214,1062.085786,2014-01-28 03:00:00,4813.0,25.4,2014-01-28,False,Tuesday
1303,8,3774.026838,1061.973162,2014-01-28 03:30:00,4836.0,24.9,2014-01-28,False,Tuesday
1304,9,3911.674908,1093.325092,2014-01-28 04:00:00,5005.0,25.4,2014-01-28,False,Tuesday
1305,10,4083.479066,1083.520934,2014-01-28 04:30:00,5167.0,25.4,2014-01-28,False,Tuesday
1306,11,4457.780862,1113.219138,2014-01-28 05:00:00,5571.0,25.1,2014-01-28,False,Tuesday
1307,12,4738.669318,1118.330682,2014-01-28 05:30:00,5857.0,25.1,2014-01-28,False,Tuesday
1308,13,5166.289156,1086.710844,2014-01-28 06:00:00,6253.0,25.3,2014-01-28,False,Tuesday
1309,14,5530.7649,1091.2351,2014-01-28 06:30:00,6622.0,26.6,2014-01-28,False,Tuesday
1310,15,5740.055846,1114.944154,2014-01-28 07:00:00,6855.0,27.6,2014-01-28,False,Tuesday
1311,16,6055.478326,1113.521674,2014-01-28 07:30:00,7169.0,28.6,2014-01-28,False,Tuesday
1312,17,6370.171604,1104.828396,2014-01-28 08:00:00,7475.0,29.7,2014-01-28,False,Tuesday
1313,18,6603.090352,1098.909648,2014-01-28 08:30:00,7702.0,31.1,2014-01-28,False,Tuesday
1314,19,6828.410528,1116.589472,2014-01-28 09:00:00,7945.0,31.7,2014-01-28,False,Tuesday
1315,20,7053.20779,1109.79221,2014-01-28 09:30:00,8163.0,32.3,2014-01-28,False,Tuesday
1316,21,7273.420454,1111.579546,2014-01-28 10:00:00,8385.0,33.6,2014-01-28,False,Tuesday
1317,22,7489.234392,1131.765608,2014-01-28 10:30:00,8621.0,33.9,2014-01-28,False,Tuesday
1318,23,7688.985824,999.014176,2014-01-28 11:00:00,8688.0,34.5,2014-01-28,False,Tuesday
1319,24,7902.529586,1118.470414,2014-01-28 11:30:00,9021.0,34.9,2014-01-28,False,Tuesday
1320,25,8093.689712,1117.310288,2014-01-28 12:00:00,9211.0,35.5,2014-01-28,False,Tuesday
1321,26,8276.650944,1116.349056,2014-01-28 12:30:00,9393.0,36.1,2014-01-28,False,Tuesday
1322,27,8448.313846,1128.686154,2014-01-28 13:00:00,9577.0,37.1,2014-01-28,False,Tuesday
1323,28,8595.43752,1110.56248,2014-01-28 13:30:00,9706.0,36.9,2014-01-28,False,Tuesday
1324,29,8753.984308,1110.015692,2014-01-28 14:00:00,9864.0,38.8,2014-01-28,False,Tuesday
1325,30,8896.89414,1100.10586,2014-01-28 14:30:00,9997.0,39.3,2014-01-28,False,Tuesday
1326,31,9038.300572,1114.699428,2014-01-28 15:00:00,10153.0,39.5,2014-01-28,False,Tuesday
1327,32,9168.525732,1092.474268,2014-01-28 15:30:00,10261.0,40.0,2014-01-28,False,Tuesday
1328,33,9216.343836,1096.656164,2014-01-28 16:00:00,10313.0,41.0,2014-01-28,False,Tuesday
1329,34,9180.180324,1047.819676,2014-01-28 16:30:00,10228.0,41.4,2014-01-28,False,Tuesday
1330,35,8964.1245,1020.8755,2014-01-28 17:00:00,9985.0,41.4,2014-01-28,False,Tuesday
1331,36,8813.715368,1078.284632,2014-01-28 17:30:00,9892.0,40.7,2014-01-28,False,Tuesday
1332,37,8397.653934,1080.346066,2014-01-28 18:00:00,9478.0,40.6,2014-01-28,False,Tuesday
1333,38,7950.821208,1082.178792,2014-01-28 18:30:00,9033.0,31.5,2014-01-28,False,Tuesday
1334,39,7431.896264,1104.103736,2014-01-28 19:00:00,8536.0,29.5,2014-01-28,False,Tuesday
1335,40,6995.321722,1116.678278,2014-01-28 19:30:00,8112.0,27.0,2014-01-28,False,Tuesday
1336,41,6672.167992,1094.832008,2014-01-28 20:00:00,7767.0,25.2,2014-01-28,False,Tuesday
1337,42,6290.212002,1109.787998,2014-01-28 20:30:00,7400.0,23.7,2014-01-28,False,Tuesday
1338,43,5833.370302,1118.629698,2014-01-28 21:00:00,6952.0,23.6,2014-01-28,False,Tuesday
1339,44,5387.913668,1093.086332,2014-01-28 21:30:00,6481.0,22.7,2014-01-28,False,Tuesday
1340,45,5107.892576,1137.107424,2014-01-28 22:00:00,6245.0,22.1,2014-01-28,False,Tuesday
1341,46,4944.861968,1119.138032,2014-01-28 22:30:00,6064.0,22.0,2014-01-28,False,Tuesday
1342,47,5092.03623,1109.96377,2014-01-28 23:00:00,6202.0,21.6,2014-01-28,False,Tuesday
1343,48,5011.866052,1142.133948,2014-01-28 23:30:00,6154.0,21.6,2014-01-28,False,Tuesday
1344,1,4616.04614,1121.95386,2014-01-29 00:00:00,5738.0,21.7,2014-01-29,False,Wednesday
1345,2,4351.257302,1103.742698,2014-01-29 00:30:00,5455.0,21.2,2014-01-29,False,Wednesday
1346,3,4203.43671,1119.56329,2014-01-29 01:00:00,5323.0,21.2,2014-01-29,False,Wednesday
1347,4,4093.308912,1100.691088,2014-01-29 01:30:00,5194.0,20.4,2014-01-29,False,Wednesday
1348,5,3997.314944,1094.685056,2014-01-29 02:00:00,5092.0,20.4,2014-01-29,False,Wednesday
1349,6,3911.748744,1081.251256,2014-01-29 02:30:00,4993.0,20.1,2014-01-29,False,Wednesday
1350,7,3870.471146,1052.528854,2014-01-29 03:00:00,4923.0,19.8,2014-01-29,False,Wednesday
1351,8,3874.619996,1048.380004,2014-01-29 03:30:00,4923.0,19.6,2014-01-29,False,Wednesday
1352,9,3977.439676,1051.560324,2014-01-29 04:00:00,5029.0,19.5,2014-01-29,False,Wednesday
1353,10,4141.75469,1049.24531,2014-01-29 04:30:00,5191.0,19.3,2014-01-29,False,Wednesday
1354,11,4489.777004,1052.222996,2014-01-29 05:00:00,5542.0,19.5,2014-01-29,False,Wednesday
1355,12,4762.810416,1048.189584,2014-01-29 05:30:00,5811.0,19.8,2014-01-29,False,Wednesday
1356,13,5133.159326,1054.840674,2014-01-29 06:00:00,6188.0,19.2,2014-01-29,False,Wednesday
1357,14,5409.85389,1051.14611,2014-01-29 06:30:00,6461.0,19.0,2014-01-29,False,Wednesday
1358,15,5408.522588,1049.477412,2014-01-29 07:00:00,6458.0,18.8,2014-01-29,False,Wednesday
1359,16,5473.138186,1051.861814,2014-01-29 07:30:00,6525.0,18.5,2014-01-29,False,Wednesday
1360,17,5538.721686,1060.278314,2014-01-29 08:00:00,6599.0,18.6,2014-01-29,False,Wednesday
1361,18,5532.012012,1054.987988,2014-01-29 08:30:00,6587.0,19.2,2014-01-29,False,Wednesday
1362,19,5520.631336,1054.368664,2014-01-29 09:00:00,6575.0,19.1,2014-01-29,False,Wednesday
1363,20,5546.498402,1054.501598,2014-01-29 09:30:00,6601.0,19.7,2014-01-29,False,Wednesday
1364,21,5577.872422,1053.127578,2014-01-29 10:00:00,6631.0,20.7,2014-01-29,False,Wednesday
1365,22,5641.356616,1056.643384,2014-01-29 10:30:00,6698.0,20.7,2014-01-29,False,Wednesday
1366,23,5652.257596,1055.742404,2014-01-29 11:00:00,6708.0,21.3,2014-01-29,False,Wednesday
1367,24,5688.917088,1050.082912,2014-01-29 11:30:00,6739.0,22.2,2014-01-29,False,Wednesday
1368,25,5704.295706,1050.704294,2014-01-29 12:00:00,6755.0,21.9,2014-01-29,False,Wednesday
1369,26,5744.337158,1051.662842,2014-01-29 12:30:00,6796.0,22.8,2014-01-29,False,Wednesday
1370,27,5772.935136,1054.064864,2014-01-29 13:00:00,6827.0,24.4,2014-01-29,False,Wednesday
1371,28,5812.140736,1058.859264,2014-01-29 13:30:00,6871.0,23.8,2014-01-29,False,Wednesday
1372,29,5827.833004,1060.166996,2014-01-29 14:00:00,6888.0,23.7,2014-01-29,False,Wednesday
1373,30,5848.39258,1059.60742,2014-01-29 14:30:00,6908.0,23.0,2014-01-29,False,Wednesday
1374,31,5888.057438,1050.942562,2014-01-29 15:00:00,6939.0,24.3,2014-01-29,False,Wednesday
1375,32,5927.190014,1049.809986,2014-01-29 15:30:00,6977.0,24.5,2014-01-29,False,Wednesday
1376,33,5912.092854,1048.907146,2014-01-29 16:00:00,6961.0,23.2,2014-01-29,False,Wednesday
1377,34,5822.969392,1042.030608,2014-01-29 16:30:00,6865.0,22.7,2014-01-29,False,Wednesday
1378,35,5638.269006,1041.730994,2014-01-29 17:00:00,6680.0,22.4,2014-01-29,False,Wednesday
1379,36,5509.123474,1041.876526,2014-01-29 17:30:00,6551.0,22.4,2014-01-29,False,Wednesday
1380,37,5339.936682,1040.063318,2014-01-29 18:00:00,6380.0,21.3,2014-01-29,False,Wednesday
1381,38,5212.519314,1040.480686,2014-01-29 18:30:00,6253.0,20.6,2014-01-29,False,Wednesday
1382,39,5085.98074,1041.01926,2014-01-29 19:00:00,6127.0,19.7,2014-01-29,False,Wednesday
1383,40,5044.604556,1046.395444,2014-01-29 19:30:00,6091.0,19.5,2014-01-29,False,Wednesday
1384,41,5046.722614,1044.277386,2014-01-29 20:00:00,6091.0,19.1,2014-01-29,False,Wednesday
1385,42,4906.08166,1044.91834,2014-01-29 20:30:00,5951.0,18.7,2014-01-29,False,Wednesday
1386,43,4674.564718,1046.435282,2014-01-29 21:00:00,5721.0,18.3,2014-01-29,False,Wednesday
1387,44,4434.065902,1045.934098,2014-01-29 21:30:00,5480.0,17.7,2014-01-29,False,Wednesday
1388,45,4313.732642,1048.267358,2014-01-29 22:00:00,5362.0,17.4,2014-01-29,False,Wednesday
1389,46,4250.41408,1052.58592,2014-01-29 22:30:00,5303.0,17.4,2014-01-29,False,Wednesday
1390,47,4535.401728,1049.598272,2014-01-29 23:00:00,5585.0,16.8,2014-01-29,False,Wednesday
1391,48,4559.325296,1047.674704,2014-01-29 23:30:00,5607.0,16.8,2014-01-29,False,Wednesday
1392,1,4177.977124,1043.022876,2014-01-30 00:00:00,5221.0,16.7,2014-01-30,False,Thursday
1393,2,3928.950286,1039.049714,2014-01-30 00:30:00,4968.0,16.4,2014-01-30,False,Thursday
1394,3,3780.015186,1039.984814,2014-01-30 01:00:00,4820.0,16.4,2014-01-30,False,Thursday
1395,4,3659.624514,1044.375486,2014-01-30 01:30:00,4704.0,16.2,2014-01-30,False,Thursday
1396,5,3571.095366,1037.904634,2014-01-30 02:00:00,4609.0,16.3,2014-01-30,False,Thursday
1397,6,3500.55564,1032.44436,2014-01-30 02:30:00,4533.0,16.2,2014-01-30,False,Thursday
1398,7,3502.80274,1029.19726,2014-01-30 03:00:00,4532.0,16.6,2014-01-30,False,Thursday
1399,8,3545.490646,1021.509354,2014-01-30 03:30:00,4567.0,16.9,2014-01-30,False,Thursday
1400,9,3689.226062,1021.773938,2014-01-30 04:00:00,4711.0,16.7,2014-01-30,False,Thursday
1401,10,3894.081368,1034.918632,2014-01-30 04:30:00,4929.0,16.7,2014-01-30,False,Thursday
1402,11,4273.166088,1032.833912,2014-01-30 05:00:00,5306.0,17.1,2014-01-30,False,Thursday
1403,12,4567.823118,1032.176882,2014-01-30 05:30:00,5600.0,17.1,2014-01-30,False,Thursday
1404,13,4940.28076,1021.71924,2014-01-30 06:00:00,5962.0,17.4,2014-01-30,False,Thursday
1405,14,5208.905848,1033.094152,2014-01-30 06:30:00,6242.0,17.6,2014-01-30,False,Thursday
1406,15,5175.10667,1038.89333,2014-01-30 07:00:00,6214.0,18.2,2014-01-30,False,Thursday
1407,16,5241.70271,1046.29729,2014-01-30 07:30:00,6288.0,18.1,2014-01-30,False,Thursday
1408,17,5326.286758,1052.713242,2014-01-30 08:00:00,6379.0,18.7,2014-01-30,False,Thursday
1409,18,5362.092552,1053.907448,2014-01-30 08:30:00,6416.0,19.0,2014-01-30,False,Thursday
1410,19,5432.99599,1048.00401,2014-01-30 09:00:00,6481.0,19.9,2014-01-30,False,Thursday
1411,20,5531.135792,1053.864208,2014-01-30 09:30:00,6585.0,21.4,2014-01-30,False,Thursday
1412,21,5636.229572,1049.770428,2014-01-30 10:00:00,6686.0,22.3,2014-01-30,False,Thursday
1413,22,5766.387886,1047.612114,2014-01-30 10:30:00,6814.0,22.9,2014-01-30,False,Thursday
1414,23,5876.172612,1054.827388,2014-01-30 11:00:00,6931.0,24.8,2014-01-30,False,Thursday
1415,24,5996.01612,1054.98388,2014-01-30 11:30:00,7051.0,26.4,2014-01-30,False,Thursday
1416,25,6133.841156,1050.158844,2014-01-30 12:00:00,7184.0,27.8,2014-01-30,False,Thursday
1417,26,6286.360384,1046.639616,2014-01-30 12:30:00,7333.0,29.2,2014-01-30,False,Thursday
1418,27,6407.776522,1044.223478,2014-01-30 13:00:00,7452.0,26.1,2014-01-30,False,Thursday
1419,28,6515.439186,1050.560814,2014-01-30 13:30:00,7566.0,27.4,2014-01-30,False,Thursday
1420,29,6624.744726,1054.255274,2014-01-30 14:00:00,7679.0,26.5,2014-01-30,False,Thursday
1421,30,6741.793038,1052.206962,2014-01-30 14:30:00,7794.0,27.9,2014-01-30,False,Thursday
1422,31,6934.812008,1041.187992,2014-01-30 15:00:00,7976.0,28.1,2014-01-30,False,Thursday
1423,32,7023.870892,1037.129108,2014-01-30 15:30:00,8061.0,26.5,2014-01-30,False,Thursday
1424,33,7054.349344,1042.650656,2014-01-30 16:00:00,8097.0,27.4,2014-01-30,False,Thursday
1425,34,7063.208604,1036.791396,2014-01-30 16:30:00,8100.0,27.6,2014-01-30,False,Thursday
1426,35,6934.874306,1036.125694,2014-01-30 17:00:00,7971.0,27.1,2014-01-30,False,Thursday
1427,36,6850.713584,1031.286416,2014-01-30 17:30:00,7882.0,26.9,2014-01-30,False,Thursday
1428,37,6638.614822,1036.385178,2014-01-30 18:00:00,7675.0,26.0,2014-01-30,False,Thursday
1429,38,6432.310634,1028.689366,2014-01-30 18:30:00,7461.0,24.9,2014-01-30,False,Thursday
1430,39,6186.554968,1027.445032,2014-01-30 19:00:00,7214.0,24.8,2014-01-30,False,Thursday
1431,40,6056.238176,1039.761824,2014-01-30 19:30:00,7096.0,24.2,2014-01-30,False,Thursday
1432,41,5926.019074,1041.980926,2014-01-30 20:00:00,6968.0,23.9,2014-01-30,False,Thursday
1433,42,5668.412708,1044.587292,2014-01-30 20:30:00,6713.0,23.8,2014-01-30,False,Thursday
1434,43,5333.760438,1043.239562,2014-01-30 21:00:00,6377.0,23.3,2014-01-30,False,Thursday
1435,44,4970.573454,1044.426546,2014-01-30 21:30:00,6015.0,23.1,2014-01-30,False,Thursday
1436,45,4775.529056,1043.470944,2014-01-30 22:00:00,5819.0,22.7,2014-01-30,False,Thursday
1437,46,4635.072726,1047.927274,2014-01-30 22:30:00,5683.0,22.4,2014-01-30,False,Thursday
1438,47,4837.219062,1040.780938,2014-01-30 23:00:00,5878.0,22.1,2014-01-30,False,Thursday
1439,48,4773.340726,1043.659274,2014-01-30 23:30:00,5817.0,21.6,2014-01-30,False,Thursday
1440,1,4390.295992,1048.704008,2014-01-31 00:00:00,5439.0,21.3,2014-01-31,False,Friday
1441,2,4153.326718,1043.673282,2014-01-31 00:30:00,5197.0,20.8,2014-01-31,False,Friday
1442,3,4026.588232,1044.411768,2014-01-31 01:00:00,5071.0,20.4,2014-01-31,False,Friday
1443,4,3923.270106,1036.729894,2014-01-31 01:30:00,4960.0,20.0,2014-01-31,False,Friday
1444,5,3829.527732,1034.472268,2014-01-31 02:00:00,4864.0,19.8,2014-01-31,False,Friday
1445,6,3780.244576,1037.755424,2014-01-31 02:30:00,4818.0,20.1,2014-01-31,False,Friday
1446,7,3761.615764,1033.384236,2014-01-31 03:00:00,4795.0,20.2,2014-01-31,False,Friday
1447,8,3788.936472,1033.063528,2014-01-31 03:30:00,4822.0,20.6,2014-01-31,False,Friday
1448,9,3917.008184,1024.991816,2014-01-31 04:00:00,4942.0,20.4,2014-01-31,False,Friday
1449,10,4075.250046,1027.749954,2014-01-31 04:30:00,5103.0,20.2,2014-01-31,False,Friday
1450,11,4401.509846,1027.490154,2014-01-31 05:00:00,5429.0,20.2,2014-01-31,False,Friday
1451,12,4668.995494,1054.004506,2014-01-31 05:30:00,5723.0,20.0,2014-01-31,False,Friday
1452,13,5099.274678,1045.725322,2014-01-31 06:00:00,6145.0,20.4,2014-01-31,False,Friday
1453,14,5449.974738,1072.025262,2014-01-31 06:30:00,6522.0,20.5,2014-01-31,False,Friday
1454,15,5467.637854,1087.362146,2014-01-31 07:00:00,6555.0,20.7,2014-01-31,False,Friday
1455,16,5550.48589,1075.51411,2014-01-31 07:30:00,6626.0,21.1,2014-01-31,False,Friday
1456,17,5703.105582,1094.894418,2014-01-31 08:00:00,6798.0,21.3,2014-01-31,False,Friday
1457,18,5757.70684,1065.29316,2014-01-31 08:30:00,6823.0,21.6,2014-01-31,False,Friday
1458,19,5831.57638,1066.42362,2014-01-31 09:00:00,6898.0,21.8,2014-01-31,False,Friday
1459,20,5909.417184,1100.582816,2014-01-31 09:30:00,7010.0,21.8,2014-01-31,False,Friday
1460,21,5988.749896,1080.250104,2014-01-31 10:00:00,7069.0,23.4,2014-01-31,False,Friday
1461,22,6079.256602,1075.743398,2014-01-31 10:30:00,7155.0,23.1,2014-01-31,False,Friday
1462,23,6148.312994,1083.687006,2014-01-31 11:00:00,7232.0,24.3,2014-01-31,False,Friday
1463,24,6202.651208,1066.348792,2014-01-31 11:30:00,7269.0,23.9,2014-01-31,False,Friday
1464,25,6295.764882,1010.235118,2014-01-31 12:00:00,7306.0,24.9,2014-01-31,False,Friday
1465,26,6383.297454,1052.702546,2014-01-31 12:30:00,7436.0,25.5,2014-01-31,False,Friday
1466,27,6452.41561,1054.58439,2014-01-31 13:00:00,7507.0,25.4,2014-01-31,False,Friday
1467,28,6548.377676,1090.622324,2014-01-31 13:30:00,7639.0,25.7,2014-01-31,False,Friday
1468,29,6565.842702,1065.157298,2014-01-31 14:00:00,7631.0,26.8,2014-01-31,False,Friday
1469,30,6640.308792,1100.691208,2014-01-31 14:30:00,7741.0,25.0,2014-01-31,False,Friday
1470,31,6776.045176,1072.954824,2014-01-31 15:00:00,7849.0,25.4,2014-01-31,False,Friday
1471,32,6830.976512,1077.023488,2014-01-31 15:30:00,7908.0,25.5,2014-01-31,False,Friday
1472,33,6819.211736,1088.788264,2014-01-31 16:00:00,7908.0,26.3,2014-01-31,False,Friday
1473,34,6755.726776,1069.273224,2014-01-31 16:30:00,7825.0,25.8,2014-01-31,False,Friday
1474,35,6553.23293,1072.76707,2014-01-31 17:00:00,7626.0,25.1,2014-01-31,False,Friday
1475,36,6367.683346,1066.316654,2014-01-31 17:30:00,7434.0,25.6,2014-01-31,False,Friday
1476,37,6148.929518,1060.070482,2014-01-31 18:00:00,7209.0,24.8,2014-01-31,False,Friday
1477,38,5937.736826,1064.263174,2014-01-31 18:30:00,7002.0,23.0,2014-01-31,False,Friday
1478,39,5687.93472,1052.06528,2014-01-31 19:00:00,6740.0,22.7,2014-01-31,False,Friday
1479,40,5565.398336,1052.601664,2014-01-31 19:30:00,6618.0,21.8,2014-01-31,False,Friday
1480,41,5465.935956,1073.064044,2014-01-31 20:00:00,6539.0,22.0,2014-01-31,False,Friday
1481,42,5268.183378,1076.816622,2014-01-31 20:30:00,6345.0,22.0,2014-01-31,False,Friday
1482,43,4991.484208,1082.515792,2014-01-31 21:00:00,6074.0,21.8,2014-01-31,False,Friday
1483,44,4740.395098,1045.604902,2014-01-31 21:30:00,5786.0,21.6,2014-01-31,False,Friday
1484,45,4614.653722,1085.346278,2014-01-31 22:00:00,5700.0,21.5,2014-01-31,False,Friday
1485,46,4534.774234,1069.225766,2014-01-31 22:30:00,5604.0,21.4,2014-01-31,False,Friday
1486,47,4765.88964,1072.11036,2014-01-31 23:00:00,5838.0,21.0,2014-01-31,False,Friday
1487,48,4690.351842,1045.648158,2014-01-31 23:30:00,5736.0,20.1,2014-01-31,False,Friday
1488,1,4304.4348,1079.5652,2014-02-01 00:00:00,5384.0,19.0,2014-02-01,False,Saturday
1489,2,4010.47423,1080.52577,2014-02-01 00:30:00,5091.0,19.0,2014-02-01,False,Saturday
1490,3,3851.497604,1070.502396,2014-02-01 01:00:00,4922.0,18.9,2014-02-01,False,Saturday
1491,4,3738.813204,1073.186796,2014-02-01 01:30:00,4812.0,18.8,2014-02-01,False,Saturday
1492,5,3638.521966,1072.478034,2014-02-01 02:00:00,4711.0,18.7,2014-02-01,False,Saturday
1493,6,3575.387114,1070.612886,2014-02-01 02:30:00,4646.0,18.7,2014-02-01,False,Saturday
1494,7,3543.644646,1071.355354,2014-02-01 03:00:00,4615.0,18.9,2014-02-01,False,Saturday
1495,8,3530.048566,1075.951434,2014-02-01 03:30:00,4606.0,19.2,2014-02-01,False,Saturday
1496,9,3565.650236,1064.349764,2014-02-01 04:00:00,4630.0,19.3,2014-02-01,False,Saturday
1497,10,3626.868598,1075.131402,2014-02-01 04:30:00,4702.0,19.4,2014-02-01,False,Saturday
1498,11,3770.573232,1032.426768,2014-02-01 05:00:00,4803.0,19.3,2014-02-01,False,Saturday
1499,12,3835.640292,1078.359708,2014-02-01 05:30:00,4914.0,19.4,2014-02-01,False,Saturday
1500,13,4008.095286,1050.904714,2014-02-01 06:00:00,5059.0,19.3,2014-02-01,False,Saturday
1501,14,4241.33743,1027.66257,2014-02-01 06:30:00,5269.0,19.6,2014-02-01,False,Saturday
1502,15,4329.94293,1058.05707,2014-02-01 07:00:00,5388.0,19.5,2014-02-01,False,Saturday
1503,16,4466.150852,1036.849148,2014-02-01 07:30:00,5503.0,19.7,2014-02-01,False,Saturday
1504,17,4617.484462,1068.515538,2014-02-01 08:00:00,5686.0,20.3,2014-02-01,False,Saturday
1505,18,4701.779602,1060.220398,2014-02-01 08:30:00,5762.0,20.8,2014-02-01,False,Saturday
1506,19,4792.608544,1072.391456,2014-02-01 09:00:00,5865.0,22.4,2014-02-01,False,Saturday
1507,20,4912.395006,1079.604994,2014-02-01 09:30:00,5992.0,22.4,2014-02-01,False,Saturday
1508,21,5039.105678,1070.894322,2014-02-01 10:00:00,6110.0,24.2,2014-02-01,False,Saturday
1509,22,5190.726298,1075.273702,2014-02-01 10:30:00,6266.0,24.9,2014-02-01,False,Saturday
1510,23,5334.121878,1085.878122,2014-02-01 11:00:00,6420.0,26.8,2014-02-01,False,Saturday
1511,24,5489.60482,1071.39518,2014-02-01 11:30:00,6561.0,27.0,2014-02-01,False,Saturday
1512,25,5621.221174,1064.778826,2014-02-01 12:00:00,6686.0,28.4,2014-02-01,False,Saturday
1513,26,5717.45019,1044.54981,2014-02-01 12:30:00,6762.0,27.5,2014-02-01,False,Saturday
1514,27,5852.582516,1082.417484,2014-02-01 13:00:00,6935.0,28.5,2014-02-01,False,Saturday
1515,28,6006.545138,1067.454862,2014-02-01 13:30:00,7074.0,28.5,2014-02-01,False,Saturday
1516,29,6141.530798,1083.469202,2014-02-01 14:00:00,7225.0,28.3,2014-02-01,False,Saturday
1517,30,6289.731928,1086.268072,2014-02-01 14:30:00,7376.0,28.1,2014-02-01,False,Saturday
1518,31,6409.297168,1054.702832,2014-02-01 15:00:00,7464.0,29.0,2014-02-01,False,Saturday
1519,32,6523.438652,1071.561348,2014-02-01 15:30:00,7595.0,29.1,2014-02-01,False,Saturday
1520,33,6610.413592,1065.586408,2014-02-01 16:00:00,7676.0,28.9,2014-02-01,False,Saturday
1521,34,6670.93378,1055.06622,2014-02-01 16:30:00,7726.0,28.5,2014-02-01,False,Saturday
1522,35,6633.81482,1077.18518,2014-02-01 17:00:00,7711.0,28.4,2014-02-01,False,Saturday
1523,36,6575.214128,1055.785872,2014-02-01 17:30:00,7631.0,29.2,2014-02-01,False,Saturday
1524,37,6423.989722,1064.010278,2014-02-01 18:00:00,7488.0,27.8,2014-02-01,False,Saturday
1525,38,6208.336576,1072.663424,2014-02-01 18:30:00,7281.0,26.5,2014-02-01,False,Saturday
1526,39,5913.70445,1054.29555,2014-02-01 19:00:00,6968.0,25.4,2014-02-01,False,Saturday
1527,40,5728.72529,1060.27471,2014-02-01 19:30:00,6789.0,24.4,2014-02-01,False,Saturday
1528,41,5630.845158,1068.154842,2014-02-01 20:00:00,6699.0,23.7,2014-02-01,False,Saturday
1529,42,5409.518988,1055.481012,2014-02-01 20:30:00,6465.0,23.3,2014-02-01,False,Saturday
1530,43,5147.767844,1062.232156,2014-02-01 21:00:00,6210.0,23.5,2014-02-01,False,Saturday
1531,44,4883.60034,1072.39966,2014-02-01 21:30:00,5956.0,23.2,2014-02-01,False,Saturday
1532,45,4709.568236,1039.431764,2014-02-01 22:00:00,5749.0,23.1,2014-02-01,False,Saturday
1533,46,4603.871732,1065.128268,2014-02-01 22:30:00,5669.0,22.9,2014-02-01,False,Saturday
1534,47,4777.713524,1061.286476,2014-02-01 23:00:00,5839.0,22.6,2014-02-01,False,Saturday
1535,48,4713.764952,1059.235048,2014-02-01 23:30:00,5773.0,22.0,2014-02-01,False,Saturday
1536,1,4329.48862,1071.51138,2014-02-02 00:00:00,5401.0,21.8,2014-02-02,False,Sunday
1537,2,4065.034168,1056.965832,2014-02-02 00:30:00,5122.0,21.0,2014-02-02,False,Sunday
1538,3,3886.229024,1062.770976,2014-02-02 01:00:00,4949.0,20.8,2014-02-02,False,Sunday
1539,4,3759.698432,1027.301568,2014-02-02 01:30:00,4787.0,20.6,2014-02-02,False,Sunday
1540,5,3654.101276,1071.898724,2014-02-02 02:00:00,4726.0,20.1,2014-02-02,False,Sunday
1541,6,3571.091422,1061.908578,2014-02-02 02:30:00,4633.0,19.6,2014-02-02,False,Sunday
1542,7,3523.580572,1060.419428,2014-02-02 03:00:00,4584.0,19.4,2014-02-02,False,Sunday
1543,8,3486.341472,1068.658528,2014-02-02 03:30:00,4555.0,19.4,2014-02-02,False,Sunday
1544,9,3488.551468,1049.448532,2014-02-02 04:00:00,4538.0,19.4,2014-02-02,False,Sunday
1545,10,3486.962936,1059.037064,2014-02-02 04:30:00,4546.0,19.1,2014-02-02,False,Sunday
1546,11,3541.300348,1042.699652,2014-02-02 05:00:00,4584.0,18.4,2014-02-02,False,Sunday
1547,12,3522.421476,1056.578524,2014-02-02 05:30:00,4579.0,19.0,2014-02-02,False,Sunday
1548,13,3624.085784,1063.914216,2014-02-02 06:00:00,4688.0,18.5,2014-02-02,False,Sunday
1549,14,3807.593204,1050.406796,2014-02-02 06:30:00,4858.0,18.8,2014-02-02,False,Sunday
1550,15,3919.161996,1066.838004,2014-02-02 07:00:00,4986.0,19.7,2014-02-02,False,Sunday
1551,16,4103.488792,1052.511208,2014-02-02 07:30:00,5156.0,20.7,2014-02-02,False,Sunday
1552,17,4315.172732,1054.827268,2014-02-02 08:00:00,5370.0,22.8,2014-02-02,False,Sunday
1553,18,4527.72507,1045.27493,2014-02-02 08:30:00,5573.0,24.0,2014-02-02,False,Sunday
1554,19,4738.395714,1063.604286,2014-02-02 09:00:00,5802.0,25.4,2014-02-02,False,Sunday
1555,20,4932.616842,1051.383158,2014-02-02 09:30:00,5984.0,27.4,2014-02-02,False,Sunday
1556,21,5184.551014,1058.448986,2014-02-02 10:00:00,6243.0,27.3,2014-02-02,False,Sunday
1557,22,5407.159642,1078.840358,2014-02-02 10:30:00,6486.0,27.6,2014-02-02,False,Sunday
1558,23,5639.364,1057.636,2014-02-02 11:00:00,6697.0,28.5,2014-02-02,False,Sunday
1559,24,5892.84618,1062.15382,2014-02-02 11:30:00,6955.0,29.8,2014-02-02,False,Sunday
1560,25,6101.656978,1076.343022,2014-02-02 12:00:00,7178.0,32.1,2014-02-02,False,Sunday
1561,26,6364.436932,1056.563068,2014-02-02 12:30:00,7421.0,32.0,2014-02-02,False,Sunday
1562,27,6559.121272,1068.878728,2014-02-02 13:00:00,7628.0,34.7,2014-02-02,False,Sunday
1563,28,6732.151684,1073.848316,2014-02-02 13:30:00,7806.0,34.3,2014-02-02,False,Sunday
1564,29,6908.354134,1028.645866,2014-02-02 14:00:00,7937.0,34.5,2014-02-02,False,Sunday
1565,30,7114.21456,1037.78544,2014-02-02 14:30:00,8152.0,35.4,2014-02-02,False,Sunday
1566,31,7293.324008,1076.675992,2014-02-02 15:00:00,8370.0,36.6,2014-02-02,False,Sunday
1567,32,7466.457976,1061.542024,2014-02-02 15:30:00,8528.0,36.5,2014-02-02,False,Sunday
1568,33,7586.056524,1068.943476,2014-02-02 16:00:00,8655.0,37.1,2014-02-02,False,Sunday
1569,34,7733.051756,1064.948244,2014-02-02 16:30:00,8798.0,38.6,2014-02-02,False,Sunday
1570,35,7797.325086,1042.674914,2014-02-02 17:00:00,8840.0,38.4,2014-02-02,False,Sunday
1571,36,7810.57959,997.42041,2014-02-02 17:30:00,8808.0,38.4,2014-02-02,False,Sunday
1572,37,7754.235142,948.764858,2014-02-02 18:00:00,8703.0,35.5,2014-02-02,False,Sunday
1573,38,7626.938496,1028.061504,2014-02-02 18:30:00,8655.0,34.8,2014-02-02,False,Sunday
1574,39,7427.262704,1064.737296,2014-02-02 19:00:00,8492.0,34.0,2014-02-02,False,Sunday
1575,40,7301.125492,1049.874508,2014-02-02 19:30:00,8351.0,34.1,2014-02-02,False,Sunday
1576,41,7161.523046,1065.476954,2014-02-02 20:00:00,8227.0,34.5,2014-02-02,False,Sunday
1577,42,6876.133624,1084.866376,2014-02-02 20:30:00,7961.0,33.7,2014-02-02,False,Sunday
1578,43,6484.255952,1066.744048,2014-02-02 21:00:00,7551.0,32.8,2014-02-02,False,Sunday
1579,44,6035.326168,1074.673832,2014-02-02 21:30:00,7110.0,33.4,2014-02-02,False,Sunday
1580,45,5663.634806,1087.365194,2014-02-02 22:00:00,6751.0,30.8,2014-02-02,False,Sunday
1581,46,5427.347568,1067.652432,2014-02-02 22:30:00,6495.0,29.8,2014-02-02,False,Sunday
1582,47,5514.332782,1078.667218,2014-02-02 23:00:00,6593.0,29.8,2014-02-02,False,Sunday
1583,48,5359.241372,1103.758628,2014-02-02 23:30:00,6463.0,28.8,2014-02-02,False,Sunday
1584,1,4934.342704,1086.657296,2014-02-03 00:00:00,6021.0,27.9,2014-02-03,False,Monday
1585,2,4678.000374,1093.999626,2014-02-03 00:30:00,5772.0,27.2,2014-02-03,False,Monday
1586,3,4513.199332,1065.800668,2014-02-03 01:00:00,5579.0,26.6,2014-02-03,False,Monday
1587,4,4400.392048,1071.607952,2014-02-03 01:30:00,5472.0,26.6,2014-02-03,False,Monday
1588,5,4283.538522,1097.461478,2014-02-03 02:00:00,5381.0,25.9,2014-02-03,False,Monday
1589,6,4186.526094,1056.473906,2014-02-03 02:30:00,5243.0,25.9,2014-02-03,False,Monday
1590,7,4164.236848,1064.763152,2014-02-03 03:00:00,5229.0,25.5,2014-02-03,False,Monday
1591,8,4180.268924,1085.731076,2014-02-03 03:30:00,5266.0,25.5,2014-02-03,False,Monday
1592,9,4302.527246,1065.472754,2014-02-03 04:00:00,5368.0,25.4,2014-02-03,False,Monday
1593,10,4489.721672,1057.278328,2014-02-03 04:30:00,5547.0,24.9,2014-02-03,False,Monday
1594,11,4848.177422,1081.822578,2014-02-03 05:00:00,5930.0,25.4,2014-02-03,False,Monday
1595,12,5155.858298,1097.141702,2014-02-03 05:30:00,6253.0,24.6,2014-02-03,False,Monday
1596,13,5611.653696,1076.346304,2014-02-03 06:00:00,6688.0,24.7,2014-02-03,False,Monday
1597,14,6023.077934,1101.922066,2014-02-03 06:30:00,7125.0,25.6,2014-02-03,False,Monday
1598,15,6161.061078,1114.938922,2014-02-03 07:00:00,7276.0,25.6,2014-02-03,False,Monday
1599,16,6370.457432,1078.542568,2014-02-03 07:30:00,7449.0,28.4,2014-02-03,False,Monday
1600,17,6640.001552,1047.998448,2014-02-03 08:00:00,7688.0,30.5,2014-02-03,False,Monday
1601,18,6823.846288,1110.153712,2014-02-03 08:30:00,7934.0,31.8,2014-02-03,False,Monday
1602,19,6980.577826,1104.422174,2014-02-03 09:00:00,8085.0,32.5,2014-02-03,False,Monday
1603,20,7117.19788,1062.80212,2014-02-03 09:30:00,8180.0,33.0,2014-02-03,False,Monday
1604,21,7187.95059,1116.04941,2014-02-03 10:00:00,8304.0,33.9,2014-02-03,False,Monday
1605,22,7179.330896,1099.669104,2014-02-03 10:30:00,8279.0,29.1,2014-02-03,False,Monday
1606,23,7140.766002,1120.233998,2014-02-03 11:00:00,8261.0,26.8,2014-02-03,False,Monday
1607,24,7029.46533,1126.53467,2014-02-03 11:30:00,8156.0,27.0,2014-02-03,False,Monday
1608,25,6868.187824,1116.812176,2014-02-03 12:00:00,7985.0,24.4,2014-02-03,False,Monday
1609,26,6728.200286,1122.799714,2014-02-03 12:30:00,7851.0,23.4,2014-02-03,False,Monday
1610,27,6679.880574,1120.119426,2014-02-03 13:00:00,7800.0,22.8,2014-02-03,False,Monday
1611,28,6583.608022,1102.391978,2014-02-03 13:30:00,7686.0,23.5,2014-02-03,False,Monday
1612,29,6469.191936,1117.808064,2014-02-03 14:00:00,7587.0,23.2,2014-02-03,False,Monday
1613,30,6346.225244,1092.774756,2014-02-03 14:30:00,7439.0,22.5,2014-02-03,False,Monday
1614,31,6275.00719,1106.99281,2014-02-03 15:00:00,7382.0,21.8,2014-02-03,False,Monday
1615,32,6161.231776,1109.768224,2014-02-03 15:30:00,7271.0,21.2,2014-02-03,False,Monday
1616,33,6053.61312,1089.38688,2014-02-03 16:00:00,7143.0,21.0,2014-02-03,False,Monday
1617,34,5882.315416,1097.684584,2014-02-03 16:30:00,6980.0,21.3,2014-02-03,False,Monday
1618,35,5624.397876,1109.602124,2014-02-03 17:00:00,6734.0,21.5,2014-02-03,False,Monday
1619,36,5463.152738,1069.847262,2014-02-03 17:30:00,6533.0,21.1,2014-02-03,False,Monday
1620,37,5272.944196,1097.055804,2014-02-03 18:00:00,6370.0,20.8,2014-02-03,False,Monday
1621,38,5161.74343,1074.25657,2014-02-03 18:30:00,6236.0,18.6,2014-02-03,False,Monday
1622,39,5001.546264,1099.453736,2014-02-03 19:00:00,6101.0,18.9,2014-02-03,False,Monday
1623,40,4927.189618,1092.810382,2014-02-03 19:30:00,6020.0,18.7,2014-02-03,False,Monday
1624,41,4838.427184,1091.572816,2014-02-03 20:00:00,5930.0,18.5,2014-02-03,False,Monday
1625,42,4677.618512,1106.381488,2014-02-03 20:30:00,5784.0,18.4,2014-02-03,False,Monday
1626,43,4451.51868,1085.48132,2014-02-03 21:00:00,5537.0,18.5,2014-02-03,False,Monday
1627,44,4203.77831,1091.22169,2014-02-03 21:30:00,5295.0,18.1,2014-02-03,False,Monday
1628,45,4093.36783,1103.63217,2014-02-03 22:00:00,5197.0,18.0,2014-02-03,False,Monday
1629,46,4055.338126,1095.661874,2014-02-03 22:30:00,5151.0,17.6,2014-02-03,False,Monday
1630,47,4348.14498,1114.85502,2014-02-03 23:00:00,5463.0,17.1,2014-02-03,False,Monday
1631,48,4386.805654,1089.194346,2014-02-03 23:30:00,5476.0,16.6,2014-02-03,False,Monday
1632,1,4027.715444,1108.284556,2014-02-04 00:00:00,5136.0,16.4,2014-02-04,False,Tuesday
1633,2,3738.915466,1109.084534,2014-02-04 00:30:00,4848.0,16.4,2014-02-04,False,Tuesday
1634,3,3579.77452,1101.22548,2014-02-04 01:00:00,4681.0,16.3,2014-02-04,False,Tuesday
1635,4,3492.420934,1103.579066,2014-02-04 01:30:00,4596.0,16.0,2014-02-04,False,Tuesday
1636,5,3426.20499,1108.79501,2014-02-04 02:00:00,4535.0,15.7,2014-02-04,False,Tuesday
1637,6,3381.605512,1056.394488,2014-02-04 02:30:00,4438.0,15.7,2014-02-04,False,Tuesday
1638,7,3380.632528,1081.367472,2014-02-04 03:00:00,4462.0,15.5,2014-02-04,False,Tuesday
1639,8,3411.255058,1081.744942,2014-02-04 03:30:00,4493.0,15.5,2014-02-04,False,Tuesday
1640,9,3527.07023,1101.92977,2014-02-04 04:00:00,4629.0,15.5,2014-02-04,False,Tuesday
1641,10,3720.307196,1088.692804,2014-02-04 04:30:00,4809.0,15.3,2014-02-04,False,Tuesday
1642,11,4128.951568,1097.048432,2014-02-04 05:00:00,5226.0,15.4,2014-02-04,False,Tuesday
1643,12,4413.161966,1118.838034,2014-02-04 05:30:00,5532.0,15.2,2014-02-04,False,Tuesday
1644,13,4781.316846,1109.683154,2014-02-04 06:00:00,5891.0,14.9,2014-02-04,False,Tuesday
1645,14,5050.748654,1099.251346,2014-02-04 06:30:00,6150.0,15.2,2014-02-04,False,Tuesday
1646,15,4952.158538,1121.841462,2014-02-04 07:00:00,6074.0,15.5,2014-02-04,False,Tuesday
1647,16,4953.291292,1097.708708,2014-02-04 07:30:00,6051.0,15.8,2014-02-04,False,Tuesday
1648,17,5006.053636,1095.946364,2014-02-04 08:00:00,6102.0,17.5,2014-02-04,False,Tuesday
1649,18,5026.106182,1064.893818,2014-02-04 08:30:00,6091.0,18.7,2014-02-04,False,Tuesday
1650,19,5041.40526,1111.59474,2014-02-04 09:00:00,6153.0,19.0,2014-02-04,False,Tuesday
1651,20,5055.366554,1093.633446,2014-02-04 09:30:00,6149.0,19.4,2014-02-04,False,Tuesday
1652,21,5093.52632,1112.47368,2014-02-04 10:00:00,6206.0,20.5,2014-02-04,False,Tuesday
1653,22,5118.865608,1100.134392,2014-02-04 10:30:00,6219.0,21.6,2014-02-04,False,Tuesday
1654,23,5112.637662,1116.362338,2014-02-04 11:00:00,6229.0,21.5,2014-02-04,False,Tuesday
1655,24,5134.600044,1095.399956,2014-02-04 11:30:00,6230.0,23.2,2014-02-04,False,Tuesday
1656,25,5178.90761,1111.09239,2014-02-04 12:00:00,6290.0,22.9,2014-02-04,False,Tuesday
1657,26,5221.937312,1120.062688,2014-02-04 12:30:00,6342.0,24.0,2014-02-04,False,Tuesday
1658,27,5243.11668,1110.88332,2014-02-04 13:00:00,6354.0,24.6,2014-02-04,False,Tuesday
1659,28,5245.474592,1112.525408,2014-02-04 13:30:00,6358.0,25.1,2014-02-04,False,Tuesday
1660,29,5228.785692,1100.214308,2014-02-04 14:00:00,6329.0,24.8,2014-02-04,False,Tuesday
1661,30,5255.550914,1104.449086,2014-02-04 14:30:00,6360.0,25.1,2014-02-04,False,Tuesday
1662,31,5304.385642,1096.614358,2014-02-04 15:00:00,6401.0,25.7,2014-02-04,False,Tuesday
1663,32,5377.632028,1098.367972,2014-02-04 15:30:00,6476.0,25.4,2014-02-04,False,Tuesday
1664,33,5387.028516,1100.971484,2014-02-04 16:00:00,6488.0,25.3,2014-02-04,False,Tuesday
1665,34,5348.938876,1093.061124,2014-02-04 16:30:00,6442.0,25.3,2014-02-04,False,Tuesday
1666,35,5213.919048,1088.080952,2014-02-04 17:00:00,6302.0,24.5,2014-02-04,False,Tuesday
1667,36,5118.12387,1080.87613,2014-02-04 17:30:00,6199.0,24.0,2014-02-04,False,Tuesday
1668,37,4963.186146,1086.813854,2014-02-04 18:00:00,6050.0,23.3,2014-02-04,False,Tuesday
1669,38,4856.57106,1093.42894,2014-02-04 18:30:00,5950.0,22.2,2014-02-04,False,Tuesday
1670,39,4752.806074,1092.193926,2014-02-04 19:00:00,5845.0,21.3,2014-02-04,False,Tuesday
1671,40,4771.493856,1093.506144,2014-02-04 19:30:00,5865.0,20.4,2014-02-04,False,Tuesday
1672,41,4775.1925,1092.8075,2014-02-04 20:00:00,5868.0,19.6,2014-02-04,False,Tuesday
1673,42,4625.065902,1087.934098,2014-02-04 20:30:00,5713.0,19.1,2014-02-04,False,Tuesday
1674,43,4402.32669,1091.67331,2014-02-04 21:00:00,5494.0,18.5,2014-02-04,False,Tuesday
1675,44,4149.67819,1115.32181,2014-02-04 21:30:00,5265.0,18.0,2014-02-04,False,Tuesday
1676,45,4047.513442,1083.486558,2014-02-04 22:00:00,5131.0,17.6,2014-02-04,False,Tuesday
1677,46,4023.154466,1064.845534,2014-02-04 22:30:00,5088.0,17.3,2014-02-04,False,Tuesday
1678,47,4310.500624,1058.499376,2014-02-04 23:00:00,5369.0,17.1,2014-02-04,False,Tuesday
1679,48,4325.328504,1060.671496,2014-02-04 23:30:00,5386.0,16.9,2014-02-04,False,Tuesday
1680,1,3982.085022,1061.914978,2014-02-05 00:00:00,5044.0,16.6,2014-02-05,False,Wednesday
1681,2,3734.349514,1062.650486,2014-02-05 00:30:00,4797.0,16.4,2014-02-05,False,Wednesday
1682,3,3596.0052,1056.9948,2014-02-05 01:00:00,4653.0,16.1,2014-02-05,False,Wednesday
1683,4,3504.87807,1050.12193,2014-02-05 01:30:00,4555.0,16.1,2014-02-05,False,Wednesday
1684,5,3423.27732,1047.72268,2014-02-05 02:00:00,4471.0,16.0,2014-02-05,False,Wednesday
1685,6,3375.533436,1040.466564,2014-02-05 02:30:00,4416.0,15.9,2014-02-05,False,Wednesday
1686,7,3368.898502,1049.101498,2014-02-05 03:00:00,4418.0,15.8,2014-02-05,False,Wednesday
1687,8,3396.037892,1055.962108,2014-02-05 03:30:00,4452.0,14.8,2014-02-05,False,Wednesday
1688,9,3500.758154,1050.241846,2014-02-05 04:00:00,4551.0,14.7,2014-02-05,False,Wednesday
1689,10,3679.616486,1043.383514,2014-02-05 04:30:00,4723.0,14.4,2014-02-05,False,Wednesday
1690,11,4106.507962,1059.492038,2014-02-05 05:00:00,5166.0,14.4,2014-02-05,False,Wednesday
1691,12,4415.14225,1044.85775,2014-02-05 05:30:00,5460.0,14.1,2014-02-05,False,Wednesday
1692,13,4802.929392,1042.070608,2014-02-05 06:00:00,5845.0,14.1,2014-02-05,False,Wednesday
1693,14,5071.00227,1044.99773,2014-02-05 06:30:00,6116.0,14.7,2014-02-05,False,Wednesday
1694,15,4974.363988,1046.636012,2014-02-05 07:00:00,6021.0,15.3,2014-02-05,False,Wednesday
1695,16,5013.887016,1041.112984,2014-02-05 07:30:00,6055.0,15.8,2014-02-05,False,Wednesday
1696,17,5081.51236,1038.48764,2014-02-05 08:00:00,6120.0,17.9,2014-02-05,False,Wednesday
1697,18,5106.047084,1037.952916,2014-02-05 08:30:00,6144.0,18.7,2014-02-05,False,Wednesday
1698,19,5134.716972,1037.283028,2014-02-05 09:00:00,6172.0,19.6,2014-02-05,False,Wednesday
1699,20,5202.11328,1040.88672,2014-02-05 09:30:00,6243.0,20.4,2014-02-05,False,Wednesday
1700,21,5274.801352,1050.198648,2014-02-05 10:00:00,6325.0,22.2,2014-02-05,False,Wednesday
1701,22,5330.894148,1042.105852,2014-02-05 10:30:00,6373.0,23.3,2014-02-05,False,Wednesday
1702,23,5377.560712,1042.439288,2014-02-05 11:00:00,6420.0,25.1,2014-02-05,False,Wednesday
1703,24,5443.175402,1042.824598,2014-02-05 11:30:00,6486.0,25.8,2014-02-05,False,Wednesday
1704,25,5527.51867,1049.48133,2014-02-05 12:00:00,6577.0,25.8,2014-02-05,False,Wednesday
1705,26,5614.116362,1046.883638,2014-02-05 12:30:00,6661.0,25.8,2014-02-05,False,Wednesday
1706,27,5698.309674,1045.690326,2014-02-05 13:00:00,6744.0,26.0,2014-02-05,False,Wednesday
1707,28,5782.157196,1029.842804,2014-02-05 13:30:00,6812.0,26.7,2014-02-05,False,Wednesday
1708,29,5843.35165,1031.64835,2014-02-05 14:00:00,6875.0,28.2,2014-02-05,False,Wednesday
1709,30,5956.46721,1034.53279,2014-02-05 14:30:00,6991.0,30.1,2014-02-05,False,Wednesday
1710,31,6118.65316,1039.34684,2014-02-05 15:00:00,7158.0,30.4,2014-02-05,False,Wednesday
1711,32,6234.796544,1039.203456,2014-02-05 15:30:00,7274.0,30.5,2014-02-05,False,Wednesday
1712,33,6279.88933,1040.11067,2014-02-05 16:00:00,7320.0,30.2,2014-02-05,False,Wednesday
1713,34,6268.79604,1036.20396,2014-02-05 16:30:00,7305.0,30.5,2014-02-05,False,Wednesday
1714,35,6102.76934,1037.23066,2014-02-05 17:00:00,7140.0,29.9,2014-02-05,False,Wednesday
1715,36,5974.827632,1036.172368,2014-02-05 17:30:00,7011.0,29.3,2014-02-05,False,Wednesday
1716,37,5789.049104,1040.950896,2014-02-05 18:00:00,6830.0,28.0,2014-02-05,False,Wednesday
1717,38,5611.091274,1032.908726,2014-02-05 18:30:00,6644.0,27.1,2014-02-05,False,Wednesday
1718,39,5418.812982,1040.187018,2014-02-05 19:00:00,6459.0,26.1,2014-02-05,False,Wednesday
1719,40,5359.777708,1043.222292,2014-02-05 19:30:00,6403.0,25.0,2014-02-05,False,Wednesday
1720,41,5298.08337,1042.91663,2014-02-05 20:00:00,6341.0,23.9,2014-02-05,False,Wednesday
1721,42,5085.818732,1050.181268,2014-02-05 20:30:00,6136.0,23.4,2014-02-05,False,Wednesday
1722,43,4814.93387,1041.06613,2014-02-05 21:00:00,5856.0,23.2,2014-02-05,False,Wednesday
1723,44,4528.154028,1058.845972,2014-02-05 21:30:00,5587.0,22.7,2014-02-05,False,Wednesday
1724,45,4383.399992,1062.600008,2014-02-05 22:00:00,5446.0,22.1,2014-02-05,False,Wednesday
1725,46,4335.327184,1061.672816,2014-02-05 22:30:00,5397.0,21.6,2014-02-05,False,Wednesday
1726,47,4615.0129,1063.9871,2014-02-05 23:00:00,5679.0,20.5,2014-02-05,False,Wednesday
1727,48,4612.56325,1066.43675,2014-02-05 23:30:00,5679.0,20.9,2014-02-05,False,Wednesday
1728,1,4243.848236,1068.151764,2014-02-06 00:00:00,5312.0,20.5,2014-02-06,False,Thursday
1729,2,3992.473914,1062.526086,2014-02-06 00:30:00,5055.0,19.8,2014-02-06,False,Thursday
1730,3,3869.683836,1063.316164,2014-02-06 01:00:00,4933.0,19.4,2014-02-06,False,Thursday
1731,4,3740.49545,1061.50455,2014-02-06 01:30:00,4802.0,19.2,2014-02-06,False,Thursday
1732,5,3649.39391,1056.60609,2014-02-06 02:00:00,4706.0,19.1,2014-02-06,False,Thursday
1733,6,3605.502626,1055.497374,2014-02-06 02:30:00,4661.0,18.9,2014-02-06,False,Thursday
1734,7,3613.08544,1052.91456,2014-02-06 03:00:00,4666.0,18.7,2014-02-06,False,Thursday
1735,8,3679.86802,1044.13198,2014-02-06 03:30:00,4724.0,18.1,2014-02-06,False,Thursday
1736,9,3783.983616,1052.016384,2014-02-06 04:00:00,4836.0,17.8,2014-02-06,False,Thursday
1737,10,3979.286872,1046.713128,2014-02-06 04:30:00,5026.0,17.8,2014-02-06,False,Thursday
1738,11,4340.35976,1062.64024,2014-02-06 05:00:00,5403.0,17.9,2014-02-06,False,Thursday
1739,12,4599.755846,1064.244154,2014-02-06 05:30:00,5664.0,17.6,2014-02-06,False,Thursday
1740,13,4961.66088,1062.33912,2014-02-06 06:00:00,6024.0,17.6,2014-02-06,False,Thursday
1741,14,5250.661028,1067.338972,2014-02-06 06:30:00,6318.0,18.4,2014-02-06,False,Thursday
1742,15,5216.20371,1063.79629,2014-02-06 07:00:00,6280.0,19.8,2014-02-06,False,Thursday
1743,16,5331.962706,1056.037294,2014-02-06 07:30:00,6388.0,21.8,2014-02-06,False,Thursday
1744,17,5459.935118,1053.064882,2014-02-06 08:00:00,6513.0,22.9,2014-02-06,False,Thursday
1745,18,5554.109498,1046.890502,2014-02-06 08:30:00,6601.0,23.9,2014-02-06,False,Thursday
1746,19,5658.132564,1040.867436,2014-02-06 09:00:00,6699.0,25.5,2014-02-06,False,Thursday
1747,20,5762.971164,1044.028836,2014-02-06 09:30:00,6807.0,26.0,2014-02-06,False,Thursday
1748,21,5888.453488,926.546512,2014-02-06 10:00:00,6815.0,27.1,2014-02-06,False,Thursday
1749,22,6011.058436,1030.941564,2014-02-06 10:30:00,7042.0,28.4,2014-02-06,False,Thursday
1750,23,6137.950138,1054.049862,2014-02-06 11:00:00,7192.0,28.9,2014-02-06,False,Thursday
1751,24,6262.056454,1057.943546,2014-02-06 11:30:00,7320.0,30.3,2014-02-06,False,Thursday
1752,25,6437.607118,1058.392882,2014-02-06 12:00:00,7496.0,32.0,2014-02-06,False,Thursday
1753,26,6617.22659,1058.77341,2014-02-06 12:30:00,7676.0,32.3,2014-02-06,False,Thursday
1754,27,6798.959024,1053.040976,2014-02-06 13:00:00,7852.0,32.8,2014-02-06,False,Thursday
1755,28,6968.2588,1042.7412,2014-02-06 13:30:00,8011.0,33.0,2014-02-06,False,Thursday
1756,29,7102.225,1052.775,2014-02-06 14:00:00,8155.0,33.4,2014-02-06,False,Thursday
1757,30,7288.999008,1048.000992,2014-02-06 14:30:00,8337.0,33.9,2014-02-06,False,Thursday
1758,31,7532.595728,1055.404272,2014-02-06 15:00:00,8588.0,34.4,2014-02-06,False,Thursday
1759,32,7697.254538,1046.745462,2014-02-06 15:30:00,8744.0,34.2,2014-02-06,False,Thursday
1760,33,7800.893422,1056.106578,2014-02-06 16:00:00,8857.0,34.9,2014-02-06,False,Thursday
1761,34,7888.18676,1038.81324,2014-02-06 16:30:00,8927.0,34.7,2014-02-06,False,Thursday
1762,35,7796.821044,1041.178956,2014-02-06 17:00:00,8838.0,35.0,2014-02-06,False,Thursday
1763,36,7720.482494,1037.517506,2014-02-06 17:30:00,8758.0,35.1,2014-02-06,False,Thursday
1764,37,7525.978684,1033.021316,2014-02-06 18:00:00,8559.0,34.0,2014-02-06,False,Thursday
1765,38,7347.940356,1030.059644,2014-02-06 18:30:00,8378.0,33.5,2014-02-06,False,Thursday
1766,39,7127.506268,1027.493732,2014-02-06 19:00:00,8155.0,33.4,2014-02-06,False,Thursday
1767,40,6989.607892,1026.392108,2014-02-06 19:30:00,8016.0,33.1,2014-02-06,False,Thursday
1768,41,6754.085138,1030.914862,2014-02-06 20:00:00,7785.0,32.6,2014-02-06,False,Thursday
1769,42,6413.738318,1035.261682,2014-02-06 20:30:00,7449.0,32.2,2014-02-06,False,Thursday
1770,43,5970.560404,1030.439596,2014-02-06 21:00:00,7001.0,31.5,2014-02-06,False,Thursday
1771,44,5512.878548,1032.121452,2014-02-06 21:30:00,6545.0,31.0,2014-02-06,False,Thursday
1772,45,5216.429458,1038.570542,2014-02-06 22:00:00,6255.0,29.9,2014-02-06,False,Thursday
1773,46,5033.91997,1050.08003,2014-02-06 22:30:00,6084.0,29.4,2014-02-06,False,Thursday
1774,47,5196.838544,1056.161456,2014-02-06 23:00:00,6253.0,28.7,2014-02-06,False,Thursday
1775,48,5081.553446,1051.446554,2014-02-06 23:30:00,6133.0,28.4,2014-02-06,False,Thursday
1776,1,4694.38571,1052.61429,2014-02-07 00:00:00,5747.0,26.8,2014-02-07,False,Friday
1777,2,4434.391342,1046.608658,2014-02-07 00:30:00,5481.0,26.3,2014-02-07,False,Friday
1778,3,4292.646954,1045.353046,2014-02-07 01:00:00,5338.0,26.0,2014-02-07,False,Friday
1779,4,4142.537274,1028.462726,2014-02-07 01:30:00,5171.0,25.9,2014-02-07,False,Friday
1780,5,4053.641736,1034.358264,2014-02-07 02:00:00,5088.0,25.0,2014-02-07,False,Friday
1781,6,3996.533586,1037.466414,2014-02-07 02:30:00,5034.0,25.0,2014-02-07,False,Friday
1782,7,3977.646608,1037.353392,2014-02-07 03:00:00,5015.0,24.5,2014-02-07,False,Friday
1783,8,4022.836804,1027.163196,2014-02-07 03:30:00,5050.0,24.3,2014-02-07,False,Friday
1784,9,4158.681156,1034.318844,2014-02-07 04:00:00,5193.0,24.1,2014-02-07,False,Friday
1785,10,4330.77889,1030.22111,2014-02-07 04:30:00,5361.0,24.2,2014-02-07,False,Friday
1786,11,4649.721282,1036.278718,2014-02-07 05:00:00,5686.0,24.1,2014-02-07,False,Friday
1787,12,4916.36846,1040.63154,2014-02-07 05:30:00,5957.0,24.2,2014-02-07,False,Friday
1788,13,5309.287062,1080.712938,2014-02-07 06:00:00,6390.0,24.0,2014-02-07,False,Friday
1789,14,5699.24102,1062.75898,2014-02-07 06:30:00,6762.0,24.7,2014-02-07,False,Friday
1790,15,5810.414138,1079.585862,2014-02-07 07:00:00,6890.0,26.2,2014-02-07,False,Friday
1791,16,6029.566696,1093.433304,2014-02-07 07:30:00,7123.0,27.6,2014-02-07,False,Friday
1792,17,6224.140218,1078.859782,2014-02-07 08:00:00,7303.0,29.0,2014-02-07,False,Friday
1793,18,6318.059396,1086.940604,2014-02-07 08:30:00,7405.0,28.5,2014-02-07,False,Friday
1794,19,6467.537272,1085.462728,2014-02-07 09:00:00,7553.0,30.1,2014-02-07,False,Friday
1795,20,6630.943078,1028.056922,2014-02-07 09:30:00,7659.0,30.6,2014-02-07,False,Friday
1796,21,6816.507888,1099.492112,2014-02-07 10:00:00,7916.0,32.5,2014-02-07,False,Friday
1797,22,6971.779956,1114.220044,2014-02-07 10:30:00,8086.0,33.0,2014-02-07,False,Friday
1798,23,7141.428032,1085.571968,2014-02-07 11:00:00,8227.0,34.0,2014-02-07,False,Friday
1799,24,7320.08819,1100.91181,2014-02-07 11:30:00,8421.0,34.5,2014-02-07,False,Friday
1800,25,7479.676744,1088.323256,2014-02-07 12:00:00,8568.0,35.0,2014-02-07,False,Friday
1801,26,7590.6247,1090.3753,2014-02-07 12:30:00,8681.0,35.6,2014-02-07,False,Friday
1802,27,7594.155192,1082.844808,2014-02-07 13:00:00,8677.0,30.3,2014-02-07,False,Friday
1803,28,7598.922024,1079.077976,2014-02-07 13:30:00,8678.0,26.5,2014-02-07,False,Friday
1804,29,7574.8933,1107.1067,2014-02-07 14:00:00,8682.0,27.6,2014-02-07,False,Friday
1805,30,7549.596308,1066.403692,2014-02-07 14:30:00,8616.0,26.9,2014-02-07,False,Friday
1806,31,7591.191658,1070.808342,2014-02-07 15:00:00,8662.0,26.4,2014-02-07,False,Friday
1807,32,7626.65539,1096.34461,2014-02-07 15:30:00,8723.0,26.8,2014-02-07,False,Friday
1808,33,7569.55637,1107.44363,2014-02-07 16:00:00,8677.0,25.8,2014-02-07,False,Friday
1809,34,7498.812932,1092.187068,2014-02-07 16:30:00,8591.0,25.7,2014-02-07,False,Friday
1810,35,7256.163936,1090.836064,2014-02-07 17:00:00,8347.0,25.8,2014-02-07,False,Friday
1811,36,6980.57657,1091.42343,2014-02-07 17:30:00,8072.0,24.9,2014-02-07,False,Friday
1812,37,6606.511946,1074.488054,2014-02-07 18:00:00,7681.0,23.9,2014-02-07,False,Friday
1813,38,6289.57562,1077.42438,2014-02-07 18:30:00,7367.0,22.4,2014-02-07,False,Friday
1814,39,6022.681134,1088.318866,2014-02-07 19:00:00,7111.0,21.8,2014-02-07,False,Friday
1815,40,5904.13684,1081.86316,2014-02-07 19:30:00,6986.0,21.3,2014-02-07,False,Friday
1816,41,5700.351932,1093.648068,2014-02-07 20:00:00,6794.0,21.1,2014-02-07,False,Friday
1817,42,5430.191572,1093.808428,2014-02-07 20:30:00,6524.0,20.6,2014-02-07,False,Friday
1818,43,5141.743416,1061.256584,2014-02-07 21:00:00,6203.0,20.7,2014-02-07,False,Friday
1819,44,4869.253036,1097.746964,2014-02-07 21:30:00,5967.0,20.4,2014-02-07,False,Friday
1820,45,4711.492234,1080.507766,2014-02-07 22:00:00,5792.0,20.3,2014-02-07,False,Friday
1821,46,4619.697668,1077.302332,2014-02-07 22:30:00,5697.0,20.4,2014-02-07,False,Friday
1822,47,4879.222446,1052.777554,2014-02-07 23:00:00,5932.0,20.4,2014-02-07,False,Friday
1823,48,4820.61129,1042.38871,2014-02-07 23:30:00,5863.0,20.7,2014-02-07,False,Friday
1824,1,4448.889268,1045.110732,2014-02-08 00:00:00,5494.0,20.8,2014-02-08,False,Saturday
1825,2,4155.93924,1085.06076,2014-02-08 00:30:00,5241.0,20.4,2014-02-08,False,Saturday
1826,3,3965.473162,1077.526838,2014-02-08 01:00:00,5043.0,20.1,2014-02-08,False,Saturday
1827,4,3844.914762,1083.085238,2014-02-08 01:30:00,4928.0,19.7,2014-02-08,False,Saturday
1828,5,3709.170988,1067.829012,2014-02-08 02:00:00,4777.0,19.7,2014-02-08,False,Saturday
1829,6,3645.899008,1079.100992,2014-02-08 02:30:00,4725.0,19.4,2014-02-08,False,Saturday
1830,7,3611.575704,1083.424296,2014-02-08 03:00:00,4695.0,19.3,2014-02-08,False,Saturday
1831,8,3607.997148,1075.002852,2014-02-08 03:30:00,4683.0,19.1,2014-02-08,False,Saturday
1832,9,3643.083716,1076.916284,2014-02-08 04:00:00,4720.0,19.1,2014-02-08,False,Saturday
1833,10,3701.065394,1054.934606,2014-02-08 04:30:00,4756.0,18.7,2014-02-08,False,Saturday
1834,11,3844.54923,1059.45077,2014-02-08 05:00:00,4904.0,18.7,2014-02-08,False,Saturday
1835,12,3894.379896,1060.620104,2014-02-08 05:30:00,4955.0,19.0,2014-02-08,False,Saturday
1836,13,4095.840574,1062.159426,2014-02-08 06:00:00,5158.0,19.2,2014-02-08,False,Saturday
1837,14,4311.501978,1072.498022,2014-02-08 06:30:00,5384.0,19.3,2014-02-08,False,Saturday
1838,15,4430.681446,1055.318554,2014-02-08 07:00:00,5486.0,20.4,2014-02-08,False,Saturday
1839,16,4651.799398,1061.200602,2014-02-08 07:30:00,5713.0,21.6,2014-02-08,False,Saturday
1840,17,4864.195368,1076.804632,2014-02-08 08:00:00,5941.0,22.6,2014-02-08,False,Saturday
1841,18,5023.58687,1060.41313,2014-02-08 08:30:00,6084.0,23.5,2014-02-08,False,Saturday
1842,19,5173.183636,1056.816364,2014-02-08 09:00:00,6230.0,24.7,2014-02-08,False,Saturday
1843,20,5356.907332,1063.092668,2014-02-08 09:30:00,6420.0,26.0,2014-02-08,False,Saturday
1844,21,5542.850678,1065.149322,2014-02-08 10:00:00,6608.0,27.0,2014-02-08,False,Saturday
1845,22,5759.707026,1050.292974,2014-02-08 10:30:00,6810.0,28.4,2014-02-08,False,Saturday
1846,23,5971.94969,1071.05031,2014-02-08 11:00:00,7043.0,30.2,2014-02-08,False,Saturday
1847,24,6207.395216,1065.604784,2014-02-08 11:30:00,7273.0,31.9,2014-02-08,False,Saturday
1848,25,6440.724668,1059.275332,2014-02-08 12:00:00,7500.0,34.7,2014-02-08,False,Saturday
1849,26,6653.75148,1074.24852,2014-02-08 12:30:00,7728.0,35.8,2014-02-08,False,Saturday
1850,27,6841.723344,1059.276656,2014-02-08 13:00:00,7901.0,35.2,2014-02-08,False,Saturday
1851,28,7029.091194,1067.908806,2014-02-08 13:30:00,8097.0,35.0,2014-02-08,False,Saturday
1852,29,7220.863174,1074.136826,2014-02-08 14:00:00,8295.0,36.1,2014-02-08,False,Saturday
1853,30,7414.823098,1059.176902,2014-02-08 14:30:00,8474.0,37.6,2014-02-08,False,Saturday
1854,31,7559.065408,1086.934592,2014-02-08 15:00:00,8646.0,38.8,2014-02-08,False,Saturday
1855,32,7690.41053,1060.58947,2014-02-08 15:30:00,8751.0,39.7,2014-02-08,False,Saturday
1856,33,7766.099842,1063.900158,2014-02-08 16:00:00,8830.0,40.0,2014-02-08,False,Saturday
1857,34,7819.034416,1045.965584,2014-02-08 16:30:00,8865.0,40.0,2014-02-08,False,Saturday
1858,35,7787.380724,1067.619276,2014-02-08 17:00:00,8855.0,39.6,2014-02-08,False,Saturday
1859,36,7733.306862,1051.693138,2014-02-08 17:30:00,8785.0,39.3,2014-02-08,False,Saturday
1860,37,7600.647766,1069.352234,2014-02-08 18:00:00,8670.0,38.5,2014-02-08,False,Saturday
1861,38,7418.587786,1023.412214,2014-02-08 18:30:00,8442.0,39.4,2014-02-08,False,Saturday
1862,39,7205.745548,1050.254452,2014-02-08 19:00:00,8256.0,38.3,2014-02-08,False,Saturday
1863,40,7083.380762,1068.619238,2014-02-08 19:30:00,8152.0,37.2,2014-02-08,False,Saturday
1864,41,6931.804052,1046.195948,2014-02-08 20:00:00,7978.0,34.3,2014-02-08,False,Saturday
1865,42,6679.094278,1047.905722,2014-02-08 20:30:00,7727.0,33.4,2014-02-08,False,Saturday
1866,43,6308.548322,1079.451678,2014-02-08 21:00:00,7388.0,32.3,2014-02-08,False,Saturday
1867,44,5897.565748,1065.434252,2014-02-08 21:30:00,6963.0,28.5,2014-02-08,False,Saturday
1868,45,5612.757744,1077.242256,2014-02-08 22:00:00,6690.0,26.0,2014-02-08,False,Saturday
1869,46,5426.67138,1087.32862,2014-02-08 22:30:00,6514.0,25.4,2014-02-08,False,Saturday
1870,47,5538.137946,1065.862054,2014-02-08 23:00:00,6604.0,25.4,2014-02-08,False,Saturday
1871,48,5386.669092,1066.330908,2014-02-08 23:30:00,6453.0,25.4,2014-02-08,False,Saturday
1872,1,4960.59786,955.40214,2014-02-09 00:00:00,5916.0,25.4,2014-02-09,False,Sunday
1873,2,4686.934474,1043.065526,2014-02-09 00:30:00,5730.0,25.8,2014-02-09,False,Sunday
1874,3,4514.634566,1057.365434,2014-02-09 01:00:00,5572.0,26.5,2014-02-09,False,Sunday
1875,4,4373.914284,1076.085716,2014-02-09 01:30:00,5450.0,29.8,2014-02-09,False,Sunday
1876,5,4266.967568,1081.032432,2014-02-09 02:00:00,5348.0,32.5,2014-02-09,False,Sunday
1877,6,4207.752358,1068.247642,2014-02-09 02:30:00,5276.0,32.3,2014-02-09,False,Sunday
1878,7,4170.031114,1079.968886,2014-02-09 03:00:00,5250.0,32.0,2014-02-09,False,Sunday
1879,8,4144.501974,1070.498026,2014-02-09 03:30:00,5215.0,31.7,2014-02-09,False,Sunday
1880,9,4153.258578,1066.741422,2014-02-09 04:00:00,5220.0,31.5,2014-02-09,False,Sunday
1881,10,4174.249434,1067.750566,2014-02-09 04:30:00,5242.0,31.2,2014-02-09,False,Sunday
1882,11,4272.98543,1045.01457,2014-02-09 05:00:00,5318.0,31.1,2014-02-09,False,Sunday
1883,12,4277.269948,1076.730052,2014-02-09 05:30:00,5354.0,31.3,2014-02-09,False,Sunday
1884,13,4423.426572,1056.573428,2014-02-09 06:00:00,5480.0,31.0,2014-02-09,False,Sunday
1885,14,4666.699086,1068.300914,2014-02-09 06:30:00,5735.0,31.2,2014-02-09,False,Sunday
1886,15,4890.119616,1068.880384,2014-02-09 07:00:00,5959.0,32.0,2014-02-09,False,Sunday
1887,16,5176.809042,1062.190958,2014-02-09 07:30:00,6239.0,31.9,2014-02-09,False,Sunday
1888,17,5459.00354,1080.99646,2014-02-09 08:00:00,6540.0,32.2,2014-02-09,False,Sunday
1889,18,5728.131808,1060.868192,2014-02-09 08:30:00,6789.0,32.7,2014-02-09,False,Sunday
1890,19,6040.981836,1062.018164,2014-02-09 09:00:00,7103.0,34.4,2014-02-09,False,Sunday
1891,20,6310.363468,1075.636532,2014-02-09 09:30:00,7386.0,36.0,2014-02-09,False,Sunday
1892,21,6592.33315,1051.66685,2014-02-09 10:00:00,7644.0,38.2,2014-02-09,False,Sunday
1893,22,6770.212286,1065.787714,2014-02-09 10:30:00,7836.0,38.6,2014-02-09,False,Sunday
1894,23,6736.164066,1048.835934,2014-02-09 11:00:00,7785.0,39.5,2014-02-09,False,Sunday
1895,24,6520.0584,1044.9416,2014-02-09 11:30:00,7565.0,32.2,2014-02-09,False,Sunday
1896,25,6311.316142,1059.683858,2014-02-09 12:00:00,7371.0,31.2,2014-02-09,False,Sunday
1897,26,6164.237844,1066.762156,2014-02-09 12:30:00,7231.0,30.2,2014-02-09,False,Sunday
1898,27,6088.196388,1044.803612,2014-02-09 13:00:00,7133.0,27.8,2014-02-09,False,Sunday
1899,28,5989.28473,1072.71527,2014-02-09 13:30:00,7062.0,27.9,2014-02-09,False,Sunday
1900,29,5912.855422,1055.144578,2014-02-09 14:00:00,6968.0,26.8,2014-02-09,False,Sunday
1901,30,5880.867688,1044.132312,2014-02-09 14:30:00,6925.0,27.0,2014-02-09,False,Sunday
1902,31,5835.415962,1060.584038,2014-02-09 15:00:00,6896.0,26.5,2014-02-09,False,Sunday
1903,32,5827.942272,1036.057728,2014-02-09 15:30:00,6864.0,26.8,2014-02-09,False,Sunday
1904,33,5737.691908,1057.308092,2014-02-09 16:00:00,6795.0,25.6,2014-02-09,False,Sunday
1905,34,5663.763278,1032.236722,2014-02-09 16:30:00,6696.0,24.9,2014-02-09,False,Sunday
1906,35,5563.543188,1032.456812,2014-02-09 17:00:00,6596.0,24.5,2014-02-09,False,Sunday
1907,36,5401.892148,1051.107852,2014-02-09 17:30:00,6453.0,24.4,2014-02-09,False,Sunday
1908,37,5085.64942,1028.35058,2014-02-09 18:00:00,6114.0,22.6,2014-02-09,False,Sunday
1909,38,4811.764582,1045.235418,2014-02-09 18:30:00,5857.0,22.4,2014-02-09,False,Sunday
1910,39,4608.06034,1031.93966,2014-02-09 19:00:00,5640.0,22.8,2014-02-09,False,Sunday
1911,40,4570.1839,1048.8161,2014-02-09 19:30:00,5619.0,21.3,2014-02-09,False,Sunday
1912,41,4496.876222,1054.123778,2014-02-09 20:00:00,5551.0,20.2,2014-02-09,False,Sunday
1913,42,4317.893994,1024.106006,2014-02-09 20:30:00,5342.0,19.8,2014-02-09,False,Sunday
1914,43,4118.468096,1045.531904,2014-02-09 21:00:00,5164.0,19.8,2014-02-09,False,Sunday
1915,44,3936.087998,1060.912002,2014-02-09 21:30:00,4997.0,19.7,2014-02-09,False,Sunday
1916,45,3842.15806,1040.84194,2014-02-09 22:00:00,4883.0,19.2,2014-02-09,False,Sunday
1917,46,3797.410796,1048.589204,2014-02-09 22:30:00,4846.0,19.0,2014-02-09,False,Sunday
1918,47,4062.62665,1057.37335,2014-02-09 23:00:00,5120.0,18.6,2014-02-09,False,Sunday
1919,48,4088.223566,1052.776434,2014-02-09 23:30:00,5141.0,18.4,2014-02-09,False,Sunday
1920,1,3761.852026,1069.147974,2014-02-10 00:00:00,4831.0,18.5,2014-02-10,False,Monday
1921,2,3537.884664,1045.115336,2014-02-10 00:30:00,4583.0,18.3,2014-02-10,False,Monday
1922,3,3423.9729,1062.0271,2014-02-10 01:00:00,4486.0,17.7,2014-02-10,False,Monday
1923,4,3352.61086,1063.38914,2014-02-10 01:30:00,4416.0,17.1,2014-02-10,False,Monday
1924,5,3292.95529,1061.04471,2014-02-10 02:00:00,4354.0,16.8,2014-02-10,False,Monday
1925,6,3248.69673,1067.30327,2014-02-10 02:30:00,4316.0,17.0,2014-02-10,False,Monday
1926,7,3248.329118,1060.670882,2014-02-10 03:00:00,4309.0,16.9,2014-02-10,False,Monday
1927,8,3286.805836,1063.194164,2014-02-10 03:30:00,4350.0,16.7,2014-02-10,False,Monday
1928,9,3411.718378,1071.281622,2014-02-10 04:00:00,4483.0,16.5,2014-02-10,False,Monday
1929,10,3585.04282,1021.95718,2014-02-10 04:30:00,4607.0,16.4,2014-02-10,False,Monday
1930,11,3936.237628,1025.762372,2014-02-10 05:00:00,4962.0,15.9,2014-02-10,False,Monday
1931,12,4236.45285,1034.54715,2014-02-10 05:30:00,5271.0,16.2,2014-02-10,False,Monday
1932,13,4646.95267,1069.04733,2014-02-10 06:00:00,5716.0,16.1,2014-02-10,False,Monday
1933,14,4953.12375,1056.87625,2014-02-10 06:30:00,6010.0,16.5,2014-02-10,False,Monday
1934,15,4902.973422,1080.026578,2014-02-10 07:00:00,5983.0,17.0,2014-02-10,False,Monday
1935,16,4962.937702,1078.062298,2014-02-10 07:30:00,6041.0,17.9,2014-02-10,False,Monday
1936,17,5075.35334,1076.64666,2014-02-10 08:00:00,6152.0,19.0,2014-02-10,False,Monday
1937,18,5128.69514,1093.30486,2014-02-10 08:30:00,6222.0,19.6,2014-02-10,False,Monday
1938,19,5123.677916,1091.322084,2014-02-10 09:00:00,6215.0,19.7,2014-02-10,False,Monday
1939,20,5128.092722,1089.907278,2014-02-10 09:30:00,6218.0,20.3,2014-02-10,False,Monday
1940,21,5171.917478,1110.082522,2014-02-10 10:00:00,6282.0,20.6,2014-02-10,False,Monday
1941,22,5216.132968,1060.867032,2014-02-10 10:30:00,6277.0,21.5,2014-02-10,False,Monday
1942,23,5245.900176,1093.099824,2014-02-10 11:00:00,6339.0,22.2,2014-02-10,False,Monday
1943,24,5274.839068,1074.160932,2014-02-10 11:30:00,6349.0,23.4,2014-02-10,False,Monday
1944,25,5309.223366,1067.776634,2014-02-10 12:00:00,6377.0,22.0,2014-02-10,False,Monday
1945,26,5329.383578,1059.616422,2014-02-10 12:30:00,6389.0,23.1,2014-02-10,False,Monday
1946,27,5357.718868,1067.281132,2014-02-10 13:00:00,6425.0,23.0,2014-02-10,False,Monday
1947,28,5369.58001,1085.41999,2014-02-10 13:30:00,6455.0,23.6,2014-02-10,False,Monday
1948,29,5388.781414,1060.218586,2014-02-10 14:00:00,6449.0,24.7,2014-02-10,False,Monday
1949,30,5449.934362,1074.065638,2014-02-10 14:30:00,6524.0,23.4,2014-02-10,False,Monday
1950,31,5527.508902,1085.491098,2014-02-10 15:00:00,6613.0,23.2,2014-02-10,False,Monday
1951,32,5591.006774,1062.993226,2014-02-10 15:30:00,6654.0,23.0,2014-02-10,False,Monday
1952,33,5594.66705,1065.33295,2014-02-10 16:00:00,6660.0,23.3,2014-02-10,False,Monday
1953,34,5542.236464,1047.763536,2014-02-10 16:30:00,6590.0,22.9,2014-02-10,False,Monday
1954,35,5380.339452,1056.660548,2014-02-10 17:00:00,6437.0,22.2,2014-02-10,False,Monday
1955,36,5283.234998,1065.765002,2014-02-10 17:30:00,6349.0,22.8,2014-02-10,False,Monday
1956,37,5088.874434,1074.125566,2014-02-10 18:00:00,6163.0,21.2,2014-02-10,False,Monday
1957,38,4964.907616,1085.092384,2014-02-10 18:30:00,6050.0,20.4,2014-02-10,False,Monday
1958,39,4849.760048,1076.239952,2014-02-10 19:00:00,5926.0,19.8,2014-02-10,False,Monday
1959,40,4879.033154,1076.966846,2014-02-10 19:30:00,5956.0,19.3,2014-02-10,False,Monday
1960,41,4831.40727,1064.59273,2014-02-10 20:00:00,5896.0,18.9,2014-02-10,False,Monday
1961,42,4644.6307,1077.3693,2014-02-10 20:30:00,5722.0,18.7,2014-02-10,False,Monday
1962,43,4415.120034,1061.879966,2014-02-10 21:00:00,5477.0,18.5,2014-02-10,False,Monday
1963,44,4189.956628,1073.043372,2014-02-10 21:30:00,5263.0,17.9,2014-02-10,False,Monday
1964,45,4102.432584,1085.567416,2014-02-10 22:00:00,5188.0,17.8,2014-02-10,False,Monday
1965,46,4083.081076,1089.918924,2014-02-10 22:30:00,5173.0,17.5,2014-02-10,False,Monday
1966,47,4373.742204,1095.257796,2014-02-10 23:00:00,5469.0,17.9,2014-02-10,False,Monday
1967,48,4384.75733,1071.24267,2014-02-10 23:30:00,5456.0,17.6,2014-02-10,False,Monday
1968,1,4066.458928,1096.541072,2014-02-11 00:00:00,5163.0,17.2,2014-02-11,False,Tuesday
1969,2,3836.822274,1079.177726,2014-02-11 00:30:00,4916.0,17.1,2014-02-11,False,Tuesday
1970,3,3689.059518,1074.940482,2014-02-11 01:00:00,4764.0,16.7,2014-02-11,False,Tuesday
1971,4,3575.184514,1076.815486,2014-02-11 01:30:00,4652.0,16.4,2014-02-11,False,Tuesday
1972,5,3483.398992,1070.601008,2014-02-11 02:00:00,4554.0,16.2,2014-02-11,False,Tuesday
1973,6,3437.773394,1077.226606,2014-02-11 02:30:00,4515.0,16.2,2014-02-11,False,Tuesday
1974,7,3422.025202,1038.974798,2014-02-11 03:00:00,4461.0,16.1,2014-02-11,False,Tuesday
1975,8,3469.21104,1077.78896,2014-02-11 03:30:00,4547.0,15.9,2014-02-11,False,Tuesday
1976,9,3632.963572,1060.036428,2014-02-11 04:00:00,4693.0,15.7,2014-02-11,False,Tuesday
1977,10,3830.866704,1088.133296,2014-02-11 04:30:00,4919.0,15.5,2014-02-11,False,Tuesday
1978,11,4153.966978,1089.033022,2014-02-11 05:00:00,5243.0,15.2,2014-02-11,False,Tuesday
1979,12,4434.366796,1072.633204,2014-02-11 05:30:00,5507.0,15.1,2014-02-11,False,Tuesday
1980,13,4778.376864,1089.623136,2014-02-11 06:00:00,5868.0,15.0,2014-02-11,False,Tuesday
1981,14,5043.386212,1085.613788,2014-02-11 06:30:00,6129.0,15.3,2014-02-11,False,Tuesday
1982,15,4996.323666,1092.676334,2014-02-11 07:00:00,6089.0,15.9,2014-02-11,False,Tuesday
1983,16,5046.574116,1065.425884,2014-02-11 07:30:00,6112.0,16.6,2014-02-11,False,Tuesday
1984,17,5130.757488,1079.242512,2014-02-11 08:00:00,6210.0,17.3,2014-02-11,False,Tuesday
1985,18,5146.059924,1055.940076,2014-02-11 08:30:00,6202.0,18.3,2014-02-11,False,Tuesday
1986,19,5183.665686,1076.334314,2014-02-11 09:00:00,6260.0,19.2,2014-02-11,False,Tuesday
1987,20,5261.84231,1075.15769,2014-02-11 09:30:00,6337.0,19.1,2014-02-11,False,Tuesday
1988,21,5316.571042,1081.428958,2014-02-11 10:00:00,6398.0,21.0,2014-02-11,False,Tuesday
1989,22,5380.08403,1088.91597,2014-02-11 10:30:00,6469.0,21.0,2014-02-11,False,Tuesday
1990,23,5437.057932,1067.942068,2014-02-11 11:00:00,6505.0,22.3,2014-02-11,False,Tuesday
1991,24,5520.182002,1073.817998,2014-02-11 11:30:00,6594.0,23.3,2014-02-11,False,Tuesday
1992,25,5613.798812,1090.201188,2014-02-11 12:00:00,6704.0,24.2,2014-02-11,False,Tuesday
1993,26,5707.746744,1039.253256,2014-02-11 12:30:00,6747.0,23.5,2014-02-11,False,Tuesday
1994,27,5797.051538,1051.948462,2014-02-11 13:00:00,6849.0,23.3,2014-02-11,False,Tuesday
1995,28,5867.355712,1076.644288,2014-02-11 13:30:00,6944.0,25.2,2014-02-11,False,Tuesday
1996,29,5919.143596,1078.856404,2014-02-11 14:00:00,6998.0,26.2,2014-02-11,False,Tuesday
1997,30,6013.364728,1082.635272,2014-02-11 14:30:00,7096.0,26.2,2014-02-11,False,Tuesday
1998,31,6133.316874,1087.683126,2014-02-11 15:00:00,7221.0,25.8,2014-02-11,False,Tuesday
1999,32,6221.91351,1083.08649,2014-02-11 15:30:00,7305.0,25.5,2014-02-11,False,Tuesday
2000,33,6239.483018,1077.516982,2014-02-11 16:00:00,7317.0,24.9,2014-02-11,False,Tuesday
2001,34,6185.37591,1069.62409,2014-02-11 16:30:00,7255.0,25.2,2014-02-11,False,Tuesday
2002,35,6013.005174,1065.994826,2014-02-11 17:00:00,7079.0,24.0,2014-02-11,False,Tuesday
2003,36,5885.337366,1084.662634,2014-02-11 17:30:00,6970.0,23.7,2014-02-11,False,Tuesday
2004,37,5709.729398,1073.270602,2014-02-11 18:00:00,6783.0,23.8,2014-02-11,False,Tuesday
2005,38,5569.837464,1079.162536,2014-02-11 18:30:00,6649.0,23.4,2014-02-11,False,Tuesday
2006,39,5448.85767,1054.14233,2014-02-11 19:00:00,6503.0,23.0,2014-02-11,False,Tuesday
2007,40,5449.756066,1090.243934,2014-02-11 19:30:00,6540.0,23.2,2014-02-11,False,Tuesday
2008,41,5324.962706,1037.037294,2014-02-11 20:00:00,6362.0,22.9,2014-02-11,False,Tuesday
2009,42,5101.974582,1085.025418,2014-02-11 20:30:00,6187.0,23.0,2014-02-11,False,Tuesday
2010,43,4821.412926,1072.587074,2014-02-11 21:00:00,5894.0,22.7,2014-02-11,False,Tuesday
2011,44,4535.22853,1097.77147,2014-02-11 21:30:00,5633.0,22.4,2014-02-11,False,Tuesday
2012,45,4406.420042,1084.579958,2014-02-11 22:00:00,5491.0,21.9,2014-02-11,False,Tuesday
2013,46,4346.378916,1093.621084,2014-02-11 22:30:00,5440.0,21.2,2014-02-11,False,Tuesday
2014,47,4615.874468,1102.125532,2014-02-11 23:00:00,5718.0,20.6,2014-02-11,False,Tuesday
2015,48,4586.783414,1049.216586,2014-02-11 23:30:00,5636.0,20.3,2014-02-11,False,Tuesday
2016,1,4258.304406,1090.695594,2014-02-12 00:00:00,5349.0,19.8,2014-02-12,False,Wednesday
2017,2,4035.485272,1072.514728,2014-02-12 00:30:00,5108.0,19.4,2014-02-12,False,Wednesday
2018,3,3867.96271,1080.03729,2014-02-12 01:00:00,4948.0,18.8,2014-02-12,False,Wednesday
2019,4,3762.58364,1086.41636,2014-02-12 01:30:00,4849.0,18.6,2014-02-12,False,Wednesday
2020,5,3637.00654,1049.99346,2014-02-12 02:00:00,4687.0,18.7,2014-02-12,False,Wednesday
2021,6,3582.487604,1027.512396,2014-02-12 02:30:00,4610.0,17.9,2014-02-12,False,Wednesday
2022,7,3581.396292,1019.603708,2014-02-12 03:00:00,4601.0,18.1,2014-02-12,False,Wednesday
2023,8,3628.968516,1022.031484,2014-02-12 03:30:00,4651.0,17.9,2014-02-12,False,Wednesday
2024,9,3778.646174,1016.353826,2014-02-12 04:00:00,4795.0,17.7,2014-02-12,False,Wednesday
2025,10,3979.22287,1026.77713,2014-02-12 04:30:00,5006.0,17.4,2014-02-12,False,Wednesday
2026,11,4340.647808,1031.352192,2014-02-12 05:00:00,5372.0,17.3,2014-02-12,False,Wednesday
2027,12,4595.763706,1033.236294,2014-02-12 05:30:00,5629.0,17.3,2014-02-12,False,Wednesday
2028,13,4948.98767,1038.01233,2014-02-12 06:00:00,5987.0,17.1,2014-02-12,False,Wednesday
2029,14,5231.013418,1046.986582,2014-02-12 06:30:00,6278.0,17.3,2014-02-12,False,Wednesday
2030,15,5188.647162,1040.352838,2014-02-12 07:00:00,6229.0,17.6,2014-02-12,False,Wednesday
2031,16,5262.428978,1035.571022,2014-02-12 07:30:00,6298.0,18.3,2014-02-12,False,Wednesday
2032,17,5364.489166,1034.510834,2014-02-12 08:00:00,6399.0,19.0,2014-02-12,False,Wednesday
2033,18,5446.908714,1039.091286,2014-02-12 08:30:00,6486.0,19.9,2014-02-12,False,Wednesday
2034,19,5513.516918,1045.483082,2014-02-12 09:00:00,6559.0,20.5,2014-02-12,False,Wednesday
2035,20,5607.735972,1055.264028,2014-02-12 09:30:00,6663.0,21.7,2014-02-12,False,Wednesday
2036,21,5691.168306,1048.831694,2014-02-12 10:00:00,6740.0,22.4,2014-02-12,False,Wednesday
2037,22,5789.82461,1043.17539,2014-02-12 10:30:00,6833.0,23.7,2014-02-12,False,Wednesday
2038,23,5861.182414,1044.817586,2014-02-12 11:00:00,6906.0,24.6,2014-02-12,False,Wednesday
2039,24,5937.259514,1041.740486,2014-02-12 11:30:00,6979.0,24.7,2014-02-12,False,Wednesday
2040,25,6041.601312,1048.398688,2014-02-12 12:00:00,7090.0,24.1,2014-02-12,False,Wednesday
2041,26,6147.88215,1054.11785,2014-02-12 12:30:00,7202.0,26.0,2014-02-12,False,Wednesday
2042,27,6241.698126,1059.301874,2014-02-12 13:00:00,7301.0,26.7,2014-02-12,False,Wednesday
2043,28,6302.613128,1061.386872,2014-02-12 13:30:00,7364.0,25.0,2014-02-12,False,Wednesday
2044,29,6356.075076,1056.924924,2014-02-12 14:00:00,7413.0,25.2,2014-02-12,False,Wednesday
2045,30,6447.05804,1047.94196,2014-02-12 14:30:00,7495.0,25.4,2014-02-12,False,Wednesday
2046,31,6585.343552,1049.656448,2014-02-12 15:00:00,7635.0,26.9,2014-02-12,False,Wednesday
2047,32,6634.565414,1053.434586,2014-02-12 15:30:00,7688.0,26.4,2014-02-12,False,Wednesday
2048,33,6636.58099,1054.41901,2014-02-12 16:00:00,7691.0,26.0,2014-02-12,False,Wednesday
2049,34,6532.97416,1043.02584,2014-02-12 16:30:00,7576.0,25.0,2014-02-12,False,Wednesday
2050,35,6339.10729,1043.89271,2014-02-12 17:00:00,7383.0,26.0,2014-02-12,False,Wednesday
2051,36,6190.057486,1049.942514,2014-02-12 17:30:00,7240.0,25.8,2014-02-12,False,Wednesday
2052,37,5993.151932,1051.848068,2014-02-12 18:00:00,7045.0,26.2,2014-02-12,False,Wednesday
2053,38,5857.350568,1043.649432,2014-02-12 18:30:00,6901.0,26.3,2014-02-12,False,Wednesday
2054,39,5746.922608,1049.077392,2014-02-12 19:00:00,6796.0,25.1,2014-02-12,False,Wednesday
2055,40,5746.919226,1054.080774,2014-02-12 19:30:00,6801.0,25.5,2014-02-12,False,Wednesday
2056,41,5612.82961,1059.17039,2014-02-12 20:00:00,6672.0,25.4,2014-02-12,False,Wednesday
2057,42,5381.497696,1061.502304,2014-02-12 20:30:00,6443.0,24.9,2014-02-12,False,Wednesday
2058,43,5082.333596,1051.666404,2014-02-12 21:00:00,6134.0,23.9,2014-02-12,False,Wednesday
2059,44,4781.138746,1058.861254,2014-02-12 21:30:00,5840.0,23.3,2014-02-12,False,Wednesday
2060,45,4620.187126,1062.812874,2014-02-12 22:00:00,5683.0,22.1,2014-02-12,False,Wednesday
2061,46,4540.09728,1058.90272,2014-02-12 22:30:00,5599.0,22.0,2014-02-12,False,Wednesday
2062,47,4773.246708,1062.753292,2014-02-12 23:00:00,5836.0,21.6,2014-02-12,False,Wednesday
2063,48,4753.692972,1065.307028,2014-02-12 23:30:00,5819.0,21.8,2014-02-12,False,Wednesday
2064,1,4417.596712,1059.403288,2014-02-13 00:00:00,5477.0,21.3,2014-02-13,False,Thursday
2065,2,4179.203416,1053.796584,2014-02-13 00:30:00,5233.0,21.0,2014-02-13,False,Thursday
2066,3,4063.507218,1059.492782,2014-02-13 01:00:00,5123.0,20.6,2014-02-13,False,Thursday
2067,4,3988.412452,1052.587548,2014-02-13 01:30:00,5041.0,20.5,2014-02-13,False,Thursday
2068,5,3907.526424,1055.473576,2014-02-13 02:00:00,4963.0,20.5,2014-02-13,False,Thursday
2069,6,3834.471372,1053.528628,2014-02-13 02:30:00,4888.0,20.5,2014-02-13,False,Thursday
2070,7,3807.036294,1055.963706,2014-02-13 03:00:00,4863.0,20.2,2014-02-13,False,Thursday
2071,8,3846.575854,1047.424146,2014-02-13 03:30:00,4894.0,20.2,2014-02-13,False,Thursday
2072,9,3983.82575,1047.17425,2014-02-13 04:00:00,5031.0,20.4,2014-02-13,False,Thursday
2073,10,4146.300238,1054.699762,2014-02-13 04:30:00,5201.0,20.6,2014-02-13,False,Thursday
2074,11,4480.895968,1054.104032,2014-02-13 05:00:00,5535.0,20.6,2014-02-13,False,Thursday
2075,12,4804.870492,1056.129508,2014-02-13 05:30:00,5861.0,20.6,2014-02-13,False,Thursday
2076,13,5176.784546,1053.215454,2014-02-13 06:00:00,6230.0,20.7,2014-02-13,False,Thursday
2077,14,5457.814192,1060.185808,2014-02-13 06:30:00,6518.0,21.1,2014-02-13,False,Thursday
2078,15,5463.845158,1042.154842,2014-02-13 07:00:00,6506.0,21.5,2014-02-13,False,Thursday
2079,16,5524.427818,1043.572182,2014-02-13 07:30:00,6568.0,21.9,2014-02-13,False,Thursday
2080,17,5643.787064,1054.212936,2014-02-13 08:00:00,6698.0,22.1,2014-02-13,False,Thursday
2081,18,5725.857208,1056.142792,2014-02-13 08:30:00,6782.0,21.9,2014-02-13,False,Thursday
2082,19,5783.5902,1057.4098,2014-02-13 09:00:00,6841.0,21.9,2014-02-13,False,Thursday
2083,20,5843.97321,1057.02679,2014-02-13 09:30:00,6901.0,22.6,2014-02-13,False,Thursday
2084,21,5877.124054,1057.875946,2014-02-13 10:00:00,6935.0,23.5,2014-02-13,False,Thursday
2085,22,5946.48152,1048.51848,2014-02-13 10:30:00,6995.0,23.3,2014-02-13,False,Thursday
2086,23,5990.41783,1045.58217,2014-02-13 11:00:00,7036.0,23.5,2014-02-13,False,Thursday
2087,24,6006.734382,1062.265618,2014-02-13 11:30:00,7069.0,24.3,2014-02-13,False,Thursday
2088,25,6060.851168,1063.148832,2014-02-13 12:00:00,7124.0,24.8,2014-02-13,False,Thursday
2089,26,6133.202772,1056.797228,2014-02-13 12:30:00,7190.0,25.7,2014-02-13,False,Thursday
2090,27,6167.097954,1050.902046,2014-02-13 13:00:00,7218.0,25.8,2014-02-13,False,Thursday
2091,28,6185.551284,1048.448716,2014-02-13 13:30:00,7234.0,26.6,2014-02-13,False,Thursday
2092,29,6149.250226,1053.749774,2014-02-13 14:00:00,7203.0,26.3,2014-02-13,False,Thursday
2093,30,6122.74752,1057.25248,2014-02-13 14:30:00,7180.0,25.7,2014-02-13,False,Thursday
2094,31,6137.673356,1050.326644,2014-02-13 15:00:00,7188.0,25.5,2014-02-13,False,Thursday
2095,32,6124.234714,1053.765286,2014-02-13 15:30:00,7178.0,25.1,2014-02-13,False,Thursday
2096,33,6078.08069,1041.91931,2014-02-13 16:00:00,7120.0,25.0,2014-02-13,False,Thursday
2097,34,6019.668292,1038.331708,2014-02-13 16:30:00,7058.0,25.4,2014-02-13,False,Thursday
2098,35,5849.723376,1034.276624,2014-02-13 17:00:00,6884.0,25.0,2014-02-13,False,Thursday
2099,36,5741.857112,1036.142888,2014-02-13 17:30:00,6778.0,25.6,2014-02-13,False,Thursday
2100,37,5583.373912,1038.626088,2014-02-13 18:00:00,6622.0,25.6,2014-02-13,False,Thursday
2101,38,5479.950896,1040.049104,2014-02-13 18:30:00,6520.0,25.4,2014-02-13,False,Thursday
2102,39,5462.834406,1035.165594,2014-02-13 19:00:00,6498.0,25.3,2014-02-13,False,Thursday
2103,40,5486.952322,1038.047678,2014-02-13 19:30:00,6525.0,25.4,2014-02-13,False,Thursday
2104,41,5355.299834,1031.700166,2014-02-13 20:00:00,6387.0,25.0,2014-02-13,False,Thursday
2105,42,5153.690448,1037.309552,2014-02-13 20:30:00,6191.0,25.1,2014-02-13,False,Thursday
2106,43,4874.16507,1043.83493,2014-02-13 21:00:00,5918.0,25.0,2014-02-13,False,Thursday
2107,44,4610.082326,1049.917674,2014-02-13 21:30:00,5660.0,24.7,2014-02-13,False,Thursday
2108,45,4478.89216,1044.10784,2014-02-13 22:00:00,5523.0,24.3,2014-02-13,False,Thursday
2109,46,4427.701652,1055.298348,2014-02-13 22:30:00,5483.0,23.8,2014-02-13,False,Thursday
2110,47,4675.539494,1043.460506,2014-02-13 23:00:00,5719.0,23.4,2014-02-13,False,Thursday
2111,48,4643.560136,1047.439864,2014-02-13 23:30:00,5691.0,22.9,2014-02-13,False,Thursday
2112,1,4283.012794,1047.987206,2014-02-14 00:00:00,5331.0,22.5,2014-02-14,False,Friday
2113,2,4068.687094,1042.312906,2014-02-14 00:30:00,5111.0,22.1,2014-02-14,False,Friday
2114,3,3948.045988,1043.954012,2014-02-14 01:00:00,4992.0,22.0,2014-02-14,False,Friday
2115,4,3842.241574,1042.758426,2014-02-14 01:30:00,4885.0,21.8,2014-02-14,False,Friday
2116,5,3753.229702,1039.770298,2014-02-14 02:00:00,4793.0,21.3,2014-02-14,False,Friday
2117,6,3699.462558,1042.537442,2014-02-14 02:30:00,4742.0,21.0,2014-02-14,False,Friday
2118,7,3698.0128,1041.9872,2014-02-14 03:00:00,4740.0,20.8,2014-02-14,False,Friday
2119,8,3736.114464,1043.885536,2014-02-14 03:30:00,4780.0,19.8,2014-02-14,False,Friday
2120,9,3844.187066,1043.812934,2014-02-14 04:00:00,4888.0,19.7,2014-02-14,False,Friday
2121,10,3976.719326,941.280674,2014-02-14 04:30:00,4918.0,19.6,2014-02-14,False,Friday
2122,11,4337.323804,935.676196,2014-02-14 05:00:00,5273.0,19.6,2014-02-14,False,Friday
2123,12,4619.999002,1008.000998,2014-02-14 05:30:00,5628.0,19.8,2014-02-14,False,Friday
2124,13,4986.372122,1030.627878,2014-02-14 06:00:00,6017.0,19.8,2014-02-14,False,Friday
2125,14,5283.813794,1035.186206,2014-02-14 06:30:00,6319.0,19.7,2014-02-14,False,Friday
2126,15,5263.644194,1055.355806,2014-02-14 07:00:00,6319.0,19.9,2014-02-14,False,Friday
2127,16,5347.67516,1060.32484,2014-02-14 07:30:00,6408.0,20.6,2014-02-14,False,Friday
2128,17,5476.872592,1102.127408,2014-02-14 08:00:00,6579.0,21.1,2014-02-14,False,Friday
2129,18,5562.392072,1084.607928,2014-02-14 08:30:00,6647.0,21.9,2014-02-14,False,Friday
2130,19,5650.375874,1094.624126,2014-02-14 09:00:00,6745.0,22.8,2014-02-14,False,Friday
2131,20,5692.950068,1084.049932,2014-02-14 09:30:00,6777.0,24.4,2014-02-14,False,Friday
2132,21,5725.565408,1082.434592,2014-02-14 10:00:00,6808.0,24.5,2014-02-14,False,Friday
2133,22,5747.771094,1079.228906,2014-02-14 10:30:00,6827.0,24.7,2014-02-14,False,Friday
2134,23,5774.847162,1099.152838,2014-02-14 11:00:00,6874.0,25.5,2014-02-14,False,Friday
2135,24,5795.465528,1102.534472,2014-02-14 11:30:00,6898.0,26.3,2014-02-14,False,Friday
2136,25,5809.478016,1087.521984,2014-02-14 12:00:00,6897.0,25.4,2014-02-14,False,Friday
2137,26,5848.040482,1108.959518,2014-02-14 12:30:00,6957.0,25.5,2014-02-14,False,Friday
2138,27,5888.191068,1072.808932,2014-02-14 13:00:00,6961.0,24.9,2014-02-14,False,Friday
2139,28,5897.124588,1097.875412,2014-02-14 13:30:00,6995.0,24.8,2014-02-14,False,Friday
2140,29,5886.285596,1070.714404,2014-02-14 14:00:00,6957.0,25.7,2014-02-14,False,Friday
2141,30,5897.632012,1085.367988,2014-02-14 14:30:00,6983.0,26.1,2014-02-14,False,Friday
2142,31,5930.160336,1060.839664,2014-02-14 15:00:00,6991.0,25.7,2014-02-14,False,Friday
2143,32,5912.227694,1076.772306,2014-02-14 15:30:00,6989.0,26.6,2014-02-14,False,Friday
2144,33,5848.016152,1067.983848,2014-02-14 16:00:00,6916.0,26.4,2014-02-14,False,Friday
2145,34,5785.699508,1070.300492,2014-02-14 16:30:00,6856.0,26.1,2014-02-14,False,Friday
2146,35,5597.526822,1058.473178,2014-02-14 17:00:00,6656.0,26.1,2014-02-14,False,Friday
2147,36,5515.655138,1058.344862,2014-02-14 17:30:00,6574.0,26.6,2014-02-14,False,Friday
2148,37,5345.66196,1055.33804,2014-02-14 18:00:00,6401.0,26.5,2014-02-14,False,Friday
2149,38,5262.144792,1075.855208,2014-02-14 18:30:00,6338.0,26.0,2014-02-14,False,Friday
2150,39,5207.811962,1029.188038,2014-02-14 19:00:00,6237.0,25.6,2014-02-14,False,Friday
2151,40,5260.341044,1055.658956,2014-02-14 19:30:00,6316.0,26.1,2014-02-14,False,Friday
2152,41,5156.040462,1076.959538,2014-02-14 20:00:00,6233.0,25.4,2014-02-14,False,Friday
2153,42,4992.227668,1029.772332,2014-02-14 20:30:00,6022.0,25.2,2014-02-14,False,Friday
2154,43,4777.622382,1037.377618,2014-02-14 21:00:00,5815.0,24.7,2014-02-14,False,Friday
2155,44,4533.957918,1067.042082,2014-02-14 21:30:00,5601.0,24.5,2014-02-14,False,Friday
2156,45,4423.180888,1080.819112,2014-02-14 22:00:00,5504.0,24.0,2014-02-14,False,Friday
2157,46,4368.95509,1069.04491,2014-02-14 22:30:00,5438.0,23.5,2014-02-14,False,Friday
2158,47,4613.548276,1078.451724,2014-02-14 23:00:00,5692.0,22.5,2014-02-14,False,Friday
2159,48,4583.454844,1088.545156,2014-02-14 23:30:00,5672.0,22.0,2014-02-14,False,Friday
2160,1,4189.074434,1068.925566,2014-02-15 00:00:00,5258.0,21.8,2014-02-15,False,Saturday
2161,2,3938.922464,1061.077536,2014-02-15 00:30:00,5000.0,21.7,2014-02-15,False,Saturday
2162,3,3803.131666,1031.868334,2014-02-15 01:00:00,4835.0,21.4,2014-02-15,False,Saturday
2163,4,3695.368108,1028.631892,2014-02-15 01:30:00,4724.0,21.5,2014-02-15,False,Saturday
2164,5,3606.682892,1080.317108,2014-02-15 02:00:00,4687.0,21.5,2014-02-15,False,Saturday
2165,6,3512.807232,1055.192768,2014-02-15 02:30:00,4568.0,21.5,2014-02-15,False,Saturday
2166,7,3480.042836,1064.957164,2014-02-15 03:00:00,4545.0,21.3,2014-02-15,False,Saturday
2167,8,3470.4415,1066.5585,2014-02-15 03:30:00,4537.0,21.3,2014-02-15,False,Saturday
2168,9,3518.716738,1069.283262,2014-02-15 04:00:00,4588.0,21.3,2014-02-15,False,Saturday
2169,10,3585.472626,1089.527374,2014-02-15 04:30:00,4675.0,21.2,2014-02-15,False,Saturday
2170,11,3732.541598,1074.458402,2014-02-15 05:00:00,4807.0,21.2,2014-02-15,False,Saturday
2171,12,3833.920292,1081.079708,2014-02-15 05:30:00,4915.0,21.2,2014-02-15,False,Saturday
2172,13,3961.67878,1077.32122,2014-02-15 06:00:00,5039.0,21.5,2014-02-15,False,Saturday
2173,14,4127.842362,1075.157638,2014-02-15 06:30:00,5203.0,21.7,2014-02-15,False,Saturday
2174,15,4182.346054,1074.653946,2014-02-15 07:00:00,5257.0,21.7,2014-02-15,False,Saturday
2175,16,4334.406592,1059.593408,2014-02-15 07:30:00,5394.0,22.3,2014-02-15,False,Saturday
2176,17,4489.14878,1069.85122,2014-02-15 08:00:00,5559.0,23.5,2014-02-15,False,Saturday
2177,18,4589.542976,1082.457024,2014-02-15 08:30:00,5672.0,23.8,2014-02-15,False,Saturday
2178,19,4723.13835,1059.86165,2014-02-15 09:00:00,5783.0,24.7,2014-02-15,False,Saturday
2179,20,4800.530936,1069.469064,2014-02-15 09:30:00,5870.0,25.7,2014-02-15,False,Saturday
2180,21,4892.489622,1062.510378,2014-02-15 10:00:00,5955.0,26.7,2014-02-15,False,Saturday
2181,22,4982.836976,1068.163024,2014-02-15 10:30:00,6051.0,26.1,2014-02-15,False,Saturday
2182,23,5031.150214,1084.849786,2014-02-15 11:00:00,6116.0,25.0,2014-02-15,False,Saturday
2183,24,5067.533146,1062.466854,2014-02-15 11:30:00,6130.0,26.0,2014-02-15,False,Saturday
2184,25,5049.852034,1073.147966,2014-02-15 12:00:00,6123.0,25.3,2014-02-15,False,Saturday
2185,26,5023.65695,1083.34305,2014-02-15 12:30:00,6107.0,25.0,2014-02-15,False,Saturday
2186,27,5038.397436,1069.602564,2014-02-15 13:00:00,6108.0,26.7,2014-02-15,False,Saturday
2187,28,5094.486344,1071.513656,2014-02-15 13:30:00,6166.0,27.2,2014-02-15,False,Saturday
2188,29,5125.65807,1084.34193,2014-02-15 14:00:00,6210.0,28.0,2014-02-15,False,Saturday
2189,30,5176.651704,1059.348296,2014-02-15 14:30:00,6236.0,28.7,2014-02-15,False,Saturday
2190,31,5196.59963,1069.40037,2014-02-15 15:00:00,6266.0,27.1,2014-02-15,False,Saturday
2191,32,5198.327156,1052.672844,2014-02-15 15:30:00,6251.0,24.2,2014-02-15,False,Saturday
2192,33,5204.601266,1070.398734,2014-02-15 16:00:00,6275.0,24.7,2014-02-15,False,Saturday
2193,34,5197.207974,1078.792026,2014-02-15 16:30:00,6276.0,25.3,2014-02-15,False,Saturday
2194,35,5166.78108,1061.21892,2014-02-15 17:00:00,6228.0,25.1,2014-02-15,False,Saturday
2195,36,5097.20904,1070.79096,2014-02-15 17:30:00,6168.0,25.9,2014-02-15,False,Saturday
2196,37,4968.101934,1034.898066,2014-02-15 18:00:00,6003.0,24.4,2014-02-15,False,Saturday
2197,38,4847.171546,1060.828454,2014-02-15 18:30:00,5908.0,23.9,2014-02-15,False,Saturday
2198,39,4729.525298,1055.474702,2014-02-15 19:00:00,5785.0,23.3,2014-02-15,False,Saturday
2199,40,4719.743662,1052.256338,2014-02-15 19:30:00,5772.0,22.5,2014-02-15,False,Saturday
2200,41,4636.550128,1076.449872,2014-02-15 20:00:00,5713.0,21.7,2014-02-15,False,Saturday
2201,42,4499.521636,1056.478364,2014-02-15 20:30:00,5556.0,21.5,2014-02-15,False,Saturday
2202,43,4331.223666,1065.776334,2014-02-15 21:00:00,5397.0,21.7,2014-02-15,False,Saturday
2203,44,4113.41832,1072.58168,2014-02-15 21:30:00,5186.0,21.8,2014-02-15,False,Saturday
2204,45,3946.011248,1048.988752,2014-02-15 22:00:00,4995.0,21.5,2014-02-15,False,Saturday
2205,46,3931.333118,1058.666882,2014-02-15 22:30:00,4990.0,21.5,2014-02-15,False,Saturday
2206,47,4212.74699,1067.25301,2014-02-15 23:00:00,5280.0,21.6,2014-02-15,False,Saturday
2207,48,4218.043696,1057.956304,2014-02-15 23:30:00,5276.0,21.5,2014-02-15,False,Saturday
2208,1,3861.210092,1051.789908,2014-02-16 00:00:00,4913.0,21.1,2014-02-16,False,Sunday
2209,2,3620.807866,1029.192134,2014-02-16 00:30:00,4650.0,19.8,2014-02-16,False,Sunday
2210,3,3448.260966,1067.739034,2014-02-16 01:00:00,4516.0,19.6,2014-02-16,False,Sunday
2211,4,3311.637776,1039.362224,2014-02-16 01:30:00,4351.0,19.4,2014-02-16,False,Sunday
2212,5,3211.866168,1060.133832,2014-02-16 02:00:00,4272.0,18.8,2014-02-16,False,Sunday
2213,6,3135.165012,1023.834988,2014-02-16 02:30:00,4159.0,18.7,2014-02-16,False,Sunday
2214,7,3089.272674,1012.727326,2014-02-16 03:00:00,4102.0,18.8,2014-02-16,False,Sunday
2215,8,3063.29182,1014.70818,2014-02-16 03:30:00,4078.0,18.5,2014-02-16,False,Sunday
2216,9,3062.618792,1007.381208,2014-02-16 04:00:00,4070.0,18.5,2014-02-16,False,Sunday
2217,10,3078.623542,1008.376458,2014-02-16 04:30:00,4087.0,17.9,2014-02-16,False,Sunday
2218,11,3140.320274,1018.679726,2014-02-16 05:00:00,4159.0,17.2,2014-02-16,False,Sunday
2219,12,3204.51936,1004.48064,2014-02-16 05:30:00,4209.0,17.4,2014-02-16,False,Sunday
2220,13,3281.853932,1027.146068,2014-02-16 06:00:00,4309.0,17.8,2014-02-16,False,Sunday
2221,14,3373.334366,1053.665634,2014-02-16 06:30:00,4427.0,18.0,2014-02-16,False,Sunday
2222,15,3377.9263,1048.0737,2014-02-16 07:00:00,4426.0,18.1,2014-02-16,False,Sunday
2223,16,3476.275284,1045.724716,2014-02-16 07:30:00,4522.0,18.0,2014-02-16,False,Sunday
2224,17,3568.942502,1062.057498,2014-02-16 08:00:00,4631.0,17.5,2014-02-16,False,Sunday
2225,18,3636.907832,1039.092168,2014-02-16 08:30:00,4676.0,17.3,2014-02-16,False,Sunday
2226,19,3724.542376,1048.457624,2014-02-16 09:00:00,4773.0,16.9,2014-02-16,False,Sunday
2227,20,3751.216834,1052.783166,2014-02-16 09:30:00,4804.0,16.8,2014-02-16,False,Sunday
2228,21,3769.022946,1046.977054,2014-02-16 10:00:00,4816.0,17.2,2014-02-16,False,Sunday
2229,22,3760.614266,1059.385734,2014-02-16 10:30:00,4820.0,18.7,2014-02-16,False,Sunday
2230,23,3781.941128,1058.058872,2014-02-16 11:00:00,4840.0,20.3,2014-02-16,False,Sunday
2231,24,3771.193166,1034.806834,2014-02-16 11:30:00,4806.0,20.8,2014-02-16,False,Sunday
2232,25,3713.711448,1010.288552,2014-02-16 12:00:00,4724.0,21.5,2014-02-16,False,Sunday
2233,26,3696.66679,1017.33321,2014-02-16 12:30:00,4714.0,22.4,2014-02-16,False,Sunday
2234,27,3684.99184,1038.00816,2014-02-16 13:00:00,4723.0,23.0,2014-02-16,False,Sunday
2235,28,3694.585548,1053.414452,2014-02-16 13:30:00,4748.0,22.2,2014-02-16,False,Sunday
2236,29,3722.811912,1068.188088,2014-02-16 14:00:00,4791.0,22.3,2014-02-16,False,Sunday
2237,30,3761.29054,1047.70946,2014-02-16 14:30:00,4809.0,22.3,2014-02-16,False,Sunday
2238,31,3821.442014,1057.557986,2014-02-16 15:00:00,4879.0,22.2,2014-02-16,False,Sunday
2239,32,3896.053074,1070.946926,2014-02-16 15:30:00,4967.0,22.6,2014-02-16,False,Sunday
2240,33,3985.000188,1052.999812,2014-02-16 16:00:00,5038.0,22.6,2014-02-16,False,Sunday
2241,34,4078.898776,1053.101224,2014-02-16 16:30:00,5132.0,22.0,2014-02-16,False,Sunday
2242,35,4118.365362,1060.634638,2014-02-16 17:00:00,5179.0,21.3,2014-02-16,False,Sunday
2243,36,4107.008148,1034.991852,2014-02-16 17:30:00,5142.0,20.9,2014-02-16,False,Sunday
2244,37,4057.746698,1059.253302,2014-02-16 18:00:00,5117.0,20.6,2014-02-16,False,Sunday
2245,38,4005.460098,1039.539902,2014-02-16 18:30:00,5045.0,19.9,2014-02-16,False,Sunday
2246,39,4017.117402,1059.882598,2014-02-16 19:00:00,5077.0,19.3,2014-02-16,False,Sunday
2247,40,4115.099228,1054.900772,2014-02-16 19:30:00,5170.0,19.1,2014-02-16,False,Sunday
2248,41,4065.696038,1059.303962,2014-02-16 20:00:00,5125.0,19.0,2014-02-16,False,Sunday
2249,42,3956.15955,1059.84045,2014-02-16 20:30:00,5016.0,18.8,2014-02-16,False,Sunday
2250,43,3789.767952,1060.232048,2014-02-16 21:00:00,4850.0,18.5,2014-02-16,False,Sunday
2251,44,3634.390356,1058.609644,2014-02-16 21:30:00,4693.0,18.7,2014-02-16,False,Sunday
2252,45,3530.105106,1061.894894,2014-02-16 22:00:00,4592.0,18.6,2014-02-16,False,Sunday
2253,46,3530.374204,1048.625796,2014-02-16 22:30:00,4579.0,18.1,2014-02-16,False,Sunday
2254,47,3867.183942,1042.816058,2014-02-16 23:00:00,4910.0,17.8,2014-02-16,False,Sunday
2255,48,3942.215084,1066.784916,2014-02-16 23:30:00,5009.0,17.6,2014-02-16,False,Sunday
2256,1,3659.916128,1072.083872,2014-02-17 00:00:00,4732.0,17.3,2014-02-17,False,Monday
2257,2,3451.99926,1061.00074,2014-02-17 00:30:00,4513.0,17.1,2014-02-17,False,Monday
2258,3,3334.095412,1067.904588,2014-02-17 01:00:00,4402.0,16.9,2014-02-17,False,Monday
2259,4,3231.357988,1055.642012,2014-02-17 01:30:00,4287.0,16.8,2014-02-17,False,Monday
2260,5,3154.984698,1056.015302,2014-02-17 02:00:00,4211.0,16.9,2014-02-17,False,Monday
2261,6,3116.502504,1070.497496,2014-02-17 02:30:00,4187.0,16.9,2014-02-17,False,Monday
2262,7,3125.251214,1053.748786,2014-02-17 03:00:00,4179.0,16.8,2014-02-17,False,Monday
2263,8,3167.025826,1056.974174,2014-02-17 03:30:00,4224.0,16.8,2014-02-17,False,Monday
2264,9,3304.036602,1060.963398,2014-02-17 04:00:00,4365.0,16.9,2014-02-17,False,Monday
2265,10,3495.365888,1037.634112,2014-02-17 04:30:00,4533.0,16.7,2014-02-17,False,Monday
2266,11,3852.5109,1057.4891,2014-02-17 05:00:00,4910.0,16.7,2014-02-17,False,Monday
2267,12,4165.013214,1055.986786,2014-02-17 05:30:00,5221.0,16.5,2014-02-17,False,Monday
2268,13,4559.244962,1062.755038,2014-02-17 06:00:00,5622.0,16.3,2014-02-17,False,Monday
2269,14,4875.18524,1073.81476,2014-02-17 06:30:00,5949.0,16.4,2014-02-17,False,Monday
2270,15,4813.96508,1070.03492,2014-02-17 07:00:00,5884.0,16.9,2014-02-17,False,Monday
2271,16,4839.436084,1060.563916,2014-02-17 07:30:00,5900.0,17.5,2014-02-17,False,Monday
2272,17,4898.850794,1088.149206,2014-02-17 08:00:00,5987.0,17.7,2014-02-17,False,Monday
2273,18,4918.602368,1066.397632,2014-02-17 08:30:00,5985.0,19.0,2014-02-17,False,Monday
2274,19,4955.913512,1072.086488,2014-02-17 09:00:00,6028.0,19.1,2014-02-17,False,Monday
2275,20,4990.600574,1078.399426,2014-02-17 09:30:00,6069.0,20.0,2014-02-17,False,Monday
2276,21,5020.02963,1067.97037,2014-02-17 10:00:00,6088.0,20.5,2014-02-17,False,Monday
2277,22,5051.273132,1086.726868,2014-02-17 10:30:00,6138.0,20.1,2014-02-17,False,Monday
2278,23,5058.616278,1084.383722,2014-02-17 11:00:00,6143.0,21.5,2014-02-17,False,Monday
2279,24,5098.748816,1082.251184,2014-02-17 11:30:00,6181.0,21.7,2014-02-17,False,Monday
2280,25,5132.881878,1097.118122,2014-02-17 12:00:00,6230.0,21.8,2014-02-17,False,Monday
2281,26,5187.965118,1075.034882,2014-02-17 12:30:00,6263.0,21.8,2014-02-17,False,Monday
2282,27,5225.67418,1081.32582,2014-02-17 13:00:00,6307.0,22.7,2014-02-17,False,Monday
2283,28,5230.83156,1063.16844,2014-02-17 13:30:00,6294.0,23.9,2014-02-17,False,Monday
2284,29,5219.105176,1084.894824,2014-02-17 14:00:00,6304.0,23.4,2014-02-17,False,Monday
2285,30,5263.6096,1076.3904,2014-02-17 14:30:00,6340.0,23.0,2014-02-17,False,Monday
2286,31,5308.15726,1064.84274,2014-02-17 15:00:00,6373.0,23.8,2014-02-17,False,Monday
2287,32,5377.835814,1090.164186,2014-02-17 15:30:00,6468.0,25.3,2014-02-17,False,Monday
2288,33,5363.478406,1074.521594,2014-02-17 16:00:00,6438.0,25.1,2014-02-17,False,Monday
2289,34,5336.530364,1066.469636,2014-02-17 16:30:00,6403.0,24.8,2014-02-17,False,Monday
2290,35,5220.23908,1082.76092,2014-02-17 17:00:00,6303.0,25.0,2014-02-17,False,Monday
2291,36,5147.1906,1080.8094,2014-02-17 17:30:00,6228.0,24.8,2014-02-17,False,Monday
2292,37,4996.302638,1084.697362,2014-02-17 18:00:00,6081.0,23.9,2014-02-17,False,Monday
2293,38,4885.425902,1071.574098,2014-02-17 18:30:00,5957.0,23.5,2014-02-17,False,Monday
2294,39,4781.787704,1082.212296,2014-02-17 19:00:00,5864.0,23.0,2014-02-17,False,Monday
2295,40,4811.764074,1049.235926,2014-02-17 19:30:00,5861.0,21.0,2014-02-17,False,Monday
2296,41,4709.693536,1082.306464,2014-02-17 20:00:00,5792.0,19.9,2014-02-17,False,Monday
2297,42,4519.785826,1084.214174,2014-02-17 20:30:00,5604.0,19.4,2014-02-17,False,Monday
2298,43,4279.013252,1067.986748,2014-02-17 21:00:00,5347.0,18.6,2014-02-17,False,Monday
2299,44,4041.035358,1090.964642,2014-02-17 21:30:00,5132.0,17.9,2014-02-17,False,Monday
2300,45,3915.066196,1078.933804,2014-02-17 22:00:00,4994.0,17.5,2014-02-17,False,Monday
2301,46,3892.51025,1081.48975,2014-02-17 22:30:00,4974.0,17.9,2014-02-17,False,Monday
2302,47,4198.00211,1072.99789,2014-02-17 23:00:00,5271.0,17.3,2014-02-17,False,Monday
2303,48,4227.963354,1080.036646,2014-02-17 23:30:00,5308.0,17.2,2014-02-17,False,Monday
2304,1,3916.327214,1085.672786,2014-02-18 00:00:00,5002.0,16.9,2014-02-18,False,Tuesday
2305,2,3704.15038,1091.84962,2014-02-18 00:30:00,4796.0,16.9,2014-02-18,False,Tuesday
2306,3,3590.817548,1084.182452,2014-02-18 01:00:00,4675.0,16.7,2014-02-18,False,Tuesday
2307,4,3464.357764,1077.642236,2014-02-18 01:30:00,4542.0,16.4,2014-02-18,False,Tuesday
2308,5,3381.46197,1067.53803,2014-02-18 02:00:00,4449.0,16.1,2014-02-18,False,Tuesday
2309,6,3356.113334,1071.886666,2014-02-18 02:30:00,4428.0,16.0,2014-02-18,False,Tuesday
2310,7,3362.902018,1086.097982,2014-02-18 03:00:00,4449.0,16.6,2014-02-18,False,Tuesday
2311,8,3398.803692,1065.196308,2014-02-18 03:30:00,4464.0,16.3,2014-02-18,False,Tuesday
2312,9,3524.392366,1069.607634,2014-02-18 04:00:00,4594.0,15.6,2014-02-18,False,Tuesday
2313,10,3693.548776,1064.451224,2014-02-18 04:30:00,4758.0,15.2,2014-02-18,False,Tuesday
2314,11,4020.45717,1076.54283,2014-02-18 05:00:00,5097.0,15.0,2014-02-18,False,Tuesday
2315,12,4335.555406,1089.444594,2014-02-18 05:30:00,5425.0,14.8,2014-02-18,False,Tuesday
2316,13,4725.966582,1076.033418,2014-02-18 06:00:00,5802.0,14.5,2014-02-18,False,Tuesday
2317,14,4995.513866,1086.486134,2014-02-18 06:30:00,6082.0,14.9,2014-02-18,False,Tuesday
2318,15,4912.028808,1075.971192,2014-02-18 07:00:00,5988.0,15.6,2014-02-18,False,Tuesday
2319,16,4923.569984,1060.430016,2014-02-18 07:30:00,5984.0,16.6,2014-02-18,False,Tuesday
2320,17,4982.788572,1077.211428,2014-02-18 08:00:00,6060.0,18.3,2014-02-18,False,Tuesday
2321,18,5029.144372,1068.855628,2014-02-18 08:30:00,6098.0,18.6,2014-02-18,False,Tuesday
2322,19,5069.42326,1085.57674,2014-02-18 09:00:00,6155.0,19.2,2014-02-18,False,Tuesday
2323,20,5134.758488,1061.241512,2014-02-18 09:30:00,6196.0,20.4,2014-02-18,False,Tuesday
2324,21,5193.067318,1063.932682,2014-02-18 10:00:00,6257.0,22.5,2014-02-18,False,Tuesday
2325,22,5285.859836,1068.140164,2014-02-18 10:30:00,6354.0,23.5,2014-02-18,False,Tuesday
2326,23,5354.987032,1052.012968,2014-02-18 11:00:00,6407.0,24.7,2014-02-18,False,Tuesday
2327,24,5415.491178,1058.508822,2014-02-18 11:30:00,6474.0,25.8,2014-02-18,False,Tuesday
2328,25,5489.601138,1069.398862,2014-02-18 12:00:00,6559.0,27.5,2014-02-18,False,Tuesday
2329,26,5567.251868,1055.748132,2014-02-18 12:30:00,6623.0,27.7,2014-02-18,False,Tuesday
2330,27,5679.79611,1061.20389,2014-02-18 13:00:00,6741.0,27.9,2014-02-18,False,Tuesday
2331,28,5767.249536,1027.750464,2014-02-18 13:30:00,6795.0,27.9,2014-02-18,False,Tuesday
2332,29,5811.348608,1025.651392,2014-02-18 14:00:00,6837.0,27.7,2014-02-18,False,Tuesday
2333,30,5878.068336,1076.931664,2014-02-18 14:30:00,6955.0,29.4,2014-02-18,False,Tuesday
2334,31,6000.796532,1060.203468,2014-02-18 15:00:00,7061.0,28.9,2014-02-18,False,Tuesday
2335,32,6094.481696,1078.518304,2014-02-18 15:30:00,7173.0,30.0,2014-02-18,False,Tuesday
2336,33,6122.830606,1067.169394,2014-02-18 16:00:00,7190.0,29.2,2014-02-18,False,Tuesday
2337,34,6070.497664,1069.502336,2014-02-18 16:30:00,7140.0,30.2,2014-02-18,False,Tuesday
2338,35,5902.65864,1086.34136,2014-02-18 17:00:00,6989.0,29.1,2014-02-18,False,Tuesday
2339,36,5773.8585,1071.1415,2014-02-18 17:30:00,6845.0,29.6,2014-02-18,False,Tuesday
2340,37,5592.98778,1076.01222,2014-02-18 18:00:00,6669.0,27.6,2014-02-18,False,Tuesday
2341,38,5421.583628,1080.416372,2014-02-18 18:30:00,6502.0,26.4,2014-02-18,False,Tuesday
2342,39,5267.73031,1063.26969,2014-02-18 19:00:00,6331.0,24.0,2014-02-18,False,Tuesday
2343,40,5265.837676,1072.162324,2014-02-18 19:30:00,6338.0,23.1,2014-02-18,False,Tuesday
2344,41,5121.932362,1088.067638,2014-02-18 20:00:00,6210.0,22.4,2014-02-18,False,Tuesday
2345,42,4884.747278,1087.252722,2014-02-18 20:30:00,5972.0,21.4,2014-02-18,False,Tuesday
2346,43,4599.47822,1093.52178,2014-02-18 21:00:00,5693.0,20.8,2014-02-18,False,Tuesday
2347,44,4324.576562,1100.423438,2014-02-18 21:30:00,5425.0,20.7,2014-02-18,False,Tuesday
2348,45,4208.554992,1096.445008,2014-02-18 22:00:00,5305.0,20.4,2014-02-18,False,Tuesday
2349,46,4158.784094,1074.215906,2014-02-18 22:30:00,5233.0,19.9,2014-02-18,False,Tuesday
2350,47,4430.852854,1104.147146,2014-02-18 23:00:00,5535.0,19.7,2014-02-18,False,Tuesday
2351,48,4430.639952,1084.360048,2014-02-18 23:30:00,5515.0,19.5,2014-02-18,False,Tuesday
2352,1,4087.34945,1099.65055,2014-02-19 00:00:00,5187.0,19.3,2014-02-19,False,Wednesday
2353,2,3850.000968,1077.999032,2014-02-19 00:30:00,4928.0,19.0,2014-02-19,False,Wednesday
2354,3,3726.0933,1089.9067,2014-02-19 01:00:00,4816.0,18.7,2014-02-19,False,Wednesday
2355,4,3594.254258,1065.745742,2014-02-19 01:30:00,4660.0,18.9,2014-02-19,False,Wednesday
2356,5,3505.36289,1083.63711,2014-02-19 02:00:00,4589.0,18.7,2014-02-19,False,Wednesday
2357,6,3454.129034,1040.870966,2014-02-19 02:30:00,4495.0,18.4,2014-02-19,False,Wednesday
2358,7,3452.925644,1044.074356,2014-02-19 03:00:00,4497.0,18.3,2014-02-19,False,Wednesday
2359,8,3486.196894,1036.803106,2014-02-19 03:30:00,4523.0,18.1,2014-02-19,False,Wednesday
2360,9,3605.665776,1023.334224,2014-02-19 04:00:00,4629.0,17.9,2014-02-19,False,Wednesday
2361,10,3779.919192,1030.080808,2014-02-19 04:30:00,4810.0,17.6,2014-02-19,False,Wednesday
2362,11,4156.104132,1026.895868,2014-02-19 05:00:00,5183.0,17.6,2014-02-19,False,Wednesday
2363,12,4470.476238,1019.523762,2014-02-19 05:30:00,5490.0,17.7,2014-02-19,False,Wednesday
2364,13,4820.325974,1024.674026,2014-02-19 06:00:00,5845.0,17.8,2014-02-19,False,Wednesday
2365,14,5090.124082,1024.875918,2014-02-19 06:30:00,6115.0,17.8,2014-02-19,False,Wednesday
2366,15,5044.048186,1024.951814,2014-02-19 07:00:00,6069.0,18.2,2014-02-19,False,Wednesday
2367,16,5122.094306,1020.905694,2014-02-19 07:30:00,6143.0,19.3,2014-02-19,False,Wednesday
2368,17,5230.67648,1015.32352,2014-02-19 08:00:00,6246.0,19.0,2014-02-19,False,Wednesday
2369,18,5271.694318,1018.305682,2014-02-19 08:30:00,6290.0,20.2,2014-02-19,False,Wednesday
2370,19,5258.016342,1024.983658,2014-02-19 09:00:00,6283.0,20.3,2014-02-19,False,Wednesday
2371,20,5278.868172,1027.131828,2014-02-19 09:30:00,6306.0,20.6,2014-02-19,False,Wednesday
2372,21,5297.31025,1029.68975,2014-02-19 10:00:00,6327.0,21.8,2014-02-19,False,Wednesday
2373,22,5289.00744,1021.99256,2014-02-19 10:30:00,6311.0,22.1,2014-02-19,False,Wednesday
2374,23,5266.89714,1025.10286,2014-02-19 11:00:00,6292.0,23.1,2014-02-19,False,Wednesday
2375,24,5302.364806,1026.635194,2014-02-19 11:30:00,6329.0,24.3,2014-02-19,False,Wednesday
2376,25,5294.986718,1020.013282,2014-02-19 12:00:00,6315.0,22.8,2014-02-19,False,Wednesday
2377,26,5321.602488,1031.397512,2014-02-19 12:30:00,6353.0,23.5,2014-02-19,False,Wednesday
2378,27,5337.979192,1039.020808,2014-02-19 13:00:00,6377.0,24.4,2014-02-19,False,Wednesday
2379,28,5360.027218,1037.972782,2014-02-19 13:30:00,6398.0,23.9,2014-02-19,False,Wednesday
2380,29,5320.225702,1028.774298,2014-02-19 14:00:00,6349.0,23.7,2014-02-19,False,Wednesday
2381,30,5324.167966,1031.832034,2014-02-19 14:30:00,6356.0,25.4,2014-02-19,False,Wednesday
2382,31,5331.691328,1026.308672,2014-02-19 15:00:00,6358.0,23.9,2014-02-19,False,Wednesday
2383,32,5324.238858,1021.761142,2014-02-19 15:30:00,6346.0,18.9,2014-02-19,False,Wednesday
2384,33,5178.947354,1018.052646,2014-02-19 16:00:00,6197.0,18.6,2014-02-19,False,Wednesday
2385,34,5123.351494,1026.648506,2014-02-19 16:30:00,6150.0,19.7,2014-02-19,False,Wednesday
2386,35,5020.874394,1014.125606,2014-02-19 17:00:00,6035.0,19.4,2014-02-19,False,Wednesday
2387,36,4929.955212,1014.044788,2014-02-19 17:30:00,5944.0,18.7,2014-02-19,False,Wednesday
2388,37,4790.54285,1021.45715,2014-02-19 18:00:00,5812.0,16.8,2014-02-19,False,Wednesday
2389,38,4691.519544,1021.480456,2014-02-19 18:30:00,5713.0,16.2,2014-02-19,False,Wednesday
2390,39,4680.586228,1022.413772,2014-02-19 19:00:00,5703.0,16.1,2014-02-19,False,Wednesday
2391,40,4674.937426,1033.062574,2014-02-19 19:30:00,5708.0,15.7,2014-02-19,False,Wednesday
2392,41,4533.209672,1032.790328,2014-02-19 20:00:00,5566.0,14.8,2014-02-19,False,Wednesday
2393,42,4381.857322,1043.142678,2014-02-19 20:30:00,5425.0,14.9,2014-02-19,False,Wednesday
2394,43,4151.976394,1051.023606,2014-02-19 21:00:00,5203.0,15.1,2014-02-19,False,Wednesday
2395,44,3960.899966,1052.100034,2014-02-19 21:30:00,5013.0,15.5,2014-02-19,False,Wednesday
2396,45,3859.921354,1052.078646,2014-02-19 22:00:00,4912.0,14.3,2014-02-19,False,Wednesday
2397,46,3876.012366,1041.987634,2014-02-19 22:30:00,4918.0,13.9,2014-02-19,False,Wednesday
2398,47,4193.719476,1050.280524,2014-02-19 23:00:00,5244.0,13.8,2014-02-19,False,Wednesday
2399,48,4259.07688,1049.92312,2014-02-19 23:30:00,5309.0,13.8,2014-02-19,False,Wednesday
2400,1,3941.979122,1049.020878,2014-02-20 00:00:00,4991.0,13.7,2014-02-20,False,Thursday
2401,2,3656.03459,1042.96541,2014-02-20 00:30:00,4699.0,13.5,2014-02-20,False,Thursday
2402,3,3495.244442,1040.755558,2014-02-20 01:00:00,4536.0,13.4,2014-02-20,False,Thursday
2403,4,3360.005012,1028.994988,2014-02-20 01:30:00,4389.0,13.5,2014-02-20,False,Thursday
2404,5,3280.35437,1031.64563,2014-02-20 02:00:00,4312.0,13.5,2014-02-20,False,Thursday
2405,6,3226.132182,1034.867818,2014-02-20 02:30:00,4261.0,13.3,2014-02-20,False,Thursday
2406,7,3212.607888,1036.392112,2014-02-20 03:00:00,4249.0,13.1,2014-02-20,False,Thursday
2407,8,3243.746404,1035.253596,2014-02-20 03:30:00,4279.0,13.0,2014-02-20,False,Thursday
2408,9,3362.220034,1033.779966,2014-02-20 04:00:00,4396.0,12.8,2014-02-20,False,Thursday
2409,10,3542.3536,1027.6464,2014-02-20 04:30:00,4570.0,12.7,2014-02-20,False,Thursday
2410,11,3874.57868,1024.42132,2014-02-20 05:00:00,4899.0,12.7,2014-02-20,False,Thursday
2411,12,4205.473308,1034.526692,2014-02-20 05:30:00,5240.0,12.9,2014-02-20,False,Thursday
2412,13,4596.119028,1025.880972,2014-02-20 06:00:00,5622.0,12.7,2014-02-20,False,Thursday
2413,14,4855.24562,1029.75438,2014-02-20 06:30:00,5885.0,12.8,2014-02-20,False,Thursday
2414,15,4716.422392,1022.577608,2014-02-20 07:00:00,5739.0,13.3,2014-02-20,False,Thursday
2415,16,4700.794058,1027.205942,2014-02-20 07:30:00,5728.0,13.9,2014-02-20,False,Thursday
2416,17,4730.385186,1026.614814,2014-02-20 08:00:00,5757.0,14.6,2014-02-20,False,Thursday
2417,18,4711.52356,1029.47644,2014-02-20 08:30:00,5741.0,15.3,2014-02-20,False,Thursday
2418,19,4717.468632,1030.531368,2014-02-20 09:00:00,5748.0,16.1,2014-02-20,False,Thursday
2419,20,4764.254856,1020.745144,2014-02-20 09:30:00,5785.0,16.1,2014-02-20,False,Thursday
2420,21,4825.57478,1029.42522,2014-02-20 10:00:00,5855.0,17.1,2014-02-20,False,Thursday
2421,22,4866.812582,1036.187418,2014-02-20 10:30:00,5903.0,17.9,2014-02-20,False,Thursday
2422,23,4858.529448,1037.470552,2014-02-20 11:00:00,5896.0,18.8,2014-02-20,False,Thursday
2423,24,4868.92176,1038.07824,2014-02-20 11:30:00,5907.0,18.2,2014-02-20,False,Thursday
2424,25,4872.945284,1035.054716,2014-02-20 12:00:00,5908.0,19.1,2014-02-20,False,Thursday
2425,26,4862.56857,1044.43143,2014-02-20 12:30:00,5907.0,19.5,2014-02-20,False,Thursday
2426,27,4849.98147,1045.01853,2014-02-20 13:00:00,5895.0,19.3,2014-02-20,False,Thursday
2427,28,4821.42179,1039.57821,2014-02-20 13:30:00,5861.0,19.5,2014-02-20,False,Thursday
2428,29,4792.0328,1042.9672,2014-02-20 14:00:00,5835.0,20.3,2014-02-20,False,Thursday
2429,30,4804.97304,1039.02696,2014-02-20 14:30:00,5844.0,19.2,2014-02-20,False,Thursday
2430,31,4863.17318,1037.82682,2014-02-20 15:00:00,5901.0,19.1,2014-02-20,False,Thursday
2431,32,4916.9405,1040.0595,2014-02-20 15:30:00,5957.0,19.7,2014-02-20,False,Thursday
2432,33,4953.232948,1048.767052,2014-02-20 16:00:00,6002.0,20.2,2014-02-20,False,Thursday
2433,34,4937.963994,1042.036006,2014-02-20 16:30:00,5980.0,18.7,2014-02-20,False,Thursday
2434,35,4837.122056,1035.877944,2014-02-20 17:00:00,5873.0,19.6,2014-02-20,False,Thursday
2435,36,4762.072832,1037.927168,2014-02-20 17:30:00,5800.0,19.3,2014-02-20,False,Thursday
2436,37,4664.77757,1035.22243,2014-02-20 18:00:00,5700.0,19.2,2014-02-20,False,Thursday
2437,38,4627.373854,1038.626146,2014-02-20 18:30:00,5666.0,18.6,2014-02-20,False,Thursday
2438,39,4647.272288,1041.727712,2014-02-20 19:00:00,5689.0,17.9,2014-02-20,False,Thursday
2439,40,4738.590546,1044.409454,2014-02-20 19:30:00,5783.0,17.4,2014-02-20,False,Thursday
2440,41,4630.436454,1048.563546,2014-02-20 20:00:00,5679.0,17.0,2014-02-20,False,Thursday
2441,42,4461.227962,1052.772038,2014-02-20 20:30:00,5514.0,16.6,2014-02-20,False,Thursday
2442,43,4227.192828,1046.807172,2014-02-20 21:00:00,5274.0,16.2,2014-02-20,False,Thursday
2443,44,4007.01699,1045.98301,2014-02-20 21:30:00,5053.0,15.6,2014-02-20,False,Thursday
2444,45,3899.086102,1043.913898,2014-02-20 22:00:00,4943.0,15.3,2014-02-20,False,Thursday
2445,46,3894.280648,1043.719352,2014-02-20 22:30:00,4938.0,14.8,2014-02-20,False,Thursday
2446,47,4217.143034,1042.856966,2014-02-20 23:00:00,5260.0,14.7,2014-02-20,False,Thursday
2447,48,4301.466298,1047.533702,2014-02-20 23:30:00,5349.0,14.4,2014-02-20,False,Thursday
2448,1,4008.627124,1044.372876,2014-02-21 00:00:00,5053.0,14.4,2014-02-21,False,Friday
2449,2,3776.628576,1043.371424,2014-02-21 00:30:00,4820.0,14.1,2014-02-21,False,Friday
2450,3,3572.647568,1045.352432,2014-02-21 01:00:00,4618.0,13.8,2014-02-21,False,Friday
2451,4,3437.024718,1040.975282,2014-02-21 01:30:00,4478.0,13.8,2014-02-21,False,Friday
2452,5,3363.037542,1034.962458,2014-02-21 02:00:00,4398.0,13.8,2014-02-21,False,Friday
2453,6,3318.545696,1035.454304,2014-02-21 02:30:00,4354.0,13.9,2014-02-21,False,Friday
2454,7,3309.826526,1038.173474,2014-02-21 03:00:00,4348.0,13.7,2014-02-21,False,Friday
2455,8,3358.202046,1036.797954,2014-02-21 03:30:00,4395.0,13.7,2014-02-21,False,Friday
2456,9,3517.036662,1037.963338,2014-02-21 04:00:00,4555.0,13.8,2014-02-21,False,Friday
2457,10,3729.068048,1045.931952,2014-02-21 04:30:00,4775.0,13.5,2014-02-21,False,Friday
2458,11,4066.185416,1044.814584,2014-02-21 05:00:00,5111.0,13.4,2014-02-21,False,Friday
2459,12,4414.211704,1044.788296,2014-02-21 05:30:00,5459.0,13.3,2014-02-21,False,Friday
2460,13,4777.014546,1055.985454,2014-02-21 06:00:00,5833.0,13.2,2014-02-21,False,Friday
2461,14,5072.289518,1080.710482,2014-02-21 06:30:00,6153.0,13.6,2014-02-21,False,Friday
2462,15,4987.793858,1097.206142,2014-02-21 07:00:00,6085.0,13.8,2014-02-21,False,Friday
2463,16,4983.769938,1080.230062,2014-02-21 07:30:00,6064.0,14.3,2014-02-21,False,Friday
2464,17,5038.40753,1087.59247,2014-02-21 08:00:00,6126.0,14.8,2014-02-21,False,Friday
2465,18,5016.622002,1060.377998,2014-02-21 08:30:00,6077.0,15.2,2014-02-21,False,Friday
2466,19,4995.483568,1020.516432,2014-02-21 09:00:00,6016.0,16.2,2014-02-21,False,Friday
2467,20,4979.159034,1054.840966,2014-02-21 09:30:00,6034.0,17.1,2014-02-21,False,Friday
2468,21,4979.381244,1096.618756,2014-02-21 10:00:00,6076.0,17.5,2014-02-21,False,Friday
2469,22,4989.119868,1082.880132,2014-02-21 10:30:00,6072.0,18.2,2014-02-21,False,Friday
2470,23,4987.185752,1085.814248,2014-02-21 11:00:00,6073.0,18.6,2014-02-21,False,Friday
2471,24,4963.004118,1087.995882,2014-02-21 11:30:00,6051.0,18.3,2014-02-21,False,Friday
2472,25,4928.063332,1084.936668,2014-02-21 12:00:00,6013.0,18.1,2014-02-21,False,Friday
2473,26,4895.910936,1107.089064,2014-02-21 12:30:00,6003.0,18.3,2014-02-21,False,Friday
2474,27,4863.086294,1072.913706,2014-02-21 13:00:00,5936.0,18.6,2014-02-21,False,Friday
2475,28,4802.384164,1108.615836,2014-02-21 13:30:00,5911.0,19.2,2014-02-21,False,Friday
2476,29,4707.576422,1079.423578,2014-02-21 14:00:00,5787.0,19.7,2014-02-21,False,Friday
2477,30,4663.614502,1047.385498,2014-02-21 14:30:00,5711.0,20.0,2014-02-21,False,Friday
2478,31,4691.955792,1075.044208,2014-02-21 15:00:00,5767.0,19.6,2014-02-21,False,Friday
2479,32,4728.567178,1089.432822,2014-02-21 15:30:00,5818.0,20.4,2014-02-21,False,Friday
2480,33,4726.554026,1096.445974,2014-02-21 16:00:00,5823.0,19.4,2014-02-21,False,Friday
2481,34,4709.98195,1075.01805,2014-02-21 16:30:00,5785.0,20.0,2014-02-21,False,Friday
2482,35,4616.541358,1069.458642,2014-02-21 17:00:00,5686.0,18.9,2014-02-21,False,Friday
2483,36,4538.368934,1049.631066,2014-02-21 17:30:00,5588.0,18.7,2014-02-21,False,Friday
2484,37,4467.743708,1065.256292,2014-02-21 18:00:00,5533.0,17.7,2014-02-21,False,Friday
2485,38,4441.134692,1063.865308,2014-02-21 18:30:00,5505.0,17.3,2014-02-21,False,Friday
2486,39,4486.544728,1072.455272,2014-02-21 19:00:00,5559.0,16.7,2014-02-21,False,Friday
2487,40,4578.351186,1084.648814,2014-02-21 19:30:00,5663.0,16.5,2014-02-21,False,Friday
2488,41,4473.504764,1074.495236,2014-02-21 20:00:00,5548.0,16.2,2014-02-21,False,Friday
2489,42,4340.052222,1080.947778,2014-02-21 20:30:00,5421.0,16.3,2014-02-21,False,Friday
2490,43,4162.122622,1071.877378,2014-02-21 21:00:00,5234.0,16.1,2014-02-21,False,Friday
2491,44,3965.418544,1079.581456,2014-02-21 21:30:00,5045.0,15.9,2014-02-21,False,Friday
2492,45,3882.466138,1081.533862,2014-02-21 22:00:00,4964.0,16.2,2014-02-21,False,Friday
2493,46,3884.169444,1084.830556,2014-02-21 22:30:00,4969.0,16.4,2014-02-21,False,Friday
2494,47,4203.616418,1049.383582,2014-02-21 23:00:00,5253.0,16.4,2014-02-21,False,Friday
2495,48,4238.976274,1058.023726,2014-02-21 23:30:00,5297.0,16.4,2014-02-21,False,Friday
2496,1,3919.330184,1058.669816,2014-02-22 00:00:00,4978.0,15.9,2014-02-22,False,Saturday
2497,2,3665.544142,1074.455858,2014-02-22 00:30:00,4740.0,15.7,2014-02-22,False,Saturday
2498,3,3512.162074,1061.837926,2014-02-22 01:00:00,4574.0,15.9,2014-02-22,False,Saturday
2499,4,3377.518596,1065.481404,2014-02-22 01:30:00,4443.0,15.8,2014-02-22,False,Saturday
2500,5,3284.727928,1069.272072,2014-02-22 02:00:00,4354.0,14.9,2014-02-22,False,Saturday
2501,6,3237.224114,1063.775886,2014-02-22 02:30:00,4301.0,14.3,2014-02-22,False,Saturday
2502,7,3219.90892,1066.09108,2014-02-22 03:00:00,4286.0,14.7,2014-02-22,False,Saturday
2503,8,3221.791892,1061.208108,2014-02-22 03:30:00,4283.0,14.6,2014-02-22,False,Saturday
2504,9,3263.647636,1063.352364,2014-02-22 04:00:00,4327.0,15.1,2014-02-22,False,Saturday
2505,10,3326.214266,1072.785734,2014-02-22 04:30:00,4399.0,15.3,2014-02-22,False,Saturday
2506,11,3467.522402,1018.477598,2014-02-22 05:00:00,4486.0,15.3,2014-02-22,False,Saturday
2507,12,3574.716222,1043.283778,2014-02-22 05:30:00,4618.0,14.5,2014-02-22,False,Saturday
2508,13,3697.799396,1057.200604,2014-02-22 06:00:00,4755.0,14.6,2014-02-22,False,Saturday
2509,14,3909.226356,1035.773644,2014-02-22 06:30:00,4945.0,14.6,2014-02-22,False,Saturday
2510,15,3985.594098,1054.405902,2014-02-22 07:00:00,5040.0,14.9,2014-02-22,False,Saturday
2511,16,4091.349994,1074.650006,2014-02-22 07:30:00,5166.0,15.4,2014-02-22,False,Saturday
2512,17,4184.424382,1037.575618,2014-02-22 08:00:00,5222.0,15.4,2014-02-22,False,Saturday
2513,18,4215.60107,1067.39893,2014-02-22 08:30:00,5283.0,16.6,2014-02-22,False,Saturday
2514,19,4234.752046,1044.247954,2014-02-22 09:00:00,5279.0,16.0,2014-02-22,False,Saturday
2515,20,4216.918638,1063.081362,2014-02-22 09:30:00,5280.0,16.7,2014-02-22,False,Saturday
2516,21,4195.323832,1063.676168,2014-02-22 10:00:00,5259.0,17.0,2014-02-22,False,Saturday
2517,22,4200.925446,1060.074554,2014-02-22 10:30:00,5261.0,17.0,2014-02-22,False,Saturday
2518,23,4200.637982,1066.362018,2014-02-22 11:00:00,5267.0,18.1,2014-02-22,False,Saturday
2519,24,4163.926672,1048.073328,2014-02-22 11:30:00,5212.0,18.5,2014-02-22,False,Saturday
2520,25,4102.599764,1057.400236,2014-02-22 12:00:00,5160.0,19.1,2014-02-22,False,Saturday
2521,26,4054.27051,1056.72949,2014-02-22 12:30:00,5111.0,19.0,2014-02-22,False,Saturday
2522,27,4024.564634,1057.435366,2014-02-22 13:00:00,5082.0,19.1,2014-02-22,False,Saturday
2523,28,4010.635342,1071.364658,2014-02-22 13:30:00,5082.0,19.5,2014-02-22,False,Saturday
2524,29,3998.991252,1047.008748,2014-02-22 14:00:00,5046.0,19.6,2014-02-22,False,Saturday
2525,30,4005.208336,1062.791664,2014-02-22 14:30:00,5068.0,19.2,2014-02-22,False,Saturday
2526,31,4035.86647,1062.13353,2014-02-22 15:00:00,5098.0,18.9,2014-02-22,False,Saturday
2527,32,4095.467914,1054.532086,2014-02-22 15:30:00,5150.0,18.4,2014-02-22,False,Saturday
2528,33,4143.339924,1056.660076,2014-02-22 16:00:00,5200.0,18.6,2014-02-22,False,Saturday
2529,34,4173.362436,1052.637564,2014-02-22 16:30:00,5226.0,18.9,2014-02-22,False,Saturday
2530,35,4164.124906,1043.875094,2014-02-22 17:00:00,5208.0,19.4,2014-02-22,False,Saturday
2531,36,4144.70644,1044.29356,2014-02-22 17:30:00,5189.0,18.8,2014-02-22,False,Saturday
2532,37,4106.746088,1032.253912,2014-02-22 18:00:00,5139.0,18.4,2014-02-22,False,Saturday
2533,38,4061.210288,1054.789712,2014-02-22 18:30:00,5116.0,18.2,2014-02-22,False,Saturday
2534,39,4076.23098,1034.76902,2014-02-22 19:00:00,5111.0,18.0,2014-02-22,False,Saturday
2535,40,4132.094752,1052.905248,2014-02-22 19:30:00,5185.0,17.9,2014-02-22,False,Saturday
2536,41,4048.779476,1064.220524,2014-02-22 20:00:00,5113.0,17.6,2014-02-22,False,Saturday
2537,42,3952.844798,1051.155202,2014-02-22 20:30:00,5004.0,17.5,2014-02-22,False,Saturday
2538,43,3833.71137,1056.28863,2014-02-22 21:00:00,4890.0,17.0,2014-02-22,False,Saturday
2539,44,3712.212448,1057.787552,2014-02-22 21:30:00,4770.0,16.8,2014-02-22,False,Saturday
2540,45,3684.09445,1054.90555,2014-02-22 22:00:00,4739.0,16.6,2014-02-22,False,Saturday
2541,46,3715.368884,1058.631116,2014-02-22 22:30:00,4774.0,16.3,2014-02-22,False,Saturday
2542,47,4044.539088,1058.460912,2014-02-22 23:00:00,5103.0,16.0,2014-02-22,False,Saturday
2543,48,4111.74414,1064.25586,2014-02-22 23:30:00,5176.0,15.7,2014-02-22,False,Saturday
2544,1,3817.88349,1075.11651,2014-02-23 00:00:00,4893.0,15.8,2014-02-23,False,Sunday
2545,2,3585.165176,1055.834824,2014-02-23 00:30:00,4641.0,15.8,2014-02-23,False,Sunday
2546,3,3411.427236,1043.572764,2014-02-23 01:00:00,4455.0,15.7,2014-02-23,False,Sunday
2547,4,3287.167492,1067.832508,2014-02-23 01:30:00,4355.0,15.6,2014-02-23,False,Sunday
2548,5,3187.921,1048.079,2014-02-23 02:00:00,4236.0,15.3,2014-02-23,False,Sunday
2549,6,3099.075024,1061.924976,2014-02-23 02:30:00,4161.0,15.1,2014-02-23,False,Sunday
2550,7,3060.479312,1060.520688,2014-02-23 03:00:00,4121.0,14.9,2014-02-23,False,Sunday
2551,8,3042.980208,1054.019792,2014-02-23 03:30:00,4097.0,14.5,2014-02-23,False,Sunday
2552,9,3059.300546,1059.699454,2014-02-23 04:00:00,4119.0,14.9,2014-02-23,False,Sunday
2553,10,3080.670438,1035.329562,2014-02-23 04:30:00,4116.0,15.0,2014-02-23,False,Sunday
2554,11,3156.939428,1056.060572,2014-02-23 05:00:00,4213.0,15.2,2014-02-23,False,Sunday
2555,12,3204.88586,1064.11414,2014-02-23 05:30:00,4269.0,15.3,2014-02-23,False,Sunday
2556,13,3267.316932,1046.683068,2014-02-23 06:00:00,4314.0,15.3,2014-02-23,False,Sunday
2557,14,3385.694676,1026.305324,2014-02-23 06:30:00,4412.0,15.1,2014-02-23,False,Sunday
2558,15,3397.55398,1054.44602,2014-02-23 07:00:00,4452.0,15.4,2014-02-23,False,Sunday
2559,16,3481.744274,1054.255726,2014-02-23 07:30:00,4536.0,16.2,2014-02-23,False,Sunday
2560,17,3583.186564,1043.813436,2014-02-23 08:00:00,4627.0,16.5,2014-02-23,False,Sunday
2561,18,3648.815696,1049.184304,2014-02-23 08:30:00,4698.0,17.1,2014-02-23,False,Sunday
2562,19,3676.039764,1068.960236,2014-02-23 09:00:00,4745.0,17.8,2014-02-23,False,Sunday
2563,20,3680.239866,1050.760134,2014-02-23 09:30:00,4731.0,18.0,2014-02-23,False,Sunday
2564,21,3688.17529,1039.82471,2014-02-23 10:00:00,4728.0,19.9,2014-02-23,False,Sunday
2565,22,3699.028848,977.971152,2014-02-23 10:30:00,4677.0,19.5,2014-02-23,False,Sunday
2566,23,3711.352568,1039.647432,2014-02-23 11:00:00,4751.0,20.7,2014-02-23,False,Sunday
2567,24,3709.493806,1053.506194,2014-02-23 11:30:00,4763.0,21.4,2014-02-23,False,Sunday
2568,25,3705.495338,1027.504662,2014-02-23 12:00:00,4733.0,21.2,2014-02-23,False,Sunday
2569,26,3705.992104,1040.007896,2014-02-23 12:30:00,4746.0,22.0,2014-02-23,False,Sunday
2570,27,3742.085662,1038.914338,2014-02-23 13:00:00,4781.0,22.2,2014-02-23,False,Sunday
2571,28,3785.48993,1051.51007,2014-02-23 13:30:00,4837.0,22.9,2014-02-23,False,Sunday
2572,29,3827.6413,1062.3587,2014-02-23 14:00:00,4890.0,22.8,2014-02-23,False,Sunday
2573,30,3876.556726,1043.443274,2014-02-23 14:30:00,4920.0,22.7,2014-02-23,False,Sunday
2574,31,3951.751768,1048.248232,2014-02-23 15:00:00,5000.0,22.9,2014-02-23,False,Sunday
2575,32,4065.603618,1064.396382,2014-02-23 15:30:00,5130.0,22.9,2014-02-23,False,Sunday
2576,33,4155.023796,1041.976204,2014-02-23 16:00:00,5197.0,22.7,2014-02-23,False,Sunday
2577,34,4248.980594,1061.019406,2014-02-23 16:30:00,5310.0,22.3,2014-02-23,False,Sunday
2578,35,4316.969262,1021.030738,2014-02-23 17:00:00,5338.0,22.2,2014-02-23,False,Sunday
2579,36,4329.182606,1052.817394,2014-02-23 17:30:00,5382.0,21.7,2014-02-23,False,Sunday
2580,37,4282.40341,1030.59659,2014-02-23 18:00:00,5313.0,20.6,2014-02-23,False,Sunday
2581,38,4216.11928,1039.88072,2014-02-23 18:30:00,5256.0,20.3,2014-02-23,False,Sunday
2582,39,4233.646646,1056.353354,2014-02-23 19:00:00,5290.0,19.7,2014-02-23,False,Sunday
2583,40,4315.376134,1043.623866,2014-02-23 19:30:00,5359.0,19.5,2014-02-23,False,Sunday
2584,41,4236.45175,1053.54825,2014-02-23 20:00:00,5290.0,19.3,2014-02-23,False,Sunday
2585,42,4086.691168,1055.308832,2014-02-23 20:30:00,5142.0,19.1,2014-02-23,False,Sunday
2586,43,3924.952654,1049.047346,2014-02-23 21:00:00,4974.0,18.4,2014-02-23,False,Sunday
2587,44,3771.270766,1060.729234,2014-02-23 21:30:00,4832.0,17.6,2014-02-23,False,Sunday
2588,45,3700.43658,1062.56342,2014-02-23 22:00:00,4763.0,17.1,2014-02-23,False,Sunday
2589,46,3711.277788,1051.722212,2014-02-23 22:30:00,4763.0,16.8,2014-02-23,False,Sunday
2590,47,4032.463926,1060.536074,2014-02-23 23:00:00,5093.0,16.6,2014-02-23,False,Sunday
2591,48,4087.833714,1056.166286,2014-02-23 23:30:00,5144.0,16.3,2014-02-23,False,Sunday
2592,1,3814.334058,1046.665942,2014-02-24 00:00:00,4861.0,16.2,2014-02-24,False,Monday
2593,2,3592.444694,1039.555306,2014-02-24 00:30:00,4632.0,16.1,2014-02-24,False,Monday
2594,3,3450.61126,1076.38874,2014-02-24 01:00:00,4527.0,15.8,2014-02-24,False,Monday
2595,4,3351.113592,1044.886408,2014-02-24 01:30:00,4396.0,15.4,2014-02-24,False,Monday
2596,5,3277.372356,1041.627644,2014-02-24 02:00:00,4319.0,15.2,2014-02-24,False,Monday
2597,6,3225.188094,1059.811906,2014-02-24 02:30:00,4285.0,15.1,2014-02-24,False,Monday
2598,7,3219.320372,1061.679628,2014-02-24 03:00:00,4281.0,15.2,2014-02-24,False,Monday
2599,8,3258.604654,1063.395346,2014-02-24 03:30:00,4322.0,15.3,2014-02-24,False,Monday
2600,9,3375.71999,1033.28001,2014-02-24 04:00:00,4409.0,15.2,2014-02-24,False,Monday
2601,10,3534.175012,1030.824988,2014-02-24 04:30:00,4565.0,15.2,2014-02-24,False,Monday
2602,11,3870.185002,1018.814998,2014-02-24 05:00:00,4889.0,14.8,2014-02-24,False,Monday
2603,12,4212.2736,1072.7264,2014-02-24 05:30:00,5285.0,14.7,2014-02-24,False,Monday
2604,13,4602.031696,1068.968304,2014-02-24 06:00:00,5671.0,15.0,2014-02-24,False,Monday
2605,14,4883.855428,1072.144572,2014-02-24 06:30:00,5956.0,15.1,2014-02-24,False,Monday
2606,15,4800.509092,1093.490908,2014-02-24 07:00:00,5894.0,15.2,2014-02-24,False,Monday
2607,16,4828.740938,1063.259062,2014-02-24 07:30:00,5892.0,16.0,2014-02-24,False,Monday
2608,17,4899.732734,1082.267266,2014-02-24 08:00:00,5982.0,17.7,2014-02-24,False,Monday
2609,18,4931.56152,1035.43848,2014-02-24 08:30:00,5967.0,17.8,2014-02-24,False,Monday
2610,19,4930.037862,1089.962138,2014-02-24 09:00:00,6020.0,18.0,2014-02-24,False,Monday
2611,20,4931.535142,1068.464858,2014-02-24 09:30:00,6000.0,18.9,2014-02-24,False,Monday
2612,21,4950.639686,1081.360314,2014-02-24 10:00:00,6032.0,19.6,2014-02-24,False,Monday
2613,22,4980.714502,1079.285498,2014-02-24 10:30:00,6060.0,20.5,2014-02-24,False,Monday
2614,23,5024.32907,1068.67093,2014-02-24 11:00:00,6093.0,20.9,2014-02-24,False,Monday
2615,24,5102.310668,1083.689332,2014-02-24 11:30:00,6186.0,21.8,2014-02-24,False,Monday
2616,25,5176.157136,1057.842864,2014-02-24 12:00:00,6234.0,22.5,2014-02-24,False,Monday
2617,26,5260.358076,1075.641924,2014-02-24 12:30:00,6336.0,22.5,2014-02-24,False,Monday
2618,27,5344.264766,1070.735234,2014-02-24 13:00:00,6415.0,23.1,2014-02-24,False,Monday
2619,28,5416.780152,1083.219848,2014-02-24 13:30:00,6500.0,24.0,2014-02-24,False,Monday
2620,29,5428.400844,1078.599156,2014-02-24 14:00:00,6507.0,24.2,2014-02-24,False,Monday
2621,30,5486.657858,1059.342142,2014-02-24 14:30:00,6546.0,24.0,2014-02-24,False,Monday
2622,31,5535.753738,1074.246262,2014-02-24 15:00:00,6610.0,22.3,2014-02-24,False,Monday
2623,32,5563.410176,1065.589824,2014-02-24 15:30:00,6629.0,22.9,2014-02-24,False,Monday
2624,33,5583.001656,1084.998344,2014-02-24 16:00:00,6668.0,22.8,2014-02-24,False,Monday
2625,34,5549.036848,1097.963152,2014-02-24 16:30:00,6647.0,23.5,2014-02-24,False,Monday
2626,35,5431.802304,1062.197696,2014-02-24 17:00:00,6494.0,23.9,2014-02-24,False,Monday
2627,36,5319.423634,1077.576366,2014-02-24 17:30:00,6397.0,24.3,2014-02-24,False,Monday
2628,37,5154.488696,1072.511304,2014-02-24 18:00:00,6227.0,23.2,2014-02-24,False,Monday
2629,38,5053.551656,1074.448344,2014-02-24 18:30:00,6128.0,22.1,2014-02-24,False,Monday
2630,39,5017.599072,1069.400928,2014-02-24 19:00:00,6087.0,21.6,2014-02-24,False,Monday
2631,40,5026.063222,1032.936778,2014-02-24 19:30:00,6059.0,20.9,2014-02-24,False,Monday
2632,41,4893.799688,1055.200312,2014-02-24 20:00:00,5949.0,20.2,2014-02-24,False,Monday
2633,42,4692.113568,1038.886432,2014-02-24 20:30:00,5731.0,19.6,2014-02-24,False,Monday
2634,43,4456.884262,1081.115738,2014-02-24 21:00:00,5538.0,19.4,2014-02-24,False,Monday
2635,44,4213.126232,1077.873768,2014-02-24 21:30:00,5291.0,18.8,2014-02-24,False,Monday
2636,45,4122.149384,1065.850616,2014-02-24 22:00:00,5188.0,18.4,2014-02-24,False,Monday
2637,46,4094.081174,1081.918826,2014-02-24 22:30:00,5176.0,18.1,2014-02-24,False,Monday
2638,47,4393.050794,1082.949206,2014-02-24 23:00:00,5476.0,17.8,2014-02-24,False,Monday
2639,48,4426.125278,1075.874722,2014-02-24 23:30:00,5502.0,17.7,2014-02-24,False,Monday
2640,1,4117.665756,1073.334244,2014-02-25 00:00:00,5191.0,17.6,2014-02-25,False,Tuesday
2641,2,3898.381116,1089.618884,2014-02-25 00:30:00,4988.0,17.4,2014-02-25,False,Tuesday
2642,3,3723.029126,1065.970874,2014-02-25 01:00:00,4789.0,16.9,2014-02-25,False,Tuesday
2643,4,3609.866522,1070.133478,2014-02-25 01:30:00,4680.0,16.3,2014-02-25,False,Tuesday
2644,5,3522.073032,1050.926968,2014-02-25 02:00:00,4573.0,16.3,2014-02-25,False,Tuesday
2645,6,3471.514424,1056.485576,2014-02-25 02:30:00,4528.0,15.9,2014-02-25,False,Tuesday
2646,7,3447.793388,1054.206612,2014-02-25 03:00:00,4502.0,15.9,2014-02-25,False,Tuesday
2647,8,3481.144862,1054.855138,2014-02-25 03:30:00,4536.0,15.8,2014-02-25,False,Tuesday
2648,9,3600.176356,1064.823644,2014-02-25 04:00:00,4665.0,15.7,2014-02-25,False,Tuesday
2649,10,3796.018362,1045.981638,2014-02-25 04:30:00,4842.0,15.8,2014-02-25,False,Tuesday
2650,11,4161.953332,1076.046668,2014-02-25 05:00:00,5238.0,15.8,2014-02-25,False,Tuesday
2651,12,4503.87654,1083.12346,2014-02-25 05:30:00,5587.0,15.6,2014-02-25,False,Tuesday
2652,13,4868.998768,1061.001232,2014-02-25 06:00:00,5930.0,15.9,2014-02-25,False,Tuesday
2653,14,5126.95706,1076.04294,2014-02-25 06:30:00,6203.0,16.8,2014-02-25,False,Tuesday
2654,15,5059.613902,1070.386098,2014-02-25 07:00:00,6130.0,18.1,2014-02-25,False,Tuesday
2655,16,5128.67981,1055.32019,2014-02-25 07:30:00,6184.0,21.1,2014-02-25,False,Tuesday
2656,17,5224.790212,1031.209788,2014-02-25 08:00:00,6256.0,25.1,2014-02-25,False,Tuesday
2657,18,5318.69906,1032.30094,2014-02-25 08:30:00,6351.0,26.4,2014-02-25,False,Tuesday
2658,19,5411.71029,1031.28971,2014-02-25 09:00:00,6443.0,27.0,2014-02-25,False,Tuesday
2659,20,5506.1081,1070.8919,2014-02-25 09:30:00,6577.0,28.6,2014-02-25,False,Tuesday
2660,21,5594.94792,1072.05208,2014-02-25 10:00:00,6667.0,29.1,2014-02-25,False,Tuesday
2661,22,5701.538164,1085.461836,2014-02-25 10:30:00,6787.0,31.0,2014-02-25,False,Tuesday
2662,23,5791.431276,1055.568724,2014-02-25 11:00:00,6847.0,32.0,2014-02-25,False,Tuesday
2663,24,5913.971194,1073.028806,2014-02-25 11:30:00,6987.0,32.7,2014-02-25,False,Tuesday
2664,25,6006.949924,1041.050076,2014-02-25 12:00:00,7048.0,31.6,2014-02-25,False,Tuesday
2665,26,6116.4624,1071.5376,2014-02-25 12:30:00,7188.0,32.2,2014-02-25,False,Tuesday
2666,27,6237.650486,1065.349514,2014-02-25 13:00:00,7303.0,32.5,2014-02-25,False,Tuesday
2667,28,6279.044982,1077.955018,2014-02-25 13:30:00,7357.0,32.4,2014-02-25,False,Tuesday
2668,29,6224.554792,1073.445208,2014-02-25 14:00:00,7298.0,30.9,2014-02-25,False,Tuesday
2669,30,6247.328342,1066.671658,2014-02-25 14:30:00,7314.0,28.3,2014-02-25,False,Tuesday
2670,31,6259.025052,1059.974948,2014-02-25 15:00:00,7319.0,30.2,2014-02-25,False,Tuesday
2671,32,6192.612724,1052.387276,2014-02-25 15:30:00,7245.0,27.5,2014-02-25,False,Tuesday
2672,33,6065.28395,1061.71605,2014-02-25 16:00:00,7127.0,24.4,2014-02-25,False,Tuesday
2673,34,5849.203794,1042.796206,2014-02-25 16:30:00,6892.0,22.5,2014-02-25,False,Tuesday
2674,35,5562.672748,1056.327252,2014-02-25 17:00:00,6619.0,21.2,2014-02-25,False,Tuesday
2675,36,5346.616672,1055.383328,2014-02-25 17:30:00,6402.0,21.0,2014-02-25,False,Tuesday
2676,37,5111.006776,1054.993224,2014-02-25 18:00:00,6166.0,20.5,2014-02-25,False,Tuesday
2677,38,5021.590346,1052.409654,2014-02-25 18:30:00,6074.0,19.7,2014-02-25,False,Tuesday
2678,39,4981.403342,1062.596658,2014-02-25 19:00:00,6044.0,20.0,2014-02-25,False,Tuesday
2679,40,4953.905396,1059.094604,2014-02-25 19:30:00,6013.0,20.2,2014-02-25,False,Tuesday
2680,41,4836.361128,1058.638872,2014-02-25 20:00:00,5895.0,20.0,2014-02-25,False,Tuesday
2681,42,4648.621724,1043.378276,2014-02-25 20:30:00,5692.0,19.8,2014-02-25,False,Tuesday
2682,43,4416.484152,1063.515848,2014-02-25 21:00:00,5480.0,19.3,2014-02-25,False,Tuesday
2683,44,4191.112786,1061.887214,2014-02-25 21:30:00,5253.0,19.3,2014-02-25,False,Tuesday
2684,45,4111.630094,1070.369906,2014-02-25 22:00:00,5182.0,19.1,2014-02-25,False,Tuesday
2685,46,4098.979872,1093.020128,2014-02-25 22:30:00,5192.0,19.0,2014-02-25,False,Tuesday
2686,47,4402.94663,1074.05337,2014-02-25 23:00:00,5477.0,18.8,2014-02-25,False,Tuesday
2687,48,4417.13248,1073.86752,2014-02-25 23:30:00,5491.0,18.9,2014-02-25,False,Tuesday
2688,1,4064.200718,1064.799282,2014-02-26 00:00:00,5129.0,18.9,2014-02-26,False,Wednesday
2689,2,3816.124318,1082.875682,2014-02-26 00:30:00,4899.0,19.0,2014-02-26,False,Wednesday
2690,3,3670.891606,1059.108394,2014-02-26 01:00:00,4730.0,18.6,2014-02-26,False,Wednesday
2691,4,3565.748256,1076.251744,2014-02-26 01:30:00,4642.0,17.9,2014-02-26,False,Wednesday
2692,5,3481.414018,1033.585982,2014-02-26 02:00:00,4515.0,17.1,2014-02-26,False,Wednesday
2693,6,3426.407406,1032.592594,2014-02-26 02:30:00,4459.0,16.6,2014-02-26,False,Wednesday
2694,7,3421.55792,1029.44208,2014-02-26 03:00:00,4451.0,16.4,2014-02-26,False,Wednesday
2695,8,3464.389286,1024.610714,2014-02-26 03:30:00,4489.0,16.2,2014-02-26,False,Wednesday
2696,9,3592.031146,1020.968854,2014-02-26 04:00:00,4613.0,16.1,2014-02-26,False,Wednesday
2697,10,3769.872976,1026.127024,2014-02-26 04:30:00,4796.0,15.8,2014-02-26,False,Wednesday
2698,11,4144.815662,1031.184338,2014-02-26 05:00:00,5176.0,15.2,2014-02-26,False,Wednesday
2699,12,4497.69496,1031.30504,2014-02-26 05:30:00,5529.0,15.2,2014-02-26,False,Wednesday
2700,13,4862.728566,1033.271434,2014-02-26 06:00:00,5896.0,15.4,2014-02-26,False,Wednesday
2701,14,5098.6549,1037.3451,2014-02-26 06:30:00,6136.0,16.0,2014-02-26,False,Wednesday
2702,15,5011.956798,1040.043202,2014-02-26 07:00:00,6052.0,16.4,2014-02-26,False,Wednesday
2703,16,5043.136602,1036.863398,2014-02-26 07:30:00,6080.0,16.4,2014-02-26,False,Wednesday
2704,17,5090.533236,1035.466764,2014-02-26 08:00:00,6126.0,16.4,2014-02-26,False,Wednesday
2705,18,5098.232694,1038.767306,2014-02-26 08:30:00,6137.0,16.7,2014-02-26,False,Wednesday
2706,19,5119.421124,1035.578876,2014-02-26 09:00:00,6155.0,16.7,2014-02-26,False,Wednesday
2707,20,5138.03605,1029.96395,2014-02-26 09:30:00,6168.0,17.1,2014-02-26,False,Wednesday
2708,21,5133.840914,1036.159086,2014-02-26 10:00:00,6170.0,17.6,2014-02-26,False,Wednesday
2709,22,5154.454626,1034.545374,2014-02-26 10:30:00,6189.0,18.5,2014-02-26,False,Wednesday
2710,23,5151.067196,1028.932804,2014-02-26 11:00:00,6180.0,19.2,2014-02-26,False,Wednesday
2711,24,5154.050284,1030.949716,2014-02-26 11:30:00,6185.0,19.1,2014-02-26,False,Wednesday
2712,25,5146.871392,1028.128608,2014-02-26 12:00:00,6175.0,19.8,2014-02-26,False,Wednesday
2713,26,5138.385626,1026.614374,2014-02-26 12:30:00,6165.0,20.4,2014-02-26,False,Wednesday
2714,27,5131.707636,1029.292364,2014-02-26 13:00:00,6161.0,20.4,2014-02-26,False,Wednesday
2715,28,5121.247006,1028.752994,2014-02-26 13:30:00,6150.0,20.5,2014-02-26,False,Wednesday
2716,29,5055.573434,1033.426566,2014-02-26 14:00:00,6089.0,21.0,2014-02-26,False,Wednesday
2717,30,5082.630966,1031.369034,2014-02-26 14:30:00,6114.0,21.8,2014-02-26,False,Wednesday
2718,31,5137.914404,1029.085596,2014-02-26 15:00:00,6167.0,21.4,2014-02-26,False,Wednesday
2719,32,5163.448382,1025.551618,2014-02-26 15:30:00,6189.0,21.2,2014-02-26,False,Wednesday
2720,33,5162.492522,1028.507478,2014-02-26 16:00:00,6191.0,20.7,2014-02-26,False,Wednesday
2721,34,5126.35216,1030.64784,2014-02-26 16:30:00,6157.0,20.6,2014-02-26,False,Wednesday
2722,35,4993.695834,1021.304166,2014-02-26 17:00:00,6015.0,20.0,2014-02-26,False,Wednesday
2723,36,4917.024024,1019.975976,2014-02-26 17:30:00,5937.0,19.4,2014-02-26,False,Wednesday
2724,37,4813.648116,1025.351884,2014-02-26 18:00:00,5839.0,18.9,2014-02-26,False,Wednesday
2725,38,4785.95462,1023.04538,2014-02-26 18:30:00,5809.0,18.3,2014-02-26,False,Wednesday
2726,39,4799.08303,1025.91697,2014-02-26 19:00:00,5825.0,17.9,2014-02-26,False,Wednesday
2727,40,4792.299574,1023.700426,2014-02-26 19:30:00,5816.0,17.9,2014-02-26,False,Wednesday
2728,41,4679.692532,1030.307468,2014-02-26 20:00:00,5710.0,17.8,2014-02-26,False,Wednesday
2729,42,4512.755702,1033.244298,2014-02-26 20:30:00,5546.0,17.5,2014-02-26,False,Wednesday
2730,43,4302.663904,1027.336096,2014-02-26 21:00:00,5330.0,17.6,2014-02-26,False,Wednesday
2731,44,4094.122468,1028.877532,2014-02-26 21:30:00,5123.0,17.6,2014-02-26,False,Wednesday
2732,45,4012.497152,1030.502848,2014-02-26 22:00:00,5043.0,17.1,2014-02-26,False,Wednesday
2733,46,3971.60513,1043.39487,2014-02-26 22:30:00,5015.0,16.7,2014-02-26,False,Wednesday
2734,47,4276.46068,1045.53932,2014-02-26 23:00:00,5322.0,16.4,2014-02-26,False,Wednesday
2735,48,4319.911468,1039.088532,2014-02-26 23:30:00,5359.0,16.4,2014-02-26,False,Wednesday
2736,1,4016.542118,1039.457882,2014-02-27 00:00:00,5056.0,16.1,2014-02-27,False,Thursday
2737,2,3754.80929,1037.19071,2014-02-27 00:30:00,4792.0,15.8,2014-02-27,False,Thursday
2738,3,3586.391172,1034.608828,2014-02-27 01:00:00,4621.0,15.5,2014-02-27,False,Thursday
2739,4,3465.136928,1032.863072,2014-02-27 01:30:00,4498.0,15.3,2014-02-27,False,Thursday
2740,5,3371.516446,1031.483554,2014-02-27 02:00:00,4403.0,15.3,2014-02-27,False,Thursday
2741,6,3307.864056,1019.135944,2014-02-27 02:30:00,4327.0,15.6,2014-02-27,False,Thursday
2742,7,3314.876588,1013.123412,2014-02-27 03:00:00,4328.0,15.8,2014-02-27,False,Thursday
2743,8,3351.112896,1009.887104,2014-02-27 03:30:00,4361.0,15.8,2014-02-27,False,Thursday
2744,9,3471.583092,1006.416908,2014-02-27 04:00:00,4478.0,15.2,2014-02-27,False,Thursday
2745,10,3682.370876,1020.629124,2014-02-27 04:30:00,4703.0,14.8,2014-02-27,False,Thursday
2746,11,4101.65032,1025.34968,2014-02-27 05:00:00,5127.0,14.6,2014-02-27,False,Thursday
2747,12,4456.71221,1030.28779,2014-02-27 05:30:00,5487.0,14.5,2014-02-27,False,Thursday
2748,13,4873.119956,1032.880044,2014-02-27 06:00:00,5906.0,14.7,2014-02-27,False,Thursday
2749,14,5139.791976,1035.208024,2014-02-27 06:30:00,6175.0,15.4,2014-02-27,False,Thursday
2750,15,5019.384276,1036.615724,2014-02-27 07:00:00,6056.0,15.5,2014-02-27,False,Thursday
2751,16,5003.267254,1027.732746,2014-02-27 07:30:00,6031.0,15.6,2014-02-27,False,Thursday
2752,17,5049.658902,1023.341098,2014-02-27 08:00:00,6073.0,16.3,2014-02-27,False,Thursday
2753,18,5048.36045,1025.63955,2014-02-27 08:30:00,6074.0,16.2,2014-02-27,False,Thursday
2754,19,5052.754944,1021.245056,2014-02-27 09:00:00,6074.0,17.7,2014-02-27,False,Thursday
2755,20,5042.55117,1030.44883,2014-02-27 09:30:00,6073.0,17.6,2014-02-27,False,Thursday
2756,21,5058.701586,1035.298414,2014-02-27 10:00:00,6094.0,18.1,2014-02-27,False,Thursday
2757,22,5038.692502,1024.307498,2014-02-27 10:30:00,6063.0,18.4,2014-02-27,False,Thursday
2758,23,5004.020972,1025.979028,2014-02-27 11:00:00,6030.0,18.9,2014-02-27,False,Thursday
2759,24,4972.975116,1033.024884,2014-02-27 11:30:00,6006.0,20.0,2014-02-27,False,Thursday
2760,25,4943.468284,1030.531716,2014-02-27 12:00:00,5974.0,19.4,2014-02-27,False,Thursday
2761,26,4937.92599,1033.07401,2014-02-27 12:30:00,5971.0,20.3,2014-02-27,False,Thursday
2762,27,4930.205614,1035.794386,2014-02-27 13:00:00,5966.0,20.2,2014-02-27,False,Thursday
2763,28,4927.823248,1035.176752,2014-02-27 13:30:00,5963.0,21.3,2014-02-27,False,Thursday
2764,29,4915.801982,1034.198018,2014-02-27 14:00:00,5950.0,21.2,2014-02-27,False,Thursday
2765,30,4930.713656,1032.286344,2014-02-27 14:30:00,5963.0,20.3,2014-02-27,False,Thursday
2766,31,4945.745466,1032.254534,2014-02-27 15:00:00,5978.0,20.8,2014-02-27,False,Thursday
2767,32,4962.515786,1028.484214,2014-02-27 15:30:00,5991.0,20.9,2014-02-27,False,Thursday
2768,33,4991.904208,1025.095792,2014-02-27 16:00:00,6017.0,21.5,2014-02-27,False,Thursday
2769,34,5008.598676,1028.401324,2014-02-27 16:30:00,6037.0,20.7,2014-02-27,False,Thursday
2770,35,4928.578254,1022.421746,2014-02-27 17:00:00,5951.0,20.2,2014-02-27,False,Thursday
2771,36,4869.152574,1015.847426,2014-02-27 17:30:00,5885.0,19.7,2014-02-27,False,Thursday
2772,37,4802.084396,1011.915604,2014-02-27 18:00:00,5814.0,18.7,2014-02-27,False,Thursday
2773,38,4758.830302,1013.169698,2014-02-27 18:30:00,5772.0,17.9,2014-02-27,False,Thursday
2774,39,4795.855098,1009.144902,2014-02-27 19:00:00,5805.0,17.6,2014-02-27,False,Thursday
2775,40,4834.14198,1019.85802,2014-02-27 19:30:00,5854.0,17.2,2014-02-27,False,Thursday
2776,41,4692.30598,1026.69402,2014-02-27 20:00:00,5719.0,16.5,2014-02-27,False,Thursday
2777,42,4534.957978,1031.042022,2014-02-27 20:30:00,5566.0,16.1,2014-02-27,False,Thursday
2778,43,4311.221092,1031.778908,2014-02-27 21:00:00,5343.0,15.9,2014-02-27,False,Thursday
2779,44,4074.135808,1034.864192,2014-02-27 21:30:00,5109.0,15.5,2014-02-27,False,Thursday
2780,45,3966.650872,1033.349128,2014-02-27 22:00:00,5000.0,15.1,2014-02-27,False,Thursday
2781,46,3959.174106,1035.825894,2014-02-27 22:30:00,4995.0,15.0,2014-02-27,False,Thursday
2782,47,4275.851738,1037.148262,2014-02-27 23:00:00,5313.0,14.7,2014-02-27,False,Thursday
2783,48,4306.51226,1036.48774,2014-02-27 23:30:00,5343.0,14.5,2014-02-27,False,Thursday
2784,1,4004.437652,1037.562348,2014-02-28 00:00:00,5042.0,14.3,2014-02-28,False,Friday
2785,2,3770.282306,1038.717694,2014-02-28 00:30:00,4809.0,14.3,2014-02-28,False,Friday
2786,3,3618.592746,1039.407254,2014-02-28 01:00:00,4658.0,14.2,2014-02-28,False,Friday
2787,4,3466.367838,1036.632162,2014-02-28 01:30:00,4503.0,14.1,2014-02-28,False,Friday
2788,5,3369.168142,1027.831858,2014-02-28 02:00:00,4397.0,14.1,2014-02-28,False,Friday
2789,6,3323.454202,1031.545798,2014-02-28 02:30:00,4355.0,14.1,2014-02-28,False,Friday
2790,7,3322.420118,1023.579882,2014-02-28 03:00:00,4346.0,14.0,2014-02-28,False,Friday
2791,8,3344.641986,1024.358014,2014-02-28 03:30:00,4369.0,13.9,2014-02-28,False,Friday
2792,9,3471.711682,1025.288318,2014-02-28 04:00:00,4497.0,13.9,2014-02-28,False,Friday
2793,10,3689.722344,1035.277656,2014-02-28 04:30:00,4725.0,14.0,2014-02-28,False,Friday
2794,11,4066.961222,1032.038778,2014-02-28 05:00:00,5099.0,13.9,2014-02-28,False,Friday
2795,12,4427.686066,1032.313934,2014-02-28 05:30:00,5460.0,14.0,2014-02-28,False,Friday
2796,13,4807.328246,1049.671754,2014-02-28 06:00:00,5857.0,14.0,2014-02-28,False,Friday
2797,14,5060.526464,1077.473536,2014-02-28 06:30:00,6138.0,14.2,2014-02-28,False,Friday
2798,15,4935.724706,1054.275294,2014-02-28 07:00:00,5990.0,14.8,2014-02-28,False,Friday
2799,16,4919.142624,1067.857376,2014-02-28 07:30:00,5987.0,15.8,2014-02-28,False,Friday
2800,17,4937.337648,1073.662352,2014-02-28 08:00:00,6011.0,16.3,2014-02-28,False,Friday
2801,18,4910.996972,1057.003028,2014-02-28 08:30:00,5968.0,16.7,2014-02-28,False,Friday
2802,19,4893.545772,988.454228,2014-02-28 09:00:00,5882.0,17.5,2014-02-28,False,Friday
2803,20,4865.596722,1006.403278,2014-02-28 09:30:00,5872.0,17.9,2014-02-28,False,Friday
2804,21,4847.380368,1063.619632,2014-02-28 10:00:00,5911.0,18.6,2014-02-28,False,Friday
2805,22,4871.868184,1076.131816,2014-02-28 10:30:00,5948.0,20.0,2014-02-28,False,Friday
2806,23,4874.95979,1039.04021,2014-02-28 11:00:00,5914.0,20.6,2014-02-28,False,Friday
2807,24,4858.65629,1089.34371,2014-02-28 11:30:00,5948.0,21.0,2014-02-28,False,Friday
2808,25,4876.577572,1063.422428,2014-02-28 12:00:00,5940.0,20.7,2014-02-28,False,Friday
2809,26,4899.524658,1064.475342,2014-02-28 12:30:00,5964.0,20.6,2014-02-28,False,Friday
2810,27,4915.67157,1085.32843,2014-02-28 13:00:00,6001.0,20.8,2014-02-28,False,Friday
2811,28,4944.410034,1039.589966,2014-02-28 13:30:00,5984.0,22.0,2014-02-28,False,Friday
2812,29,4926.899924,1036.100076,2014-02-28 14:00:00,5963.0,22.3,2014-02-28,False,Friday
2813,30,4943.779892,1035.220108,2014-02-28 14:30:00,5979.0,21.6,2014-02-28,False,Friday
2814,31,4995.762822,1035.237178,2014-02-28 15:00:00,6031.0,22.9,2014-02-28,False,Friday
2815,32,5030.65819,1034.34181,2014-02-28 15:30:00,6065.0,23.1,2014-02-28,False,Friday
2816,33,5028.130488,1027.869512,2014-02-28 16:00:00,6056.0,23.5,2014-02-28,False,Friday
2817,34,5011.288158,1028.711842,2014-02-28 16:30:00,6040.0,22.3,2014-02-28,False,Friday
2818,35,4900.669378,1026.330622,2014-02-28 17:00:00,5927.0,21.8,2014-02-28,False,Friday
2819,36,4822.726518,1025.273482,2014-02-28 17:30:00,5848.0,21.7,2014-02-28,False,Friday
2820,37,4737.651174,1020.348826,2014-02-28 18:00:00,5758.0,20.9,2014-02-28,False,Friday
2821,38,4682.565364,1028.434636,2014-02-28 18:30:00,5711.0,20.0,2014-02-28,False,Friday
2822,39,4727.137486,1027.862514,2014-02-28 19:00:00,5755.0,19.9,2014-02-28,False,Friday
2823,40,4753.955358,1026.044642,2014-02-28 19:30:00,5780.0,19.2,2014-02-28,False,Friday
2824,41,4613.399206,1019.600794,2014-02-28 20:00:00,5633.0,18.8,2014-02-28,False,Friday
2825,42,4452.882384,1023.117616,2014-02-28 20:30:00,5476.0,19.2,2014-02-28,False,Friday
2826,43,4255.237136,1026.762864,2014-02-28 21:00:00,5282.0,19.1,2014-02-28,False,Friday
2827,44,4067.622662,1040.377338,2014-02-28 21:30:00,5108.0,19.1,2014-02-28,False,Friday
2828,45,4013.004244,1037.995756,2014-02-28 22:00:00,5051.0,19.1,2014-02-28,False,Friday
2829,46,3996.063058,1085.936942,2014-02-28 22:30:00,5082.0,18.6,2014-02-28,False,Friday
2830,47,4308.008882,1070.991118,2014-02-28 23:00:00,5379.0,17.9,2014-02-28,False,Friday
2831,48,4325.38331,1081.61669,2014-02-28 23:30:00,5407.0,17.1,2014-02-28,False,Friday
2832,1,3979.608698,1061.391302,2014-03-01 00:00:00,5041.0,16.9,2014-03-01,False,Saturday
2833,2,3698.394178,1074.605822,2014-03-01 00:30:00,4773.0,16.5,2014-03-01,False,Saturday
2834,3,3525.84022,1071.15978,2014-03-01 01:00:00,4597.0,16.3,2014-03-01,False,Saturday
2835,4,3393.624882,1075.375118,2014-03-01 01:30:00,4469.0,16.4,2014-03-01,False,Saturday
2836,5,3303.478978,1074.521022,2014-03-01 02:00:00,4378.0,16.3,2014-03-01,False,Saturday
2837,6,3240.288448,1061.711552,2014-03-01 02:30:00,4302.0,16.3,2014-03-01,False,Saturday
2838,7,3208.671028,1064.328972,2014-03-01 03:00:00,4273.0,16.3,2014-03-01,False,Saturday
2839,8,3213.84663,1078.15337,2014-03-01 03:30:00,4292.0,16.1,2014-03-01,False,Saturday
2840,9,3244.12673,1055.87327,2014-03-01 04:00:00,4300.0,16.0,2014-03-01,False,Saturday
2841,10,3291.483398,1068.516602,2014-03-01 04:30:00,4360.0,15.9,2014-03-01,False,Saturday
2842,11,3429.54153,1042.45847,2014-03-01 05:00:00,4472.0,16.0,2014-03-01,False,Saturday
2843,12,3564.815142,1073.184858,2014-03-01 05:30:00,4638.0,16.0,2014-03-01,False,Saturday
2844,13,3763.097636,1053.902364,2014-03-01 06:00:00,4817.0,16.4,2014-03-01,False,Saturday
2845,14,3989.995292,1055.004708,2014-03-01 06:30:00,5045.0,17.0,2014-03-01,False,Saturday
2846,15,4039.277716,1063.722284,2014-03-01 07:00:00,5103.0,17.3,2014-03-01,False,Saturday
2847,16,4170.075672,1068.924328,2014-03-01 07:30:00,5239.0,17.3,2014-03-01,False,Saturday
2848,17,4281.060226,1068.939774,2014-03-01 08:00:00,5350.0,17.6,2014-03-01,False,Saturday
2849,18,4314.006582,1051.993418,2014-03-01 08:30:00,5366.0,18.2,2014-03-01,False,Saturday
2850,19,4337.887478,1054.112522,2014-03-01 09:00:00,5392.0,18.8,2014-03-01,False,Saturday
2851,20,4354.9782,1079.0218,2014-03-01 09:30:00,5434.0,20.7,2014-03-01,False,Saturday
2852,21,4361.43906,1047.56094,2014-03-01 10:00:00,5409.0,21.0,2014-03-01,False,Saturday
2853,22,4367.15772,1077.84228,2014-03-01 10:30:00,5445.0,22.2,2014-03-01,False,Saturday
2854,23,4342.136924,1057.863076,2014-03-01 11:00:00,5400.0,21.4,2014-03-01,False,Saturday
2855,24,4352.313804,1069.686196,2014-03-01 11:30:00,5422.0,22.5,2014-03-01,False,Saturday
2856,25,4345.712104,1069.287896,2014-03-01 12:00:00,5415.0,22.6,2014-03-01,False,Saturday
2857,26,4331.502446,1056.497554,2014-03-01 12:30:00,5388.0,22.8,2014-03-01,False,Saturday
2858,27,4314.381842,1075.618158,2014-03-01 13:00:00,5390.0,22.8,2014-03-01,False,Saturday
2859,28,4304.89866,1054.10134,2014-03-01 13:30:00,5359.0,21.8,2014-03-01,False,Saturday
2860,29,4288.851364,1057.148636,2014-03-01 14:00:00,5346.0,22.5,2014-03-01,False,Saturday
2861,30,4289.560626,1075.439374,2014-03-01 14:30:00,5365.0,22.4,2014-03-01,False,Saturday
2862,31,4313.623932,1051.376068,2014-03-01 15:00:00,5365.0,22.6,2014-03-01,False,Saturday
2863,32,4335.849964,1066.150036,2014-03-01 15:30:00,5402.0,22.9,2014-03-01,False,Saturday
2864,33,4359.745492,1051.254508,2014-03-01 16:00:00,5411.0,22.6,2014-03-01,False,Saturday
2865,34,4418.01486,1032.98514,2014-03-01 16:30:00,5451.0,23.1,2014-03-01,False,Saturday
2866,35,4422.075156,1063.924844,2014-03-01 17:00:00,5486.0,22.4,2014-03-01,False,Saturday
2867,36,4388.184742,1065.815258,2014-03-01 17:30:00,5454.0,23.0,2014-03-01,False,Saturday
2868,37,4309.74097,1047.25903,2014-03-01 18:00:00,5357.0,22.1,2014-03-01,False,Saturday
2869,38,4275.59588,1066.40412,2014-03-01 18:30:00,5342.0,21.0,2014-03-01,False,Saturday
2870,39,4312.765668,1022.234332,2014-03-01 19:00:00,5335.0,20.3,2014-03-01,False,Saturday
2871,40,4349.436696,1069.563304,2014-03-01 19:30:00,5419.0,19.7,2014-03-01,False,Saturday
2872,41,4240.609104,1055.390896,2014-03-01 20:00:00,5296.0,19.4,2014-03-01,False,Saturday
2873,42,4135.012122,1060.987878,2014-03-01 20:30:00,5196.0,19.1,2014-03-01,False,Saturday
2874,43,4009.609112,1066.390888,2014-03-01 21:00:00,5076.0,19.0,2014-03-01,False,Saturday
2875,44,3874.741748,1060.258252,2014-03-01 21:30:00,4935.0,19.1,2014-03-01,False,Saturday
2876,45,3835.917938,1076.082062,2014-03-01 22:00:00,4912.0,18.8,2014-03-01,False,Saturday
2877,46,3854.626102,1061.373898,2014-03-01 22:30:00,4916.0,18.6,2014-03-01,False,Saturday
2878,47,4196.060894,1064.939106,2014-03-01 23:00:00,5261.0,18.8,2014-03-01,False,Saturday
2879,48,4265.129816,1054.870184,2014-03-01 23:30:00,5320.0,18.7,2014-03-01,False,Saturday
2880,1,3922.372796,1065.627204,2014-03-02 00:00:00,4988.0,18.5,2014-03-02,False,Sunday
2881,2,3622.464232,1082.535768,2014-03-02 00:30:00,4705.0,18.4,2014-03-02,False,Sunday
2882,3,3437.786128,1061.213872,2014-03-02 01:00:00,4499.0,18.3,2014-03-02,False,Sunday
2883,4,3313.74111,1064.25889,2014-03-02 01:30:00,4378.0,18.3,2014-03-02,False,Sunday
2884,5,3219.214816,1056.785184,2014-03-02 02:00:00,4276.0,18.0,2014-03-02,False,Sunday
2885,6,3157.789778,1055.210222,2014-03-02 02:30:00,4213.0,17.9,2014-03-02,False,Sunday
2886,7,3118.938518,1060.061482,2014-03-02 03:00:00,4179.0,17.7,2014-03-02,False,Sunday
2887,8,3091.300884,1066.699116,2014-03-02 03:30:00,4158.0,17.4,2014-03-02,False,Sunday
2888,9,3102.18212,1048.81788,2014-03-02 04:00:00,4151.0,17.5,2014-03-02,False,Sunday
2889,10,3110.634916,1074.365084,2014-03-02 04:30:00,4185.0,17.4,2014-03-02,False,Sunday
2890,11,3165.66472,1053.33528,2014-03-02 05:00:00,4219.0,17.2,2014-03-02,False,Sunday
2891,12,3232.386652,1056.613348,2014-03-02 05:30:00,4289.0,17.0,2014-03-02,False,Sunday
2892,13,3310.123954,1074.876046,2014-03-02 06:00:00,4385.0,17.0,2014-03-02,False,Sunday
2893,14,3414.30593,1063.69407,2014-03-02 06:30:00,4478.0,17.0,2014-03-02,False,Sunday
2894,15,3467.993776,1060.006224,2014-03-02 07:00:00,4528.0,17.0,2014-03-02,False,Sunday
2895,16,3593.648688,1072.351312,2014-03-02 07:30:00,4666.0,17.1,2014-03-02,False,Sunday
2896,17,3733.92535,1062.07465,2014-03-02 08:00:00,4796.0,17.7,2014-03-02,False,Sunday
2897,18,3844.640668,1070.359332,2014-03-02 08:30:00,4915.0,18.8,2014-03-02,False,Sunday
2898,19,3936.496154,1059.503846,2014-03-02 09:00:00,4996.0,19.1,2014-03-02,False,Sunday
2899,20,3950.980092,1069.019908,2014-03-02 09:30:00,5020.0,19.7,2014-03-02,False,Sunday
2900,21,3976.600376,1055.399624,2014-03-02 10:00:00,5032.0,19.8,2014-03-02,False,Sunday
2901,22,3982.827042,1051.172958,2014-03-02 10:30:00,5034.0,19.9,2014-03-02,False,Sunday
2902,23,3977.546154,1058.453846,2014-03-02 11:00:00,5036.0,20.1,2014-03-02,False,Sunday
2903,24,3952.178744,1060.821256,2014-03-02 11:30:00,5013.0,19.9,2014-03-02,False,Sunday
2904,25,3911.476604,1055.523396,2014-03-02 12:00:00,4967.0,20.9,2014-03-02,False,Sunday
2905,26,3898.102492,1050.897508,2014-03-02 12:30:00,4949.0,20.3,2014-03-02,False,Sunday
2906,27,3905.315008,1059.684992,2014-03-02 13:00:00,4965.0,21.1,2014-03-02,False,Sunday
2907,28,3942.227292,1062.772708,2014-03-02 13:30:00,5005.0,21.3,2014-03-02,False,Sunday
2908,29,3951.610352,1075.389648,2014-03-02 14:00:00,5027.0,22.3,2014-03-02,False,Sunday
2909,30,3989.158346,1052.841654,2014-03-02 14:30:00,5042.0,22.0,2014-03-02,False,Sunday
2910,31,4062.37906,1065.62094,2014-03-02 15:00:00,5128.0,22.2,2014-03-02,False,Sunday
2911,32,4186.180392,1070.819608,2014-03-02 15:30:00,5257.0,21.7,2014-03-02,False,Sunday
2912,33,4284.643528,1046.356472,2014-03-02 16:00:00,5331.0,22.2,2014-03-02,False,Sunday
2913,34,4369.383832,1058.616168,2014-03-02 16:30:00,5428.0,22.2,2014-03-02,False,Sunday
2914,35,4420.201806,1020.798194,2014-03-02 17:00:00,5441.0,21.3,2014-03-02,False,Sunday
2915,36,4418.871722,1070.128278,2014-03-02 17:30:00,5489.0,20.6,2014-03-02,False,Sunday
2916,37,4355.65567,1058.34433,2014-03-02 18:00:00,5414.0,19.7,2014-03-02,False,Sunday
2917,38,4322.501226,1062.498774,2014-03-02 18:30:00,5385.0,19.1,2014-03-02,False,Sunday
2918,39,4393.552154,1051.447846,2014-03-02 19:00:00,5445.0,18.4,2014-03-02,False,Sunday
2919,40,4447.436298,1063.563702,2014-03-02 19:30:00,5511.0,18.1,2014-03-02,False,Sunday
2920,41,4303.45674,1030.54326,2014-03-02 20:00:00,5334.0,17.9,2014-03-02,False,Sunday
2921,42,4162.98008,1050.01992,2014-03-02 20:30:00,5213.0,17.4,2014-03-02,False,Sunday
2922,43,3980.67886,1074.32114,2014-03-02 21:00:00,5055.0,16.8,2014-03-02,False,Sunday
2923,44,3776.730786,1073.269214,2014-03-02 21:30:00,4850.0,16.5,2014-03-02,False,Sunday
2924,45,3702.455244,1077.544756,2014-03-02 22:00:00,4780.0,16.3,2014-03-02,False,Sunday
2925,46,3719.438904,1075.561096,2014-03-02 22:30:00,4795.0,16.1,2014-03-02,False,Sunday
2926,47,4052.636308,1066.363692,2014-03-02 23:00:00,5119.0,15.9,2014-03-02,False,Sunday
2927,48,4162.14863,1088.85137,2014-03-02 23:30:00,5251.0,15.8,2014-03-02,False,Sunday
2928,1,3878.289018,1079.710982,2014-03-03 00:00:00,4958.0,15.8,2014-03-03,False,Monday
2929,2,3622.56883,1089.43117,2014-03-03 00:30:00,4712.0,15.9,2014-03-03,False,Monday
2930,3,3475.118884,1079.881116,2014-03-03 01:00:00,4555.0,16.0,2014-03-03,False,Monday
2931,4,3372.468952,1076.531048,2014-03-03 01:30:00,4449.0,16.0,2014-03-03,False,Monday
2932,5,3289.423166,1091.576834,2014-03-03 02:00:00,4381.0,16.1,2014-03-03,False,Monday
2933,6,3237.47676,1080.52324,2014-03-03 02:30:00,4318.0,16.2,2014-03-03,False,Monday
2934,7,3239.914776,1086.085224,2014-03-03 03:00:00,4326.0,16.3,2014-03-03,False,Monday
2935,8,3274.446426,1089.553574,2014-03-03 03:30:00,4364.0,16.4,2014-03-03,False,Monday
2936,9,3393.880374,1077.119626,2014-03-03 04:00:00,4471.0,16.5,2014-03-03,False,Monday
2937,10,3591.116004,1097.883996,2014-03-03 04:30:00,4689.0,16.6,2014-03-03,False,Monday
2938,11,4029.877404,1079.122596,2014-03-03 05:00:00,5109.0,16.6,2014-03-03,False,Monday
2939,12,4420.310784,1085.689216,2014-03-03 05:30:00,5506.0,16.8,2014-03-03,False,Monday
2940,13,4833.23793,1105.76207,2014-03-03 06:00:00,5939.0,16.6,2014-03-03,False,Monday
2941,14,5106.027002,1086.972998,2014-03-03 06:30:00,6193.0,16.5,2014-03-03,False,Monday
2942,15,5031.738144,1105.261856,2014-03-03 07:00:00,6137.0,16.9,2014-03-03,False,Monday
2943,16,5042.20707,1099.79293,2014-03-03 07:30:00,6142.0,17.3,2014-03-03,False,Monday
2944,17,5080.32527,1099.67473,2014-03-03 08:00:00,6180.0,17.2,2014-03-03,False,Monday
2945,18,5067.468886,1107.531114,2014-03-03 08:30:00,6175.0,17.5,2014-03-03,False,Monday
2946,19,5058.116238,1091.883762,2014-03-03 09:00:00,6150.0,18.2,2014-03-03,False,Monday
2947,20,5103.684998,1083.315002,2014-03-03 09:30:00,6187.0,19.1,2014-03-03,False,Monday
2948,21,5156.758224,1067.241776,2014-03-03 10:00:00,6224.0,20.0,2014-03-03,False,Monday
2949,22,5211.604498,1091.395502,2014-03-03 10:30:00,6303.0,21.2,2014-03-03,False,Monday
2950,23,5249.46876,1102.53124,2014-03-03 11:00:00,6352.0,22.2,2014-03-03,False,Monday
2951,24,5279.547518,1112.452482,2014-03-03 11:30:00,6392.0,23.8,2014-03-03,False,Monday
2952,25,5331.773486,1094.226514,2014-03-03 12:00:00,6426.0,22.3,2014-03-03,False,Monday
2953,26,5389.437352,1115.562648,2014-03-03 12:30:00,6505.0,23.3,2014-03-03,False,Monday
2954,27,5464.888276,1085.111724,2014-03-03 13:00:00,6550.0,23.7,2014-03-03,False,Monday
2955,28,5524.095564,1092.904436,2014-03-03 13:30:00,6617.0,23.5,2014-03-03,False,Monday
2956,29,5537.159762,1105.840238,2014-03-03 14:00:00,6643.0,23.0,2014-03-03,False,Monday
2957,30,5590.627908,1090.372092,2014-03-03 14:30:00,6681.0,23.5,2014-03-03,False,Monday
2958,31,5687.264708,1107.735292,2014-03-03 15:00:00,6795.0,25.0,2014-03-03,False,Monday
2959,32,5748.183506,1078.816494,2014-03-03 15:30:00,6827.0,23.9,2014-03-03,False,Monday
2960,33,5775.808852,1100.191148,2014-03-03 16:00:00,6876.0,24.1,2014-03-03,False,Monday
2961,34,5759.288378,1101.711622,2014-03-03 16:30:00,6861.0,24.4,2014-03-03,False,Monday
2962,35,5609.15912,1080.84088,2014-03-03 17:00:00,6690.0,24.2,2014-03-03,False,Monday
2963,36,5530.648676,1084.351324,2014-03-03 17:30:00,6615.0,24.7,2014-03-03,False,Monday
2964,37,5389.735652,1089.264348,2014-03-03 18:00:00,6479.0,23.2,2014-03-03,False,Monday
2965,38,5281.90774,1078.09226,2014-03-03 18:30:00,6360.0,22.9,2014-03-03,False,Monday
2966,39,5255.919928,1088.080072,2014-03-03 19:00:00,6344.0,22.3,2014-03-03,False,Monday
2967,40,5219.441386,1086.558614,2014-03-03 19:30:00,6306.0,22.0,2014-03-03,False,Monday
2968,41,5051.167706,1089.832294,2014-03-03 20:00:00,6141.0,21.6,2014-03-03,False,Monday
2969,42,4838.721198,1092.278802,2014-03-03 20:30:00,5931.0,21.1,2014-03-03,False,Monday
2970,43,4571.619254,1085.380746,2014-03-03 21:00:00,5657.0,20.5,2014-03-03,False,Monday
2971,44,4328.19008,1091.80992,2014-03-03 21:30:00,5420.0,20.2,2014-03-03,False,Monday
2972,45,4229.325898,1115.674102,2014-03-03 22:00:00,5345.0,19.7,2014-03-03,False,Monday
2973,46,4179.634338,1103.365662,2014-03-03 22:30:00,5283.0,19.2,2014-03-03,False,Monday
2974,47,4500.649094,1107.350906,2014-03-03 23:00:00,5608.0,18.6,2014-03-03,False,Monday
2975,48,4542.769304,1123.230696,2014-03-03 23:30:00,5666.0,18.5,2014-03-03,False,Monday
2976,1,4188.271882,1102.728118,2014-03-04 00:00:00,5291.0,18.2,2014-03-04,False,Tuesday
2977,2,3913.28002,1100.71998,2014-03-04 00:30:00,5014.0,17.7,2014-03-04,False,Tuesday
2978,3,3754.668978,1095.331022,2014-03-04 01:00:00,4850.0,17.7,2014-03-04,False,Tuesday
2979,4,3656.852036,1085.147964,2014-03-04 01:30:00,4742.0,17.3,2014-03-04,False,Tuesday
2980,5,3559.34226,1091.65774,2014-03-04 02:00:00,4651.0,17.0,2014-03-04,False,Tuesday
2981,6,3493.097066,1054.902934,2014-03-04 02:30:00,4548.0,16.7,2014-03-04,False,Tuesday
2982,7,3490.215814,1091.784186,2014-03-04 03:00:00,4582.0,16.7,2014-03-04,False,Tuesday
2983,8,3522.698268,1086.301732,2014-03-04 03:30:00,4609.0,16.9,2014-03-04,False,Tuesday
2984,9,3647.478122,1088.521878,2014-03-04 04:00:00,4736.0,16.6,2014-03-04,False,Tuesday
2985,10,3842.616928,1075.383072,2014-03-04 04:30:00,4918.0,16.6,2014-03-04,False,Tuesday
2986,11,4221.862686,1083.137314,2014-03-04 05:00:00,5305.0,16.4,2014-03-04,False,Tuesday
2987,12,4569.05667,1068.94333,2014-03-04 05:30:00,5638.0,16.3,2014-03-04,False,Tuesday
2988,13,4946.457192,1077.542808,2014-03-04 06:00:00,6024.0,16.4,2014-03-04,False,Tuesday
2989,14,5197.458416,1068.541584,2014-03-04 06:30:00,6266.0,16.1,2014-03-04,False,Tuesday
2990,15,5139.170264,1082.829736,2014-03-04 07:00:00,6222.0,17.1,2014-03-04,False,Tuesday
2991,16,5177.908598,1087.091402,2014-03-04 07:30:00,6265.0,17.9,2014-03-04,False,Tuesday
2992,17,5296.332834,1046.667166,2014-03-04 08:00:00,6343.0,19.5,2014-03-04,False,Tuesday
2993,18,5386.630258,1090.369742,2014-03-04 08:30:00,6477.0,21.8,2014-03-04,False,Tuesday
2994,19,5487.399332,1044.600668,2014-03-04 09:00:00,6532.0,24.3,2014-03-04,False,Tuesday
2995,20,5604.318112,1073.681888,2014-03-04 09:30:00,6678.0,26.8,2014-03-04,False,Tuesday
2996,21,5722.81529,1080.18471,2014-03-04 10:00:00,6803.0,27.8,2014-03-04,False,Tuesday
2997,22,5846.46945,1096.53055,2014-03-04 10:30:00,6943.0,28.6,2014-03-04,False,Tuesday
2998,23,5963.722568,1065.277432,2014-03-04 11:00:00,7029.0,29.2,2014-03-04,False,Tuesday
2999,24,6098.85625,1086.14375,2014-03-04 11:30:00,7185.0,30.1,2014-03-04,False,Tuesday
3000,25,6246.514708,1090.485292,2014-03-04 12:00:00,7337.0,30.8,2014-03-04,False,Tuesday
3001,26,6340.272236,1082.727764,2014-03-04 12:30:00,7423.0,32.5,2014-03-04,False,Tuesday
3002,27,6386.010086,1080.989914,2014-03-04 13:00:00,7467.0,31.5,2014-03-04,False,Tuesday
3003,28,6435.735412,1084.264588,2014-03-04 13:30:00,7520.0,30.9,2014-03-04,False,Tuesday
3004,29,6474.71984,1091.28016,2014-03-04 14:00:00,7566.0,31.7,2014-03-04,False,Tuesday
3005,30,6583.647798,1078.352202,2014-03-04 14:30:00,7662.0,33.0,2014-03-04,False,Tuesday
3006,31,6761.830158,1037.169842,2014-03-04 15:00:00,7799.0,32.9,2014-03-04,False,Tuesday
3007,32,6856.396592,1047.603408,2014-03-04 15:30:00,7904.0,33.0,2014-03-04,False,Tuesday
3008,33,6898.35489,1037.64511,2014-03-04 16:00:00,7936.0,32.5,2014-03-04,False,Tuesday
3009,34,6853.233164,1033.766836,2014-03-04 16:30:00,7887.0,32.9,2014-03-04,False,Tuesday
3010,35,6670.010006,1033.989994,2014-03-04 17:00:00,7704.0,33.3,2014-03-04,False,Tuesday
3011,36,6549.372602,1030.627398,2014-03-04 17:30:00,7580.0,32.1,2014-03-04,False,Tuesday
3012,37,6335.966912,1021.033088,2014-03-04 18:00:00,7357.0,32.0,2014-03-04,False,Tuesday
3013,38,6177.037002,1022.962998,2014-03-04 18:30:00,7200.0,31.2,2014-03-04,False,Tuesday
3014,39,6097.07337,1024.92663,2014-03-04 19:00:00,7122.0,30.9,2014-03-04,False,Tuesday
3015,40,6010.193832,1032.806168,2014-03-04 19:30:00,7043.0,30.4,2014-03-04,False,Tuesday
3016,41,5769.798416,1052.201584,2014-03-04 20:00:00,6822.0,29.7,2014-03-04,False,Tuesday
3017,42,5463.645798,1090.354202,2014-03-04 20:30:00,6554.0,28.3,2014-03-04,False,Tuesday
3018,43,5128.743514,1076.256486,2014-03-04 21:00:00,6205.0,27.5,2014-03-04,False,Tuesday
3019,44,4804.640886,1082.359114,2014-03-04 21:30:00,5887.0,26.9,2014-03-04,False,Tuesday
3020,45,4655.366128,1080.633872,2014-03-04 22:00:00,5736.0,26.9,2014-03-04,False,Tuesday
3021,46,4561.281346,1086.718654,2014-03-04 22:30:00,5648.0,26.7,2014-03-04,False,Tuesday
3022,47,4810.791786,1102.208214,2014-03-04 23:00:00,5913.0,26.4,2014-03-04,False,Tuesday
3023,48,4776.43642,1080.56358,2014-03-04 23:30:00,5857.0,26.0,2014-03-04,False,Tuesday
3024,1,4403.48393,1089.51607,2014-03-05 00:00:00,5493.0,25.6,2014-03-05,False,Wednesday
3025,2,4147.322954,1081.677046,2014-03-05 00:30:00,5229.0,25.3,2014-03-05,False,Wednesday
3026,3,3975.213766,1086.786234,2014-03-05 01:00:00,5062.0,25.1,2014-03-05,False,Wednesday
3027,4,3865.137264,1099.862736,2014-03-05 01:30:00,4965.0,24.7,2014-03-05,False,Wednesday
3028,5,3755.33008,1084.66992,2014-03-05 02:00:00,4840.0,24.2,2014-03-05,False,Wednesday
3029,6,3708.489704,1071.510296,2014-03-05 02:30:00,4780.0,23.2,2014-03-05,False,Wednesday
3030,7,3698.22282,1039.77718,2014-03-05 03:00:00,4738.0,23.5,2014-03-05,False,Wednesday
3031,8,3736.686536,1038.313464,2014-03-05 03:30:00,4775.0,23.2,2014-03-05,False,Wednesday
3032,9,3858.915906,1044.084094,2014-03-05 04:00:00,4903.0,22.9,2014-03-05,False,Wednesday
3033,10,4068.379706,1035.620294,2014-03-05 04:30:00,5104.0,22.8,2014-03-05,False,Wednesday
3034,11,4426.414144,1043.585856,2014-03-05 05:00:00,5470.0,22.5,2014-03-05,False,Wednesday
3035,12,4805.332502,1038.667498,2014-03-05 05:30:00,5844.0,22.1,2014-03-05,False,Wednesday
3036,13,5236.799176,1031.200824,2014-03-05 06:00:00,6268.0,21.9,2014-03-05,False,Wednesday
3037,14,5525.933326,1032.066674,2014-03-05 06:30:00,6558.0,21.8,2014-03-05,False,Wednesday
3038,15,5508.773572,1027.226428,2014-03-05 07:00:00,6536.0,21.9,2014-03-05,False,Wednesday
3039,16,5601.5861,1024.4139,2014-03-05 07:30:00,6626.0,22.9,2014-03-05,False,Wednesday
3040,17,5692.857318,1022.142682,2014-03-05 08:00:00,6715.0,22.9,2014-03-05,False,Wednesday
3041,18,5713.163098,1027.836902,2014-03-05 08:30:00,6741.0,21.3,2014-03-05,False,Wednesday
3042,19,5680.113576,1029.886424,2014-03-05 09:00:00,6710.0,20.9,2014-03-05,False,Wednesday
3043,20,5647.453388,1039.546612,2014-03-05 09:30:00,6687.0,20.3,2014-03-05,False,Wednesday
3044,21,5629.446334,1031.553666,2014-03-05 10:00:00,6661.0,20.1,2014-03-05,False,Wednesday
3045,22,5593.759514,1035.240486,2014-03-05 10:30:00,6629.0,19.6,2014-03-05,False,Wednesday
3046,23,5570.82735,1030.17265,2014-03-05 11:00:00,6601.0,19.8,2014-03-05,False,Wednesday
3047,24,5548.294264,1031.705736,2014-03-05 11:30:00,6580.0,20.3,2014-03-05,False,Wednesday
3048,25,5534.412206,1029.587794,2014-03-05 12:00:00,6564.0,20.1,2014-03-05,False,Wednesday
3049,26,5502.211702,1023.788298,2014-03-05 12:30:00,6526.0,19.6,2014-03-05,False,Wednesday
3050,27,5482.68525,1028.31475,2014-03-05 13:00:00,6511.0,19.1,2014-03-05,False,Wednesday
3051,28,5468.989554,1035.010446,2014-03-05 13:30:00,6504.0,19.1,2014-03-05,False,Wednesday
3052,29,5415.649984,1046.350016,2014-03-05 14:00:00,6462.0,19.3,2014-03-05,False,Wednesday
3053,30,5381.209762,1043.790238,2014-03-05 14:30:00,6425.0,19.1,2014-03-05,False,Wednesday
3054,31,5388.86213,1041.13787,2014-03-05 15:00:00,6430.0,18.7,2014-03-05,False,Wednesday
3055,32,5382.681088,1040.318912,2014-03-05 15:30:00,6423.0,18.4,2014-03-05,False,Wednesday
3056,33,5357.04272,1031.95728,2014-03-05 16:00:00,6389.0,18.4,2014-03-05,False,Wednesday
3057,34,5310.005594,1038.994406,2014-03-05 16:30:00,6349.0,18.6,2014-03-05,False,Wednesday
3058,35,5173.745636,1032.254364,2014-03-05 17:00:00,6206.0,17.9,2014-03-05,False,Wednesday
3059,36,5055.757698,1035.242302,2014-03-05 17:30:00,6091.0,18.2,2014-03-05,False,Wednesday
3060,37,4938.237848,1030.762152,2014-03-05 18:00:00,5969.0,18.3,2014-03-05,False,Wednesday
3061,38,4919.843994,1031.156006,2014-03-05 18:30:00,5951.0,17.9,2014-03-05,False,Wednesday
3062,39,4933.306344,1024.693656,2014-03-05 19:00:00,5958.0,17.6,2014-03-05,False,Wednesday
3063,40,4871.745704,1036.254296,2014-03-05 19:30:00,5908.0,17.7,2014-03-05,False,Wednesday
3064,41,4733.61311,1040.38689,2014-03-05 20:00:00,5774.0,17.5,2014-03-05,False,Wednesday
3065,42,4553.8589,1041.1411,2014-03-05 20:30:00,5595.0,17.0,2014-03-05,False,Wednesday
3066,43,4316.823348,1040.176652,2014-03-05 21:00:00,5357.0,17.0,2014-03-05,False,Wednesday
3067,44,4092.80239,1044.19761,2014-03-05 21:30:00,5137.0,16.8,2014-03-05,False,Wednesday
3068,45,4001.873322,1048.126678,2014-03-05 22:00:00,5050.0,16.7,2014-03-05,False,Wednesday
3069,46,3995.697642,1054.302358,2014-03-05 22:30:00,5050.0,16.4,2014-03-05,False,Wednesday
3070,47,4337.09414,1051.90586,2014-03-05 23:00:00,5389.0,16.1,2014-03-05,False,Wednesday
3071,48,4416.076944,1058.923056,2014-03-05 23:30:00,5475.0,16.0,2014-03-05,False,Wednesday
3072,1,4084.191526,1054.808474,2014-03-06 00:00:00,5139.0,15.8,2014-03-06,False,Thursday
3073,2,3821.43041,1057.56959,2014-03-06 00:30:00,4879.0,15.7,2014-03-06,False,Thursday
3074,3,3650.950506,1059.049494,2014-03-06 01:00:00,4710.0,15.5,2014-03-06,False,Thursday
3075,4,3531.102446,1044.897554,2014-03-06 01:30:00,4576.0,15.4,2014-03-06,False,Thursday
3076,5,3423.396498,1047.603502,2014-03-06 02:00:00,4471.0,15.1,2014-03-06,False,Thursday
3077,6,3377.418732,1035.581268,2014-03-06 02:30:00,4413.0,15.0,2014-03-06,False,Thursday
3078,7,3374.757062,1031.242938,2014-03-06 03:00:00,4406.0,14.9,2014-03-06,False,Thursday
3079,8,3400.979828,1033.020172,2014-03-06 03:30:00,4434.0,14.8,2014-03-06,False,Thursday
3080,9,3532.827212,1022.172788,2014-03-06 04:00:00,4555.0,14.8,2014-03-06,False,Thursday
3081,10,3742.637886,1032.362114,2014-03-06 04:30:00,4775.0,14.8,2014-03-06,False,Thursday
3082,11,4117.485938,1038.514062,2014-03-06 05:00:00,5156.0,14.9,2014-03-06,False,Thursday
3083,12,4472.59611,1039.40389,2014-03-06 05:30:00,5512.0,14.8,2014-03-06,False,Thursday
3084,13,4870.685396,1052.314604,2014-03-06 06:00:00,5923.0,14.5,2014-03-06,False,Thursday
3085,14,5124.713528,1042.286472,2014-03-06 06:30:00,6167.0,14.4,2014-03-06,False,Thursday
3086,15,5013.380748,1043.619252,2014-03-06 07:00:00,6057.0,14.7,2014-03-06,False,Thursday
3087,16,4998.821028,1040.178972,2014-03-06 07:30:00,6039.0,16.1,2014-03-06,False,Thursday
3088,17,5000.963282,1041.036718,2014-03-06 08:00:00,6042.0,16.6,2014-03-06,False,Thursday
3089,18,4980.786168,1038.213832,2014-03-06 08:30:00,6019.0,17.4,2014-03-06,False,Thursday
3090,19,4971.872576,1034.127424,2014-03-06 09:00:00,6006.0,17.8,2014-03-06,False,Thursday
3091,20,4978.664398,1032.335602,2014-03-06 09:30:00,6011.0,18.1,2014-03-06,False,Thursday
3092,21,4976.70995,1028.29005,2014-03-06 10:00:00,6005.0,19.1,2014-03-06,False,Thursday
3093,22,4990.561364,1032.438636,2014-03-06 10:30:00,6023.0,19.1,2014-03-06,False,Thursday
3094,23,4991.225772,1034.774228,2014-03-06 11:00:00,6026.0,19.4,2014-03-06,False,Thursday
3095,24,4992.067676,1035.932324,2014-03-06 11:30:00,6028.0,20.4,2014-03-06,False,Thursday
3096,25,4995.013662,1032.986338,2014-03-06 12:00:00,6028.0,19.5,2014-03-06,False,Thursday
3097,26,5005.450692,1034.549308,2014-03-06 12:30:00,6040.0,20.7,2014-03-06,False,Thursday
3098,27,5004.64039,1043.35961,2014-03-06 13:00:00,6048.0,20.8,2014-03-06,False,Thursday
3099,28,5013.921206,1051.078794,2014-03-06 13:30:00,6065.0,20.6,2014-03-06,False,Thursday
3100,29,4999.822982,1046.177018,2014-03-06 14:00:00,6046.0,19.4,2014-03-06,False,Thursday
3101,30,4990.441114,1036.558886,2014-03-06 14:30:00,6027.0,20.1,2014-03-06,False,Thursday
3102,31,4973.688658,1032.311342,2014-03-06 15:00:00,6006.0,20.3,2014-03-06,False,Thursday
3103,32,4981.44051,1032.55949,2014-03-06 15:30:00,6014.0,20.2,2014-03-06,False,Thursday
3104,33,4967.48944,1033.51056,2014-03-06 16:00:00,6001.0,20.6,2014-03-06,False,Thursday
3105,34,4957.278998,1032.721002,2014-03-06 16:30:00,5990.0,20.1,2014-03-06,False,Thursday
3106,35,4864.77558,1028.22442,2014-03-06 17:00:00,5893.0,19.5,2014-03-06,False,Thursday
3107,36,4794.886092,993.113908,2014-03-06 17:30:00,5788.0,19.2,2014-03-06,False,Thursday
3108,37,4689.120754,1014.879246,2014-03-06 18:00:00,5704.0,18.3,2014-03-06,False,Thursday
3109,38,4681.91008,1023.08992,2014-03-06 18:30:00,5705.0,17.6,2014-03-06,False,Thursday
3110,39,4782.458402,1024.541598,2014-03-06 19:00:00,5807.0,17.2,2014-03-06,False,Thursday
3111,40,4772.531742,1029.468258,2014-03-06 19:30:00,5802.0,17.1,2014-03-06,False,Thursday
3112,41,4618.289538,1030.710462,2014-03-06 20:00:00,5649.0,17.5,2014-03-06,False,Thursday
3113,42,4447.635094,1028.364906,2014-03-06 20:30:00,5476.0,17.7,2014-03-06,False,Thursday
3114,43,4241.179918,1025.820082,2014-03-06 21:00:00,5267.0,17.8,2014-03-06,False,Thursday
3115,44,3996.267616,1026.732384,2014-03-06 21:30:00,5023.0,17.4,2014-03-06,False,Thursday
3116,45,3903.155724,1029.844276,2014-03-06 22:00:00,4933.0,17.3,2014-03-06,False,Thursday
3117,46,3894.540894,1028.459106,2014-03-06 22:30:00,4923.0,17.0,2014-03-06,False,Thursday
3118,47,4213.908674,1026.091326,2014-03-06 23:00:00,5240.0,17.2,2014-03-06,False,Thursday
3119,48,4260.208528,1022.791472,2014-03-06 23:30:00,5283.0,17.2,2014-03-06,False,Thursday
3120,1,3952.139392,1028.860608,2014-03-07 00:00:00,4981.0,16.4,2014-03-07,False,Friday
3121,2,3714.795992,1019.204008,2014-03-07 00:30:00,4734.0,16.4,2014-03-07,False,Friday
3122,3,3591.840182,1014.159818,2014-03-07 01:00:00,4606.0,16.0,2014-03-07,False,Friday
3123,4,3471.67279,1015.32721,2014-03-07 01:30:00,4487.0,16.1,2014-03-07,False,Friday
3124,5,3378.067818,1016.932182,2014-03-07 02:00:00,4395.0,15.7,2014-03-07,False,Friday
3125,6,3318.027996,1014.972004,2014-03-07 02:30:00,4333.0,15.3,2014-03-07,False,Friday
3126,7,3311.936634,1011.063366,2014-03-07 03:00:00,4323.0,15.3,2014-03-07,False,Friday
3127,8,3355.722282,1010.277718,2014-03-07 03:30:00,4366.0,15.2,2014-03-07,False,Friday
3128,9,3477.864794,1011.135206,2014-03-07 04:00:00,4489.0,15.0,2014-03-07,False,Friday
3129,10,3670.482222,1017.517778,2014-03-07 04:30:00,4688.0,14.7,2014-03-07,False,Friday
3130,11,4026.458096,1023.541904,2014-03-07 05:00:00,5050.0,14.6,2014-03-07,False,Friday
3131,12,4412.552912,1024.447088,2014-03-07 05:30:00,5437.0,14.6,2014-03-07,False,Friday
3132,13,4834.873962,1043.126038,2014-03-07 06:00:00,5878.0,14.6,2014-03-07,False,Friday
3133,14,5139.668972,1045.331028,2014-03-07 06:30:00,6185.0,14.5,2014-03-07,False,Friday
3134,15,5036.365348,1077.634652,2014-03-07 07:00:00,6114.0,14.7,2014-03-07,False,Friday
3135,16,5052.567834,1022.432166,2014-03-07 07:30:00,6075.0,15.1,2014-03-07,False,Friday
3136,17,5091.060748,1014.939252,2014-03-07 08:00:00,6106.0,15.1,2014-03-07,False,Friday
3137,18,5063.314796,1051.685204,2014-03-07 08:30:00,6115.0,15.4,2014-03-07,False,Friday
3138,19,5005.067064,1068.932936,2014-03-07 09:00:00,6074.0,16.1,2014-03-07,False,Friday
3139,20,5000.008554,1031.991446,2014-03-07 09:30:00,6032.0,17.8,2014-03-07,False,Friday
3140,21,5033.73554,1070.26446,2014-03-07 10:00:00,6104.0,18.7,2014-03-07,False,Friday
3141,22,5049.018646,1067.981354,2014-03-07 10:30:00,6117.0,19.1,2014-03-07,False,Friday
3142,23,5026.526466,1084.473534,2014-03-07 11:00:00,6111.0,20.6,2014-03-07,False,Friday
3143,24,5024.537536,1029.462464,2014-03-07 11:30:00,6054.0,19.9,2014-03-07,False,Friday
3144,25,4998.371532,1071.628468,2014-03-07 12:00:00,6070.0,20.4,2014-03-07,False,Friday
3145,26,4974.866714,1096.133286,2014-03-07 12:30:00,6071.0,19.9,2014-03-07,False,Friday
3146,27,4972.937704,1065.062296,2014-03-07 13:00:00,6038.0,19.8,2014-03-07,False,Friday
3147,28,4979.063656,1071.936344,2014-03-07 13:30:00,6051.0,20.2,2014-03-07,False,Friday
3148,29,4957.224752,1072.775248,2014-03-07 14:00:00,6030.0,21.4,2014-03-07,False,Friday
3149,30,4938.459698,1064.540302,2014-03-07 14:30:00,6003.0,22.5,2014-03-07,False,Friday
3150,31,4986.23621,1072.76379,2014-03-07 15:00:00,6059.0,21.4,2014-03-07,False,Friday
3151,32,5014.351296,1037.648704,2014-03-07 15:30:00,6052.0,21.9,2014-03-07,False,Friday
3152,33,5025.578384,1029.421616,2014-03-07 16:00:00,6055.0,20.9,2014-03-07,False,Friday
3153,34,5035.942016,1053.057984,2014-03-07 16:30:00,6089.0,20.7,2014-03-07,False,Friday
3154,35,4962.606978,1084.393022,2014-03-07 17:00:00,6047.0,20.8,2014-03-07,False,Friday
3155,36,4903.275472,1029.724528,2014-03-07 17:30:00,5933.0,20.4,2014-03-07,False,Friday
3156,37,4797.630092,1022.369908,2014-03-07 18:00:00,5820.0,20.4,2014-03-07,False,Friday
3157,38,4756.121948,1011.878052,2014-03-07 18:30:00,5768.0,20.3,2014-03-07,False,Friday
3158,39,4761.038106,1015.961894,2014-03-07 19:00:00,5777.0,20.3,2014-03-07,False,Friday
3159,40,4674.15497,1019.84503,2014-03-07 19:30:00,5694.0,19.9,2014-03-07,False,Friday
3160,41,4502.65086,1024.34914,2014-03-07 20:00:00,5527.0,19.8,2014-03-07,False,Friday
3161,42,4327.301344,1023.698656,2014-03-07 20:30:00,5351.0,19.3,2014-03-07,False,Friday
3162,43,4128.315022,1018.684978,2014-03-07 21:00:00,5147.0,19.0,2014-03-07,False,Friday
3163,44,3936.55877,1012.44123,2014-03-07 21:30:00,4949.0,18.9,2014-03-07,False,Friday
3164,45,3878.044828,1019.955172,2014-03-07 22:00:00,4898.0,18.6,2014-03-07,False,Friday
3165,46,3876.73072,1061.26928,2014-03-07 22:30:00,4938.0,18.2,2014-03-07,False,Friday
3166,47,4238.752144,1048.247856,2014-03-07 23:00:00,5287.0,17.9,2014-03-07,False,Friday
3167,48,4296.211864,1058.788136,2014-03-07 23:30:00,5355.0,17.9,2014-03-07,False,Friday
3168,1,3928.846246,1042.153754,2014-03-08 00:00:00,4971.0,17.4,2014-03-08,False,Saturday
3169,2,3647.317998,1037.682002,2014-03-08 00:30:00,4685.0,17.2,2014-03-08,False,Saturday
3170,3,3473.572474,1047.427526,2014-03-08 01:00:00,4521.0,17.3,2014-03-08,False,Saturday
3171,4,3355.553404,1030.446596,2014-03-08 01:30:00,4386.0,17.3,2014-03-08,False,Saturday
3172,5,3254.387552,1048.612448,2014-03-08 02:00:00,4303.0,17.6,2014-03-08,False,Saturday
3173,6,3177.167024,1050.832976,2014-03-08 02:30:00,4228.0,17.7,2014-03-08,False,Saturday
3174,7,3149.360598,1041.639402,2014-03-08 03:00:00,4191.0,17.6,2014-03-08,False,Saturday
3175,8,3143.518068,1057.481932,2014-03-08 03:30:00,4201.0,17.6,2014-03-08,False,Saturday
3176,9,3177.885622,1026.114378,2014-03-08 04:00:00,4204.0,17.4,2014-03-08,False,Saturday
3177,10,3237.10923,1047.89077,2014-03-08 04:30:00,4285.0,17.6,2014-03-08,False,Saturday
3178,11,3353.948046,1018.051954,2014-03-08 05:00:00,4372.0,17.5,2014-03-08,False,Saturday
3179,12,3479.677038,1045.322962,2014-03-08 05:30:00,4525.0,17.6,2014-03-08,False,Saturday
3180,13,3655.070442,1008.929558,2014-03-08 06:00:00,4664.0,17.8,2014-03-08,False,Saturday
3181,14,3826.565768,1055.434232,2014-03-08 06:30:00,4882.0,17.3,2014-03-08,False,Saturday
3182,15,3876.91908,1047.08092,2014-03-08 07:00:00,4924.0,18.0,2014-03-08,False,Saturday
3183,16,4009.331824,1069.668176,2014-03-08 07:30:00,5079.0,19.7,2014-03-08,False,Saturday
3184,17,4135.361232,1027.638768,2014-03-08 08:00:00,5163.0,20.5,2014-03-08,False,Saturday
3185,18,4180.46072,1060.53928,2014-03-08 08:30:00,5241.0,21.4,2014-03-08,False,Saturday
3186,19,4220.89634,1041.10366,2014-03-08 09:00:00,5262.0,21.9,2014-03-08,False,Saturday
3187,20,4236.021068,1043.978932,2014-03-08 09:30:00,5280.0,22.1,2014-03-08,False,Saturday
3188,21,4226.000544,1071.999456,2014-03-08 10:00:00,5298.0,21.9,2014-03-08,False,Saturday
3189,22,4222.934426,1055.065574,2014-03-08 10:30:00,5278.0,22.4,2014-03-08,False,Saturday
3190,23,4205.653846,1037.346154,2014-03-08 11:00:00,5243.0,24.3,2014-03-08,False,Saturday
3191,24,4211.745114,1054.254886,2014-03-08 11:30:00,5266.0,25.2,2014-03-08,False,Saturday
3192,25,4205.580962,1056.419038,2014-03-08 12:00:00,5262.0,25.8,2014-03-08,False,Saturday
3193,26,4194.393196,1054.606804,2014-03-08 12:30:00,5249.0,26.6,2014-03-08,False,Saturday
3194,27,4214.54241,1047.45759,2014-03-08 13:00:00,5262.0,26.1,2014-03-08,False,Saturday
3195,28,4260.339624,1064.660376,2014-03-08 13:30:00,5325.0,27.8,2014-03-08,False,Saturday
3196,29,4321.0707,1042.9293,2014-03-08 14:00:00,5364.0,26.7,2014-03-08,False,Saturday
3197,30,4398.947788,1064.052212,2014-03-08 14:30:00,5463.0,27.1,2014-03-08,False,Saturday
3198,31,4473.569034,1064.430966,2014-03-08 15:00:00,5538.0,27.3,2014-03-08,False,Saturday
3199,32,4577.514166,1044.485834,2014-03-08 15:30:00,5622.0,27.2,2014-03-08,False,Saturday
3200,33,4653.929152,1050.070848,2014-03-08 16:00:00,5704.0,27.4,2014-03-08,False,Saturday
3201,34,4707.711412,1034.288588,2014-03-08 16:30:00,5742.0,26.2,2014-03-08,False,Saturday
3202,35,4721.089684,1006.910316,2014-03-08 17:00:00,5728.0,25.9,2014-03-08,False,Saturday
3203,36,4713.508504,996.491496,2014-03-08 17:30:00,5710.0,25.6,2014-03-08,False,Saturday
3204,37,4621.563594,1010.436406,2014-03-08 18:00:00,5632.0,24.8,2014-03-08,False,Saturday
3205,38,4548.251232,1055.748768,2014-03-08 18:30:00,5604.0,24.8,2014-03-08,False,Saturday
3206,39,4590.850842,1028.149158,2014-03-08 19:00:00,5619.0,25.5,2014-03-08,False,Saturday
3207,40,4569.488226,1062.511774,2014-03-08 19:30:00,5632.0,24.9,2014-03-08,False,Saturday
3208,41,4442.241882,1037.758118,2014-03-08 20:00:00,5480.0,24.1,2014-03-08,False,Saturday
3209,42,4307.72911,1058.27089,2014-03-08 20:30:00,5366.0,23.4,2014-03-08,False,Saturday
3210,43,4153.18785,1031.81215,2014-03-08 21:00:00,5185.0,22.9,2014-03-08,False,Saturday
3211,44,4015.237814,1062.762186,2014-03-08 21:30:00,5078.0,22.7,2014-03-08,False,Saturday
3212,45,3956.94531,1050.05469,2014-03-08 22:00:00,5007.0,22.0,2014-03-08,False,Saturday
3213,46,3957.51177,1057.48823,2014-03-08 22:30:00,5015.0,21.9,2014-03-08,False,Saturday
3214,47,4264.210376,1051.789624,2014-03-08 23:00:00,5316.0,20.9,2014-03-08,False,Saturday
3215,48,4315.206506,1048.793494,2014-03-08 23:30:00,5364.0,20.5,2014-03-08,False,Saturday
3216,1,3978.04431,1060.95569,2014-03-09 00:00:00,5039.0,20.5,2014-03-09,False,Sunday
3217,2,3697.554558,1053.445442,2014-03-09 00:30:00,4751.0,20.2,2014-03-09,False,Sunday
3218,3,3516.027294,1062.972706,2014-03-09 01:00:00,4579.0,19.9,2014-03-09,False,Sunday
3219,4,3373.350954,1051.649046,2014-03-09 01:30:00,4425.0,19.2,2014-03-09,False,Sunday
3220,5,3255.024666,1046.975334,2014-03-09 02:00:00,4302.0,19.3,2014-03-09,False,Sunday
3221,6,3182.049564,1073.950436,2014-03-09 02:30:00,4256.0,18.9,2014-03-09,False,Sunday
3222,7,3134.1048,1058.8952,2014-03-09 03:00:00,4193.0,18.6,2014-03-09,False,Sunday
3223,8,3101.320446,1066.679554,2014-03-09 03:30:00,4168.0,18.3,2014-03-09,False,Sunday
3224,9,3085.929882,1055.070118,2014-03-09 04:00:00,4141.0,18.0,2014-03-09,False,Sunday
3225,10,3101.874566,1058.125434,2014-03-09 04:30:00,4160.0,18.3,2014-03-09,False,Sunday
3226,11,3174.736732,1066.263268,2014-03-09 05:00:00,4241.0,17.3,2014-03-09,False,Sunday
3227,12,3252.718792,1049.281208,2014-03-09 05:30:00,4302.0,16.9,2014-03-09,False,Sunday
3228,13,3313.39359,1045.60641,2014-03-09 06:00:00,4359.0,17.4,2014-03-09,False,Sunday
3229,14,3424.166324,1008.833676,2014-03-09 06:30:00,4433.0,16.8,2014-03-09,False,Sunday
3230,15,3462.175676,1021.824324,2014-03-09 07:00:00,4484.0,17.6,2014-03-09,False,Sunday
3231,16,3579.845956,1066.154044,2014-03-09 07:30:00,4646.0,19.3,2014-03-09,False,Sunday
3232,17,3721.225388,1044.774612,2014-03-09 08:00:00,4766.0,21.4,2014-03-09,False,Sunday
3233,18,3841.405416,1056.594584,2014-03-09 08:30:00,4898.0,23.4,2014-03-09,False,Sunday
3234,19,3953.86112,1064.13888,2014-03-09 09:00:00,5018.0,24.6,2014-03-09,False,Sunday
3235,20,4014.824414,1042.175586,2014-03-09 09:30:00,5057.0,25.4,2014-03-09,False,Sunday
3236,21,4085.583482,880.416518,2014-03-09 10:00:00,4966.0,26.4,2014-03-09,False,Sunday
3237,22,4099.612468,716.387532,2014-03-09 10:30:00,4816.0,26.7,2014-03-09,False,Sunday
3238,23,4202.309828,1055.690172,2014-03-09 11:00:00,5258.0,27.8,2014-03-09,False,Sunday
3239,24,4306.085334,1070.914666,2014-03-09 11:30:00,5377.0,29.1,2014-03-09,False,Sunday
3240,25,4363.497296,1052.502704,2014-03-09 12:00:00,5416.0,28.9,2014-03-09,False,Sunday
3241,26,4420.780232,1066.219768,2014-03-09 12:30:00,5487.0,30.2,2014-03-09,False,Sunday
3242,27,4516.238162,1071.761838,2014-03-09 13:00:00,5588.0,30.7,2014-03-09,False,Sunday
3243,28,4628.704428,1049.295572,2014-03-09 13:30:00,5678.0,30.6,2014-03-09,False,Sunday
3244,29,4751.654544,1057.345456,2014-03-09 14:00:00,5809.0,31.0,2014-03-09,False,Sunday
3245,30,4883.706688,1057.293312,2014-03-09 14:30:00,5941.0,31.9,2014-03-09,False,Sunday
3246,31,5030.955466,1045.044534,2014-03-09 15:00:00,6076.0,31.9,2014-03-09,False,Sunday
3247,32,5180.379734,1049.620266,2014-03-09 15:30:00,6230.0,32.0,2014-03-09,False,Sunday
3248,33,5275.061614,1055.938386,2014-03-09 16:00:00,6331.0,32.5,2014-03-09,False,Sunday
3249,34,5382.930828,1024.069172,2014-03-09 16:30:00,6407.0,32.7,2014-03-09,False,Sunday
3250,35,5421.56691,1053.43309,2014-03-09 17:00:00,6475.0,32.7,2014-03-09,False,Sunday
3251,36,5395.291728,1033.708272,2014-03-09 17:30:00,6429.0,32.0,2014-03-09,False,Sunday
3252,37,5267.847158,1049.152842,2014-03-09 18:00:00,6317.0,31.4,2014-03-09,False,Sunday
3253,38,5136.74853,1036.25147,2014-03-09 18:30:00,6173.0,31.1,2014-03-09,False,Sunday
3254,39,5105.39134,1051.60866,2014-03-09 19:00:00,6157.0,30.5,2014-03-09,False,Sunday
3255,40,5013.98957,1068.01043,2014-03-09 19:30:00,6082.0,30.0,2014-03-09,False,Sunday
3256,41,4846.763364,1049.236636,2014-03-09 20:00:00,5896.0,29.0,2014-03-09,False,Sunday
3257,42,4658.984534,1057.015466,2014-03-09 20:30:00,5716.0,27.9,2014-03-09,False,Sunday
3258,43,4449.118688,1064.881312,2014-03-09 21:00:00,5514.0,27.7,2014-03-09,False,Sunday
3259,44,4241.020496,1038.979504,2014-03-09 21:30:00,5280.0,26.2,2014-03-09,False,Sunday
3260,45,4113.943432,1069.056568,2014-03-09 22:00:00,5183.0,25.5,2014-03-09,False,Sunday
3261,46,4095.490782,1049.509218,2014-03-09 22:30:00,5145.0,24.9,2014-03-09,False,Sunday
3262,47,4372.773698,1056.226302,2014-03-09 23:00:00,5429.0,24.4,2014-03-09,False,Sunday
3263,48,4370.304142,1069.695858,2014-03-09 23:30:00,5440.0,24.0,2014-03-09,False,Sunday
3264,1,4007.922512,1055.077488,2014-03-10 00:00:00,5063.0,23.7,2014-03-10,True,Monday
3265,2,3729.351226,1056.648774,2014-03-10 00:30:00,4786.0,23.2,2014-03-10,True,Monday
3266,3,3545.625492,1069.374508,2014-03-10 01:00:00,4615.0,23.1,2014-03-10,True,Monday
3267,4,3428.161932,1057.838068,2014-03-10 01:30:00,4486.0,23.1,2014-03-10,True,Monday
3268,5,3320.310506,1055.689494,2014-03-10 02:00:00,4376.0,22.9,2014-03-10,True,Monday
3269,6,3243.27863,1056.72137,2014-03-10 02:30:00,4300.0,22.1,2014-03-10,True,Monday
3270,7,3200.424368,1053.575632,2014-03-10 03:00:00,4254.0,21.9,2014-03-10,True,Monday
3271,8,3187.535336,1067.464664,2014-03-10 03:30:00,4255.0,22.7,2014-03-10,True,Monday
3272,9,3220.25937,1032.74063,2014-03-10 04:00:00,4253.0,22.4,2014-03-10,True,Monday
3273,10,3292.453322,1044.546678,2014-03-10 04:30:00,4337.0,22.6,2014-03-10,True,Monday
3274,11,3433.125716,1049.874284,2014-03-10 05:00:00,4483.0,22.8,2014-03-10,True,Monday
3275,12,3535.991724,1052.008276,2014-03-10 05:30:00,4588.0,22.2,2014-03-10,True,Monday
3276,13,3635.106714,1060.893286,2014-03-10 06:00:00,4696.0,22.9,2014-03-10,True,Monday
3277,14,3757.016886,1046.983114,2014-03-10 06:30:00,4804.0,22.9,2014-03-10,True,Monday
3278,15,3828.107046,1054.892954,2014-03-10 07:00:00,4883.0,23.3,2014-03-10,True,Monday
3279,16,3999.37957,1067.62043,2014-03-10 07:30:00,5067.0,24.2,2014-03-10,True,Monday
3280,17,4172.055846,1059.944154,2014-03-10 08:00:00,5232.0,25.2,2014-03-10,True,Monday
3281,18,4334.082598,1076.917402,2014-03-10 08:30:00,5411.0,26.1,2014-03-10,True,Monday
3282,19,4503.251336,1067.748664,2014-03-10 09:00:00,5571.0,27.2,2014-03-10,True,Monday
3283,20,4640.81998,1044.18002,2014-03-10 09:30:00,5685.0,28.1,2014-03-10,True,Monday
3284,21,4801.60204,1032.39796,2014-03-10 10:00:00,5834.0,29.5,2014-03-10,True,Monday
3285,22,4967.63542,1069.36458,2014-03-10 10:30:00,6037.0,29.9,2014-03-10,True,Monday
3286,23,5106.684752,1053.315248,2014-03-10 11:00:00,6160.0,32.1,2014-03-10,True,Monday
3287,24,5199.219076,1084.780924,2014-03-10 11:30:00,6284.0,31.9,2014-03-10,True,Monday
3288,25,5297.503202,1030.496798,2014-03-10 12:00:00,6328.0,31.9,2014-03-10,True,Monday
3289,26,5361.845262,1034.154738,2014-03-10 12:30:00,6396.0,29.3,2014-03-10,True,Monday
3290,27,5410.645034,1060.354966,2014-03-10 13:00:00,6471.0,29.0,2014-03-10,True,Monday
3291,28,5465.492294,1075.507706,2014-03-10 13:30:00,6541.0,30.6,2014-03-10,True,Monday
3292,29,5457.79329,1060.20671,2014-03-10 14:00:00,6518.0,29.4,2014-03-10,True,Monday
3293,30,5474.611594,1068.388406,2014-03-10 14:30:00,6543.0,28.3,2014-03-10,True,Monday
3294,31,5492.134768,1060.865232,2014-03-10 15:00:00,6553.0,28.0,2014-03-10,True,Monday
3295,32,5511.193266,1065.806734,2014-03-10 15:30:00,6577.0,28.4,2014-03-10,True,Monday
3296,33,5496.435314,1072.564686,2014-03-10 16:00:00,6569.0,28.2,2014-03-10,True,Monday
3297,34,5457.952974,1050.047026,2014-03-10 16:30:00,6508.0,27.3,2014-03-10,True,Monday
3298,35,5352.039296,1051.960704,2014-03-10 17:00:00,6404.0,27.9,2014-03-10,True,Monday
3299,36,5253.719086,1047.280914,2014-03-10 17:30:00,6301.0,25.8,2014-03-10,True,Monday
3300,37,5111.35825,1045.64175,2014-03-10 18:00:00,6157.0,25.3,2014-03-10,True,Monday
3301,38,5019.432636,1058.567364,2014-03-10 18:30:00,6078.0,24.9,2014-03-10,True,Monday
3302,39,5012.934244,1051.065756,2014-03-10 19:00:00,6064.0,25.0,2014-03-10,True,Monday
3303,40,4932.403984,1054.596016,2014-03-10 19:30:00,5987.0,24.3,2014-03-10,True,Monday
3304,41,4779.069446,1056.930554,2014-03-10 20:00:00,5836.0,23.8,2014-03-10,True,Monday
3305,42,4594.028006,1061.971994,2014-03-10 20:30:00,5656.0,23.6,2014-03-10,True,Monday
3306,43,4374.307726,1061.692274,2014-03-10 21:00:00,5436.0,23.2,2014-03-10,True,Monday
3307,44,4131.750048,1069.249952,2014-03-10 21:30:00,5201.0,22.9,2014-03-10,True,Monday
3308,45,4046.258812,1059.741188,2014-03-10 22:00:00,5106.0,22.1,2014-03-10,True,Monday
3309,46,4031.953994,1069.046006,2014-03-10 22:30:00,5101.0,21.6,2014-03-10,True,Monday
3310,47,4357.24249,1053.75751,2014-03-10 23:00:00,5411.0,21.2,2014-03-10,True,Monday
3311,48,4404.509116,1060.490884,2014-03-10 23:30:00,5465.0,20.6,2014-03-10,True,Monday
3312,1,4079.01813,1079.98187,2014-03-11 00:00:00,5159.0,20.4,2014-03-11,False,Tuesday
3313,2,3824.081898,1067.918102,2014-03-11 00:30:00,4892.0,20.1,2014-03-11,False,Tuesday
3314,3,3666.742206,1055.257794,2014-03-11 01:00:00,4722.0,20.0,2014-03-11,False,Tuesday
3315,4,3543.906768,1068.093232,2014-03-11 01:30:00,4612.0,19.9,2014-03-11,False,Tuesday
3316,5,3448.342444,1068.657556,2014-03-11 02:00:00,4517.0,19.8,2014-03-11,False,Tuesday
3317,6,3372.723834,1072.276166,2014-03-11 02:30:00,4445.0,19.3,2014-03-11,False,Tuesday
3318,7,3359.206052,1087.793948,2014-03-11 03:00:00,4447.0,19.4,2014-03-11,False,Tuesday
3319,8,3380.586946,1070.413054,2014-03-11 03:30:00,4451.0,19.9,2014-03-11,False,Tuesday
3320,9,3498.884338,1074.115662,2014-03-11 04:00:00,4573.0,19.5,2014-03-11,False,Tuesday
3321,10,3716.599668,1079.400332,2014-03-11 04:30:00,4796.0,19.9,2014-03-11,False,Tuesday
3322,11,4109.26317,1066.73683,2014-03-11 05:00:00,5176.0,19.5,2014-03-11,False,Tuesday
3323,12,4504.061598,1072.938402,2014-03-11 05:30:00,5577.0,19.7,2014-03-11,False,Tuesday
3324,13,4931.675254,1080.324746,2014-03-11 06:00:00,6012.0,19.6,2014-03-11,False,Tuesday
3325,14,5232.685778,1055.314222,2014-03-11 06:30:00,6288.0,20.6,2014-03-11,False,Tuesday
3326,15,5242.447136,1071.552864,2014-03-11 07:00:00,6314.0,21.4,2014-03-11,False,Tuesday
3327,16,5358.538792,1078.461208,2014-03-11 07:30:00,6437.0,22.8,2014-03-11,False,Tuesday
3328,17,5499.440246,1054.559754,2014-03-11 08:00:00,6554.0,23.9,2014-03-11,False,Tuesday
3329,18,5551.630216,1079.369784,2014-03-11 08:30:00,6631.0,22.6,2014-03-11,False,Tuesday
3330,19,5614.745298,1096.254702,2014-03-11 09:00:00,6711.0,24.2,2014-03-11,False,Tuesday
3331,20,5697.382218,1066.617782,2014-03-11 09:30:00,6764.0,24.8,2014-03-11,False,Tuesday
3332,21,5782.238696,1080.761304,2014-03-11 10:00:00,6863.0,26.5,2014-03-11,False,Tuesday
3333,22,5820.495044,1063.504956,2014-03-11 10:30:00,6884.0,27.3,2014-03-11,False,Tuesday
3334,23,5853.114286,1083.885714,2014-03-11 11:00:00,6937.0,26.1,2014-03-11,False,Tuesday
3335,24,5906.773426,1085.226574,2014-03-11 11:30:00,6992.0,26.9,2014-03-11,False,Tuesday
3336,25,5981.653332,1064.346668,2014-03-11 12:00:00,7046.0,27.4,2014-03-11,False,Tuesday
3337,26,5999.197536,1074.802464,2014-03-11 12:30:00,7074.0,28.0,2014-03-11,False,Tuesday
3338,27,6035.122662,1053.877338,2014-03-11 13:00:00,7089.0,28.9,2014-03-11,False,Tuesday
3339,28,6073.682868,1024.317132,2014-03-11 13:30:00,7098.0,29.1,2014-03-11,False,Tuesday
3340,29,6065.424856,1050.575144,2014-03-11 14:00:00,7116.0,29.3,2014-03-11,False,Tuesday
3341,30,6087.76,1049.24,2014-03-11 14:30:00,7137.0,29.8,2014-03-11,False,Tuesday
3342,31,6194.544486,1067.455514,2014-03-11 15:00:00,7262.0,30.5,2014-03-11,False,Tuesday
3343,32,6227.6054,1082.3946,2014-03-11 15:30:00,7310.0,31.1,2014-03-11,False,Tuesday
3344,33,6137.285422,1059.714578,2014-03-11 16:00:00,7197.0,30.6,2014-03-11,False,Tuesday
3345,34,5954.33161,1073.66839,2014-03-11 16:30:00,7028.0,27.5,2014-03-11,False,Tuesday
3346,35,5719.832664,1071.167336,2014-03-11 17:00:00,6791.0,24.3,2014-03-11,False,Tuesday
3347,36,5576.760138,1081.239862,2014-03-11 17:30:00,6658.0,24.0,2014-03-11,False,Tuesday
3348,37,5429.79391,1097.20609,2014-03-11 18:00:00,6527.0,24.1,2014-03-11,False,Tuesday
3349,38,5389.271574,1076.728426,2014-03-11 18:30:00,6466.0,21.9,2014-03-11,False,Tuesday
3350,39,5306.096774,1060.903226,2014-03-11 19:00:00,6367.0,21.4,2014-03-11,False,Tuesday
3351,40,5204.94133,1087.05867,2014-03-11 19:30:00,6292.0,21.0,2014-03-11,False,Tuesday
3352,41,5007.90503,1073.09497,2014-03-11 20:00:00,6081.0,21.4,2014-03-11,False,Tuesday
3353,42,4817.403766,1084.596234,2014-03-11 20:30:00,5902.0,21.7,2014-03-11,False,Tuesday
3354,43,4562.696528,1079.303472,2014-03-11 21:00:00,5642.0,21.2,2014-03-11,False,Tuesday
3355,44,4356.758218,1090.241782,2014-03-11 21:30:00,5447.0,21.7,2014-03-11,False,Tuesday
3356,45,4251.219174,1097.780826,2014-03-11 22:00:00,5349.0,21.6,2014-03-11,False,Tuesday
3357,46,4196.659138,1065.340862,2014-03-11 22:30:00,5262.0,21.6,2014-03-11,False,Tuesday
3358,47,4507.151964,1096.848036,2014-03-11 23:00:00,5604.0,20.3,2014-03-11,False,Tuesday
3359,48,4504.144396,1082.855604,2014-03-11 23:30:00,5587.0,19.7,2014-03-11,False,Tuesday
3360,1,4152.447766,1086.552234,2014-03-12 00:00:00,5239.0,19.5,2014-03-12,False,Wednesday
3361,2,3882.184628,1089.815372,2014-03-12 00:30:00,4972.0,18.9,2014-03-12,False,Wednesday
3362,3,3715.6834,1061.3166,2014-03-12 01:00:00,4777.0,18.8,2014-03-12,False,Wednesday
3363,4,3608.733932,1090.266068,2014-03-12 01:30:00,4699.0,18.6,2014-03-12,False,Wednesday
3364,5,3476.925738,1080.074262,2014-03-12 02:00:00,4557.0,18.4,2014-03-12,False,Wednesday
3365,6,3422.378734,1065.621266,2014-03-12 02:30:00,4488.0,18.3,2014-03-12,False,Wednesday
3366,7,3410.152432,1035.847568,2014-03-12 03:00:00,4446.0,18.0,2014-03-12,False,Wednesday
3367,8,3453.083738,1038.916262,2014-03-12 03:30:00,4492.0,17.8,2014-03-12,False,Wednesday
3368,9,3587.084988,1030.915012,2014-03-12 04:00:00,4618.0,17.5,2014-03-12,False,Wednesday
3369,10,3794.782746,1031.217254,2014-03-12 04:30:00,4826.0,17.1,2014-03-12,False,Wednesday
3370,11,4156.652886,1032.347114,2014-03-12 05:00:00,5189.0,17.1,2014-03-12,False,Wednesday
3371,12,4516.130604,1035.869396,2014-03-12 05:30:00,5552.0,16.9,2014-03-12,False,Wednesday
3372,13,4957.364096,1035.635904,2014-03-12 06:00:00,5993.0,17.0,2014-03-12,False,Wednesday
3373,14,5209.369802,1031.630198,2014-03-12 06:30:00,6241.0,16.8,2014-03-12,False,Wednesday
3374,15,5098.98469,1032.01531,2014-03-12 07:00:00,6131.0,16.9,2014-03-12,False,Wednesday
3375,16,5085.604054,1032.395946,2014-03-12 07:30:00,6118.0,17.4,2014-03-12,False,Wednesday
3376,17,5109.507564,1030.492436,2014-03-12 08:00:00,6140.0,17.2,2014-03-12,False,Wednesday
3377,18,5095.543954,1032.456046,2014-03-12 08:30:00,6128.0,17.4,2014-03-12,False,Wednesday
3378,19,5104.826426,1033.173574,2014-03-12 09:00:00,6138.0,17.3,2014-03-12,False,Wednesday
3379,20,5108.363468,1020.636532,2014-03-12 09:30:00,6129.0,17.6,2014-03-12,False,Wednesday
3380,21,5081.801694,1022.198306,2014-03-12 10:00:00,6104.0,17.9,2014-03-12,False,Wednesday
3381,22,5090.22881,1031.77119,2014-03-12 10:30:00,6122.0,18.3,2014-03-12,False,Wednesday
3382,23,5082.257134,1036.742866,2014-03-12 11:00:00,6119.0,19.6,2014-03-12,False,Wednesday
3383,24,5090.994522,1034.005478,2014-03-12 11:30:00,6125.0,20.4,2014-03-12,False,Wednesday
3384,25,5096.346556,1037.653444,2014-03-12 12:00:00,6134.0,19.5,2014-03-12,False,Wednesday
3385,26,5120.730488,1042.269512,2014-03-12 12:30:00,6163.0,20.5,2014-03-12,False,Wednesday
3386,27,5127.773282,1034.226718,2014-03-12 13:00:00,6162.0,21.8,2014-03-12,False,Wednesday
3387,28,5144.533492,1043.466508,2014-03-12 13:30:00,6188.0,21.2,2014-03-12,False,Wednesday
3388,29,5087.151546,1039.848454,2014-03-12 14:00:00,6127.0,21.1,2014-03-12,False,Wednesday
3389,30,5069.608554,1031.391446,2014-03-12 14:30:00,6101.0,20.5,2014-03-12,False,Wednesday
3390,31,5097.277958,1029.722042,2014-03-12 15:00:00,6127.0,21.5,2014-03-12,False,Wednesday
3391,32,5128.18288,1028.81712,2014-03-12 15:30:00,6157.0,21.1,2014-03-12,False,Wednesday
3392,33,5128.014646,1035.985354,2014-03-12 16:00:00,6164.0,20.6,2014-03-12,False,Wednesday
3393,34,5086.834958,1045.165042,2014-03-12 16:30:00,6132.0,21.0,2014-03-12,False,Wednesday
3394,35,4965.81906,1038.18094,2014-03-12 17:00:00,6004.0,20.7,2014-03-12,False,Wednesday
3395,36,4900.593844,1040.406156,2014-03-12 17:30:00,5941.0,19.9,2014-03-12,False,Wednesday
3396,37,4785.635026,1047.364974,2014-03-12 18:00:00,5833.0,18.8,2014-03-12,False,Wednesday
3397,38,4812.031144,1039.968856,2014-03-12 18:30:00,5852.0,18.2,2014-03-12,False,Wednesday
3398,39,4866.343372,1038.656628,2014-03-12 19:00:00,5905.0,17.9,2014-03-12,False,Wednesday
3399,40,4793.037836,1038.962164,2014-03-12 19:30:00,5832.0,18.1,2014-03-12,False,Wednesday
3400,41,4632.0082,1040.9918,2014-03-12 20:00:00,5673.0,17.5,2014-03-12,False,Wednesday
3401,42,4447.62206,1048.37794,2014-03-12 20:30:00,5496.0,17.4,2014-03-12,False,Wednesday
3402,43,4229.72733,1045.27267,2014-03-12 21:00:00,5275.0,17.2,2014-03-12,False,Wednesday
3403,44,4022.760828,1048.239172,2014-03-12 21:30:00,5071.0,17.2,2014-03-12,False,Wednesday
3404,45,3963.515366,1046.484634,2014-03-12 22:00:00,5010.0,17.1,2014-03-12,False,Wednesday
3405,46,3955.243752,1051.756248,2014-03-12 22:30:00,5007.0,16.7,2014-03-12,False,Wednesday
3406,47,4284.461586,1046.538414,2014-03-12 23:00:00,5331.0,16.4,2014-03-12,False,Wednesday
3407,48,4340.238348,1037.761652,2014-03-12 23:30:00,5378.0,16.1,2014-03-12,False,Wednesday
3408,1,4027.407498,1035.592502,2014-03-13 00:00:00,5063.0,15.7,2014-03-13,False,Thursday
3409,2,3774.66626,1035.33374,2014-03-13 00:30:00,4810.0,15.5,2014-03-13,False,Thursday
3410,3,3611.028788,1041.971212,2014-03-13 01:00:00,4653.0,15.4,2014-03-13,False,Thursday
3411,4,3496.419656,1035.580344,2014-03-13 01:30:00,4532.0,15.2,2014-03-13,False,Thursday
3412,5,3401.574202,1038.425798,2014-03-13 02:00:00,4440.0,15.1,2014-03-13,False,Thursday
3413,6,3345.923914,1035.076086,2014-03-13 02:30:00,4381.0,14.7,2014-03-13,False,Thursday
3414,7,3339.88097,1034.11903,2014-03-13 03:00:00,4374.0,14.5,2014-03-13,False,Thursday
3415,8,3378.81445,1033.18555,2014-03-13 03:30:00,4412.0,15.0,2014-03-13,False,Thursday
3416,9,3503.768968,1028.231032,2014-03-13 04:00:00,4532.0,14.8,2014-03-13,False,Thursday
3417,10,3719.518344,1025.481656,2014-03-13 04:30:00,4745.0,14.8,2014-03-13,False,Thursday
3418,11,4081.37423,1038.62577,2014-03-13 05:00:00,5120.0,14.9,2014-03-13,False,Thursday
3419,12,4443.079432,1040.920568,2014-03-13 05:30:00,5484.0,14.5,2014-03-13,False,Thursday
3420,13,4873.37255,1042.62745,2014-03-13 06:00:00,5916.0,14.8,2014-03-13,False,Thursday
3421,14,5140.250694,1038.749306,2014-03-13 06:30:00,6179.0,14.0,2014-03-13,False,Thursday
3422,15,4987.58741,1036.41259,2014-03-13 07:00:00,6024.0,13.9,2014-03-13,False,Thursday
3423,16,4939.212892,1035.787108,2014-03-13 07:30:00,5975.0,15.1,2014-03-13,False,Thursday
3424,17,4951.921142,1041.078858,2014-03-13 08:00:00,5993.0,15.8,2014-03-13,False,Thursday
3425,18,4934.388294,1038.611706,2014-03-13 08:30:00,5973.0,16.1,2014-03-13,False,Thursday
3426,19,4935.67736,1040.32264,2014-03-13 09:00:00,5976.0,17.3,2014-03-13,False,Thursday
3427,20,4947.870784,1035.129216,2014-03-13 09:30:00,5983.0,18.1,2014-03-13,False,Thursday
3428,21,4957.507552,1038.492448,2014-03-13 10:00:00,5996.0,19.2,2014-03-13,False,Thursday
3429,22,4975.693944,1049.306056,2014-03-13 10:30:00,6025.0,20.0,2014-03-13,False,Thursday
3430,23,4974.522392,1051.477608,2014-03-13 11:00:00,6026.0,20.7,2014-03-13,False,Thursday
3431,24,4992.227798,1042.772202,2014-03-13 11:30:00,6035.0,20.2,2014-03-13,False,Thursday
3432,25,5006.662448,1046.337552,2014-03-13 12:00:00,6053.0,21.7,2014-03-13,False,Thursday
3433,26,5048.699506,1043.300494,2014-03-13 12:30:00,6092.0,20.4,2014-03-13,False,Thursday
3434,27,5098.23764,1042.76236,2014-03-13 13:00:00,6141.0,21.8,2014-03-13,False,Thursday
3435,28,5122.802776,1041.197224,2014-03-13 13:30:00,6164.0,21.1,2014-03-13,False,Thursday
3436,29,5126.735466,1040.264534,2014-03-13 14:00:00,6167.0,21.7,2014-03-13,False,Thursday
3437,30,5149.708136,1041.291864,2014-03-13 14:30:00,6191.0,22.7,2014-03-13,False,Thursday
3438,31,5213.612236,1042.387764,2014-03-13 15:00:00,6256.0,22.3,2014-03-13,False,Thursday
3439,32,5247.68023,1038.31977,2014-03-13 15:30:00,6286.0,22.1,2014-03-13,False,Thursday
3440,33,5242.935748,1042.064252,2014-03-13 16:00:00,6285.0,21.4,2014-03-13,False,Thursday
3441,34,5205.086788,1040.913212,2014-03-13 16:30:00,6246.0,21.8,2014-03-13,False,Thursday
3442,35,5079.403772,1030.596228,2014-03-13 17:00:00,6110.0,21.0,2014-03-13,False,Thursday
3443,36,4997.535246,1024.464754,2014-03-13 17:30:00,6022.0,20.9,2014-03-13,False,Thursday
3444,37,4892.80578,1016.19422,2014-03-13 18:00:00,5909.0,20.6,2014-03-13,False,Thursday
3445,38,4925.487296,1021.512704,2014-03-13 18:30:00,5947.0,20.2,2014-03-13,False,Thursday
3446,39,4983.33036,1024.66964,2014-03-13 19:00:00,6008.0,19.6,2014-03-13,False,Thursday
3447,40,4896.663642,1029.336358,2014-03-13 19:30:00,5926.0,18.8,2014-03-13,False,Thursday
3448,41,4718.820324,1035.179676,2014-03-13 20:00:00,5754.0,18.3,2014-03-13,False,Thursday
3449,42,4521.807578,1041.192422,2014-03-13 20:30:00,5563.0,18.0,2014-03-13,False,Thursday
3450,43,4288.801504,1029.198496,2014-03-13 21:00:00,5318.0,17.8,2014-03-13,False,Thursday
3451,44,4077.119694,1034.880306,2014-03-13 21:30:00,5112.0,17.6,2014-03-13,False,Thursday
3452,45,3992.62173,1034.37827,2014-03-13 22:00:00,5027.0,17.5,2014-03-13,False,Thursday
3453,46,3977.595498,1040.404502,2014-03-13 22:30:00,5018.0,17.1,2014-03-13,False,Thursday
3454,47,4273.274202,1040.725798,2014-03-13 23:00:00,5314.0,16.6,2014-03-13,False,Thursday
3455,48,4301.510758,1045.489242,2014-03-13 23:30:00,5347.0,16.2,2014-03-13,False,Thursday
3456,1,4012.508962,1041.491038,2014-03-14 00:00:00,5054.0,16.3,2014-03-14,False,Friday
3457,2,3805.322636,1038.677364,2014-03-14 00:30:00,4844.0,16.2,2014-03-14,False,Friday
3458,3,3644.455536,1036.544464,2014-03-14 01:00:00,4681.0,16.0,2014-03-14,False,Friday
3459,4,3521.868588,1034.131412,2014-03-14 01:30:00,4556.0,16.0,2014-03-14,False,Friday
3460,5,3425.293874,1024.706126,2014-03-14 02:00:00,4450.0,16.1,2014-03-14,False,Friday
3461,6,3379.000554,1027.999446,2014-03-14 02:30:00,4407.0,16.1,2014-03-14,False,Friday
3462,7,3371.122906,1025.877094,2014-03-14 03:00:00,4397.0,15.9,2014-03-14,False,Friday
3463,8,3413.142358,1022.857642,2014-03-14 03:30:00,4436.0,15.7,2014-03-14,False,Friday
3464,9,3536.389798,1018.610202,2014-03-14 04:00:00,4555.0,15.6,2014-03-14,False,Friday
3465,10,3731.11493,1033.88507,2014-03-14 04:30:00,4765.0,15.2,2014-03-14,False,Friday
3466,11,4056.163096,1037.836904,2014-03-14 05:00:00,5094.0,15.1,2014-03-14,False,Friday
3467,12,4405.77926,1038.22074,2014-03-14 05:30:00,5444.0,15.2,2014-03-14,False,Friday
3468,13,4800.050548,1043.949452,2014-03-14 06:00:00,5844.0,15.3,2014-03-14,False,Friday
3469,14,5055.635718,1075.364282,2014-03-14 06:30:00,6131.0,15.3,2014-03-14,False,Friday
3470,15,4955.494098,1067.505902,2014-03-14 07:00:00,6023.0,15.4,2014-03-14,False,Friday
3471,16,4968.073882,1043.926118,2014-03-14 07:30:00,6012.0,15.9,2014-03-14,False,Friday
3472,17,5008.2844,1083.7156,2014-03-14 08:00:00,6092.0,17.4,2014-03-14,False,Friday
3473,18,5007.652902,1071.347098,2014-03-14 08:30:00,6079.0,18.0,2014-03-14,False,Friday
3474,19,5009.209894,1090.790106,2014-03-14 09:00:00,6100.0,18.3,2014-03-14,False,Friday
3475,20,5025.115352,1091.884648,2014-03-14 09:30:00,6117.0,19.8,2014-03-14,False,Friday
3476,21,5049.34687,1100.65313,2014-03-14 10:00:00,6150.0,20.8,2014-03-14,False,Friday
3477,22,5082.565132,1084.434868,2014-03-14 10:30:00,6167.0,21.8,2014-03-14,False,Friday
3478,23,5136.037592,1104.962408,2014-03-14 11:00:00,6241.0,22.3,2014-03-14,False,Friday
3479,24,5153.289896,1113.710104,2014-03-14 11:30:00,6267.0,23.0,2014-03-14,False,Friday
3480,25,5176.1782,1093.8218,2014-03-14 12:00:00,6270.0,22.7,2014-03-14,False,Friday
3481,26,5213.218676,1101.781324,2014-03-14 12:30:00,6315.0,24.0,2014-03-14,False,Friday
3482,27,5248.88058,1108.11942,2014-03-14 13:00:00,6357.0,24.1,2014-03-14,False,Friday
3483,28,5297.13605,1069.86395,2014-03-14 13:30:00,6367.0,25.4,2014-03-14,False,Friday
3484,29,5319.532406,1107.467594,2014-03-14 14:00:00,6427.0,25.9,2014-03-14,False,Friday
3485,30,5369.916734,1085.083266,2014-03-14 14:30:00,6455.0,24.8,2014-03-14,False,Friday
3486,31,5480.656386,1078.343614,2014-03-14 15:00:00,6559.0,25.3,2014-03-14,False,Friday
3487,32,5546.754738,1097.245262,2014-03-14 15:30:00,6644.0,25.0,2014-03-14,False,Friday
3488,33,5559.926798,1076.073202,2014-03-14 16:00:00,6636.0,25.3,2014-03-14,False,Friday
3489,34,5546.581496,1103.418504,2014-03-14 16:30:00,6650.0,26.2,2014-03-14,False,Friday
3490,35,5395.226568,1061.773432,2014-03-14 17:00:00,6457.0,25.6,2014-03-14,False,Friday
3491,36,5245.992006,1073.007994,2014-03-14 17:30:00,6319.0,23.6,2014-03-14,False,Friday
3492,37,5110.741246,1078.258754,2014-03-14 18:00:00,6189.0,22.5,2014-03-14,False,Friday
3493,38,5081.193778,1049.806222,2014-03-14 18:30:00,6131.0,22.6,2014-03-14,False,Friday
3494,39,5089.52975,1082.47025,2014-03-14 19:00:00,6172.0,22.7,2014-03-14,False,Friday
3495,40,4983.21677,1068.78323,2014-03-14 19:30:00,6052.0,22.1,2014-03-14,False,Friday
3496,41,4780.887692,1092.112308,2014-03-14 20:00:00,5873.0,22.1,2014-03-14,False,Friday
3497,42,4582.0479,1078.9521,2014-03-14 20:30:00,5661.0,22.2,2014-03-14,False,Friday
3498,43,4369.727744,1074.272256,2014-03-14 21:00:00,5444.0,21.9,2014-03-14,False,Friday
3499,44,4168.223734,1070.776266,2014-03-14 21:30:00,5239.0,21.4,2014-03-14,False,Friday
3500,45,4090.031,1060.969,2014-03-14 22:00:00,5151.0,21.0,2014-03-14,False,Friday
3501,46,4062.890722,1086.109278,2014-03-14 22:30:00,5149.0,21.0,2014-03-14,False,Friday
3502,47,4331.847986,1070.152014,2014-03-14 23:00:00,5402.0,20.3,2014-03-14,False,Friday
3503,48,4327.705286,1075.294714,2014-03-14 23:30:00,5403.0,20.6,2014-03-14,False,Friday
3504,1,4012.851234,1041.148766,2014-03-15 00:00:00,5054.0,20.4,2014-03-15,False,Saturday
3505,2,3775.48345,1085.51655,2014-03-15 00:30:00,4861.0,20.3,2014-03-15,False,Saturday
3506,3,3574.59514,1061.40486,2014-03-15 01:00:00,4636.0,20.2,2014-03-15,False,Saturday
3507,4,3428.247544,1068.752456,2014-03-15 01:30:00,4497.0,20.2,2014-03-15,False,Saturday
3508,5,3314.787426,1078.212574,2014-03-15 02:00:00,4393.0,19.7,2014-03-15,False,Saturday
3509,6,3238.117196,1052.882804,2014-03-15 02:30:00,4291.0,20.4,2014-03-15,False,Saturday
3510,7,3207.152856,1064.847144,2014-03-15 03:00:00,4272.0,20.7,2014-03-15,False,Saturday
3511,8,3214.436654,1079.563346,2014-03-15 03:30:00,4294.0,20.7,2014-03-15,False,Saturday
3512,9,3259.097204,1059.902796,2014-03-15 04:00:00,4319.0,21.5,2014-03-15,False,Saturday
3513,10,3321.223768,1062.776232,2014-03-15 04:30:00,4384.0,22.3,2014-03-15,False,Saturday
3514,11,3479.539574,1054.460426,2014-03-15 05:00:00,4534.0,22.4,2014-03-15,False,Saturday
3515,12,3603.583886,1061.416114,2014-03-15 05:30:00,4665.0,22.3,2014-03-15,False,Saturday
3516,13,3783.014628,1064.985372,2014-03-15 06:00:00,4848.0,22.0,2014-03-15,False,Saturday
3517,14,3921.947738,1053.052262,2014-03-15 06:30:00,4975.0,21.8,2014-03-15,False,Saturday
3518,15,3942.670482,1054.329518,2014-03-15 07:00:00,4997.0,21.2,2014-03-15,False,Saturday
3519,16,4075.786278,1065.213722,2014-03-15 07:30:00,5141.0,21.5,2014-03-15,False,Saturday
3520,17,4235.27551,1056.72449,2014-03-15 08:00:00,5292.0,22.5,2014-03-15,False,Saturday
3521,18,4294.74369,1064.25631,2014-03-15 08:30:00,5359.0,23.1,2014-03-15,False,Saturday
3522,19,4336.087478,1075.912522,2014-03-15 09:00:00,5412.0,23.6,2014-03-15,False,Saturday
3523,20,4349.64781,1065.35219,2014-03-15 09:30:00,5415.0,24.6,2014-03-15,False,Saturday
3524,21,4405.976816,1066.023184,2014-03-15 10:00:00,5472.0,25.8,2014-03-15,False,Saturday
3525,22,4417.696658,1065.303342,2014-03-15 10:30:00,5483.0,25.1,2014-03-15,False,Saturday
3526,23,4366.077332,1051.922668,2014-03-15 11:00:00,5418.0,25.0,2014-03-15,False,Saturday
3527,24,4328.511726,1062.488274,2014-03-15 11:30:00,5391.0,25.0,2014-03-15,False,Saturday
3528,25,4281.36762,1064.63238,2014-03-15 12:00:00,5346.0,25.4,2014-03-15,False,Saturday
3529,26,4206.324816,1025.675184,2014-03-15 12:30:00,5232.0,26.0,2014-03-15,False,Saturday
3530,27,4153.789446,1068.210554,2014-03-15 13:00:00,5222.0,26.9,2014-03-15,False,Saturday
3531,28,4166.51476,1049.48524,2014-03-15 13:30:00,5216.0,28.1,2014-03-15,False,Saturday
3532,29,4260.58735,1048.41265,2014-03-15 14:00:00,5309.0,29.1,2014-03-15,False,Saturday
3533,30,4346.303866,1060.696134,2014-03-15 14:30:00,5407.0,28.5,2014-03-15,False,Saturday
3534,31,4387.394488,1060.605512,2014-03-15 15:00:00,5448.0,27.3,2014-03-15,False,Saturday
3535,32,4441.170844,1075.829156,2014-03-15 15:30:00,5517.0,26.7,2014-03-15,False,Saturday
3536,33,4484.034696,1061.965304,2014-03-15 16:00:00,5546.0,26.0,2014-03-15,False,Saturday
3537,34,4526.507424,1055.492576,2014-03-15 16:30:00,5582.0,25.3,2014-03-15,False,Saturday
3538,35,4473.386006,1069.613994,2014-03-15 17:00:00,5543.0,21.8,2014-03-15,False,Saturday
3539,36,4447.607942,1024.392058,2014-03-15 17:30:00,5472.0,21.7,2014-03-15,False,Saturday
3540,37,4395.058618,1020.941382,2014-03-15 18:00:00,5416.0,20.1,2014-03-15,False,Saturday
3541,38,4332.970586,1006.029414,2014-03-15 18:30:00,5339.0,18.1,2014-03-15,False,Saturday
3542,39,4308.68938,1049.31062,2014-03-15 19:00:00,5358.0,18.2,2014-03-15,False,Saturday
3543,40,4230.042178,1007.957822,2014-03-15 19:30:00,5238.0,18.4,2014-03-15,False,Saturday
3544,41,4106.358138,1025.641862,2014-03-15 20:00:00,5132.0,18.0,2014-03-15,False,Saturday
3545,42,3972.77403,1029.22597,2014-03-15 20:30:00,5002.0,17.7,2014-03-15,False,Saturday
3546,43,3803.045028,1051.954972,2014-03-15 21:00:00,4855.0,17.4,2014-03-15,False,Saturday
3547,44,3646.374366,1025.625634,2014-03-15 21:30:00,4672.0,17.0,2014-03-15,False,Saturday
3548,45,3589.103686,1045.896314,2014-03-15 22:00:00,4635.0,17.0,2014-03-15,False,Saturday
3549,46,3621.007156,1039.992844,2014-03-15 22:30:00,4661.0,17.0,2014-03-15,False,Saturday
3550,47,3927.433002,1041.566998,2014-03-15 23:00:00,4969.0,14.9,2014-03-15,False,Saturday
3551,48,3983.556904,1058.443096,2014-03-15 23:30:00,5042.0,14.9,2014-03-15,False,Saturday
3552,1,3690.538422,1059.461578,2014-03-16 00:00:00,4750.0,14.8,2014-03-16,False,Sunday
3553,2,3429.076176,1065.923824,2014-03-16 00:30:00,4495.0,14.8,2014-03-16,False,Sunday
3554,3,3248.970398,1062.029602,2014-03-16 01:00:00,4311.0,14.7,2014-03-16,False,Sunday
3555,4,3093.767194,1039.232806,2014-03-16 01:30:00,4133.0,14.3,2014-03-16,False,Sunday
3556,5,2978.913764,1072.086236,2014-03-16 02:00:00,4051.0,14.2,2014-03-16,False,Sunday
3557,6,2909.578138,1065.421862,2014-03-16 02:30:00,3975.0,14.0,2014-03-16,False,Sunday
3558,7,2870.63341,1063.36659,2014-03-16 03:00:00,3934.0,13.8,2014-03-16,False,Sunday
3559,8,2857.945728,1066.054272,2014-03-16 03:30:00,3924.0,13.8,2014-03-16,False,Sunday
3560,9,2869.696416,1065.303584,2014-03-16 04:00:00,3935.0,13.8,2014-03-16,False,Sunday
3561,10,2919.236102,1052.763898,2014-03-16 04:30:00,3972.0,13.8,2014-03-16,False,Sunday
3562,11,3007.352908,1061.647092,2014-03-16 05:00:00,4069.0,13.8,2014-03-16,False,Sunday
3563,12,3091.598842,1060.401158,2014-03-16 05:30:00,4152.0,13.8,2014-03-16,False,Sunday
3564,13,3220.762226,1042.237774,2014-03-16 06:00:00,4263.0,13.8,2014-03-16,False,Sunday
3565,14,3330.024668,1063.975332,2014-03-16 06:30:00,4394.0,13.7,2014-03-16,False,Sunday
3566,15,3348.148972,1023.851028,2014-03-16 07:00:00,4372.0,13.8,2014-03-16,False,Sunday
3567,16,3452.75058,1068.24942,2014-03-16 07:30:00,4521.0,14.1,2014-03-16,False,Sunday
3568,17,3609.058232,1052.941768,2014-03-16 08:00:00,4662.0,14.4,2014-03-16,False,Sunday
3569,18,3656.291254,1068.708746,2014-03-16 08:30:00,4725.0,14.8,2014-03-16,False,Sunday
3570,19,3656.540544,1021.459456,2014-03-16 09:00:00,4678.0,15.2,2014-03-16,False,Sunday
3571,20,3654.331326,966.668674,2014-03-16 09:30:00,4621.0,15.9,2014-03-16,False,Sunday
3572,21,3663.887152,1066.112848,2014-03-16 10:00:00,4730.0,16.9,2014-03-16,False,Sunday
3573,22,3663.608938,1086.391062,2014-03-16 10:30:00,4750.0,17.6,2014-03-16,False,Sunday
3574,23,3691.189536,1046.810464,2014-03-16 11:00:00,4738.0,18.3,2014-03-16,False,Sunday
3575,24,3690.572912,1086.427088,2014-03-16 11:30:00,4777.0,18.8,2014-03-16,False,Sunday
3576,25,3700.046276,1071.953724,2014-03-16 12:00:00,4772.0,18.5,2014-03-16,False,Sunday
3577,26,3657.095822,1063.904178,2014-03-16 12:30:00,4721.0,18.2,2014-03-16,False,Sunday
3578,27,3641.790578,1083.209422,2014-03-16 13:00:00,4725.0,18.4,2014-03-16,False,Sunday
3579,28,3664.172536,1054.827464,2014-03-16 13:30:00,4719.0,18.4,2014-03-16,False,Sunday
3580,29,3705.739018,1077.260982,2014-03-16 14:00:00,4783.0,19.8,2014-03-16,False,Sunday
3581,30,3765.50821,1079.49179,2014-03-16 14:30:00,4845.0,19.6,2014-03-16,False,Sunday
3582,31,3854.962264,1071.037736,2014-03-16 15:00:00,4926.0,19.2,2014-03-16,False,Sunday
3583,32,3920.540824,1086.459176,2014-03-16 15:30:00,5007.0,20.3,2014-03-16,False,Sunday
3584,33,3986.166788,1067.833212,2014-03-16 16:00:00,5054.0,19.6,2014-03-16,False,Sunday
3585,34,4085.4449,1067.5551,2014-03-16 16:30:00,5153.0,19.6,2014-03-16,False,Sunday
3586,35,4140.485914,1075.514086,2014-03-16 17:00:00,5216.0,19.7,2014-03-16,False,Sunday
3587,36,4142.634418,1060.365582,2014-03-16 17:30:00,5203.0,19.3,2014-03-16,False,Sunday
3588,37,4133.90745,1067.09255,2014-03-16 18:00:00,5201.0,17.9,2014-03-16,False,Sunday
3589,38,4179.140078,1075.859922,2014-03-16 18:30:00,5255.0,17.8,2014-03-16,False,Sunday
3590,39,4272.90532,1051.09468,2014-03-16 19:00:00,5324.0,17.2,2014-03-16,False,Sunday
3591,40,4204.887984,1083.112016,2014-03-16 19:30:00,5288.0,17.2,2014-03-16,False,Sunday
3592,41,4110.33402,1059.66598,2014-03-16 20:00:00,5170.0,16.7,2014-03-16,False,Sunday
3593,42,3970.226404,1070.773596,2014-03-16 20:30:00,5041.0,16.4,2014-03-16,False,Sunday
3594,43,3799.50662,1081.49338,2014-03-16 21:00:00,4881.0,16.0,2014-03-16,False,Sunday
3595,44,3594.822716,1058.177284,2014-03-16 21:30:00,4653.0,15.9,2014-03-16,False,Sunday
3596,45,3492.658652,1089.341348,2014-03-16 22:00:00,4582.0,15.6,2014-03-16,False,Sunday
3597,46,3497.588434,1069.411566,2014-03-16 22:30:00,4567.0,15.7,2014-03-16,False,Sunday
3598,47,3852.482194,1076.517806,2014-03-16 23:00:00,4929.0,15.8,2014-03-16,False,Sunday
3599,48,3982.633314,1060.366686,2014-03-16 23:30:00,5043.0,16.2,2014-03-16,False,Sunday
3600,1,3724.953824,1072.046176,2014-03-17 00:00:00,4797.0,16.0,2014-03-17,False,Monday
3601,2,3487.176828,1081.823172,2014-03-17 00:30:00,4569.0,16.3,2014-03-17,False,Monday
3602,3,3325.846754,1057.153246,2014-03-17 01:00:00,4383.0,16.7,2014-03-17,False,Monday
3603,4,3210.431858,1065.568142,2014-03-17 01:30:00,4276.0,16.3,2014-03-17,False,Monday
3604,5,3111.956306,1076.043694,2014-03-17 02:00:00,4188.0,16.9,2014-03-17,False,Monday
3605,6,3051.353476,1063.646524,2014-03-17 02:30:00,4115.0,16.6,2014-03-17,False,Monday
3606,7,3051.39503,1078.60497,2014-03-17 03:00:00,4130.0,16.3,2014-03-17,False,Monday
3607,8,3073.206102,1060.793898,2014-03-17 03:30:00,4134.0,16.4,2014-03-17,False,Monday
3608,9,3198.073092,1061.926908,2014-03-17 04:00:00,4260.0,16.2,2014-03-17,False,Monday
3609,10,3421.948174,1063.051826,2014-03-17 04:30:00,4485.0,16.0,2014-03-17,False,Monday
3610,11,3819.811438,1035.188562,2014-03-17 05:00:00,4855.0,16.1,2014-03-17,False,Monday
3611,12,4221.43109,1081.56891,2014-03-17 05:30:00,5303.0,16.0,2014-03-17,False,Monday
3612,13,4690.822526,1070.177474,2014-03-17 06:00:00,5761.0,15.9,2014-03-17,False,Monday
3613,14,4958.30003,1081.69997,2014-03-17 06:30:00,6040.0,15.8,2014-03-17,False,Monday
3614,15,4850.536728,1099.463272,2014-03-17 07:00:00,5950.0,15.8,2014-03-17,False,Monday
3615,16,4834.74827,1067.25173,2014-03-17 07:30:00,5902.0,16.6,2014-03-17,False,Monday
3616,17,4872.867406,1054.132594,2014-03-17 08:00:00,5927.0,17.4,2014-03-17,False,Monday
3617,18,4877.360066,1092.639934,2014-03-17 08:30:00,5970.0,17.9,2014-03-17,False,Monday
3618,19,4903.26296,1096.73704,2014-03-17 09:00:00,6000.0,18.6,2014-03-17,False,Monday
3619,20,4940.129246,1096.870754,2014-03-17 09:30:00,6037.0,19.6,2014-03-17,False,Monday
3620,21,4944.409164,1099.590836,2014-03-17 10:00:00,6044.0,19.9,2014-03-17,False,Monday
3621,22,4976.50951,1107.49049,2014-03-17 10:30:00,6084.0,20.3,2014-03-17,False,Monday
3622,23,4982.331164,1102.668836,2014-03-17 11:00:00,6085.0,19.7,2014-03-17,False,Monday
3623,24,4999.358918,1087.641082,2014-03-17 11:30:00,6087.0,20.3,2014-03-17,False,Monday
3624,25,5025.535658,1105.464342,2014-03-17 12:00:00,6131.0,21.0,2014-03-17,False,Monday
3625,26,5028.214642,1084.785358,2014-03-17 12:30:00,6113.0,22.2,2014-03-17,False,Monday
3626,27,5040.919008,1090.080992,2014-03-17 13:00:00,6131.0,23.0,2014-03-17,False,Monday
3627,28,5053.752246,1095.247754,2014-03-17 13:30:00,6149.0,23.6,2014-03-17,False,Monday
3628,29,5039.446976,1078.553024,2014-03-17 14:00:00,6118.0,23.4,2014-03-17,False,Monday
3629,30,5059.847694,1096.152306,2014-03-17 14:30:00,6156.0,24.3,2014-03-17,False,Monday
3630,31,5095.995552,1098.004448,2014-03-17 15:00:00,6194.0,24.0,2014-03-17,False,Monday
3631,32,5122.187632,1110.812368,2014-03-17 15:30:00,6233.0,24.5,2014-03-17,False,Monday
3632,33,5135.050808,1093.949192,2014-03-17 16:00:00,6229.0,24.5,2014-03-17,False,Monday
3633,34,5112.181648,1103.818352,2014-03-17 16:30:00,6216.0,24.7,2014-03-17,False,Monday
3634,35,4987.710434,1070.289566,2014-03-17 17:00:00,6058.0,22.6,2014-03-17,False,Monday
3635,36,4926.08913,1098.91087,2014-03-17 17:30:00,6025.0,20.8,2014-03-17,False,Monday
3636,37,4830.593456,1101.406544,2014-03-17 18:00:00,5932.0,20.7,2014-03-17,False,Monday
3637,38,4849.07334,1089.92666,2014-03-17 18:30:00,5939.0,20.4,2014-03-17,False,Monday
3638,39,4832.13908,1075.86092,2014-03-17 19:00:00,5908.0,19.5,2014-03-17,False,Monday
3639,40,4725.26684,1086.73316,2014-03-17 19:30:00,5812.0,19.3,2014-03-17,False,Monday
3640,41,4577.913944,1075.086056,2014-03-17 20:00:00,5653.0,18.8,2014-03-17,False,Monday
3641,42,4405.011086,1083.988914,2014-03-17 20:30:00,5489.0,18.8,2014-03-17,False,Monday
3642,43,4186.700272,1088.299728,2014-03-17 21:00:00,5275.0,18.8,2014-03-17,False,Monday
3643,44,3956.693636,1086.306364,2014-03-17 21:30:00,5043.0,18.6,2014-03-17,False,Monday
3644,45,3871.554236,1087.445764,2014-03-17 22:00:00,4959.0,18.4,2014-03-17,False,Monday
3645,46,3867.243898,1091.756102,2014-03-17 22:30:00,4959.0,18.2,2014-03-17,False,Monday
3646,47,4181.722326,1081.277674,2014-03-17 23:00:00,5263.0,17.9,2014-03-17,False,Monday
3647,48,4230.27404,1092.72596,2014-03-17 23:30:00,5323.0,17.7,2014-03-17,False,Monday
3648,1,3980.564144,1086.435856,2014-03-18 00:00:00,5067.0,17.7,2014-03-18,False,Tuesday
3649,2,3767.06217,1099.93783,2014-03-18 00:30:00,4867.0,17.7,2014-03-18,False,Tuesday
3650,3,3601.801826,1096.198174,2014-03-18 01:00:00,4698.0,17.8,2014-03-18,False,Tuesday
3651,4,3481.123464,1077.876536,2014-03-18 01:30:00,4559.0,17.6,2014-03-18,False,Tuesday
3652,5,3397.486808,1095.513192,2014-03-18 02:00:00,4493.0,17.6,2014-03-18,False,Tuesday
3653,6,3340.205182,1060.794818,2014-03-18 02:30:00,4401.0,17.3,2014-03-18,False,Tuesday
3654,7,3330.837762,1093.162238,2014-03-18 03:00:00,4424.0,17.0,2014-03-18,False,Tuesday
3655,8,3342.084302,1078.915698,2014-03-18 03:30:00,4421.0,16.1,2014-03-18,False,Tuesday
3656,9,3445.790242,1094.209758,2014-03-18 04:00:00,4540.0,16.7,2014-03-18,False,Tuesday
3657,10,3615.537738,1094.462262,2014-03-18 04:30:00,4710.0,16.7,2014-03-18,False,Tuesday
3658,11,3958.33436,1064.66564,2014-03-18 05:00:00,5023.0,16.5,2014-03-18,False,Tuesday
3659,12,4344.11048,1054.88952,2014-03-18 05:30:00,5399.0,16.3,2014-03-18,False,Tuesday
3660,13,4794.61891,1102.38109,2014-03-18 06:00:00,5897.0,16.0,2014-03-18,False,Tuesday
3661,14,5056.821868,1081.178132,2014-03-18 06:30:00,6138.0,16.1,2014-03-18,False,Tuesday
3662,15,4912.731054,1089.268946,2014-03-18 07:00:00,6002.0,16.3,2014-03-18,False,Tuesday
3663,16,4925.462888,1058.537112,2014-03-18 07:30:00,5984.0,17.8,2014-03-18,False,Tuesday
3664,17,4985.141162,1094.858838,2014-03-18 08:00:00,6080.0,18.4,2014-03-18,False,Tuesday
3665,18,4989.562664,1063.437336,2014-03-18 08:30:00,6053.0,18.5,2014-03-18,False,Tuesday
3666,19,4987.702504,1086.297496,2014-03-18 09:00:00,6074.0,19.2,2014-03-18,False,Tuesday
3667,20,4995.339596,1071.660404,2014-03-18 09:30:00,6067.0,20.2,2014-03-18,False,Tuesday
3668,21,5002.4881,1079.5119,2014-03-18 10:00:00,6082.0,20.0,2014-03-18,False,Tuesday
3669,22,5018.076468,1067.923532,2014-03-18 10:30:00,6086.0,20.4,2014-03-18,False,Tuesday
3670,23,5015.216768,1082.783232,2014-03-18 11:00:00,6098.0,21.4,2014-03-18,False,Tuesday
3671,24,5005.061428,1090.938572,2014-03-18 11:30:00,6096.0,20.9,2014-03-18,False,Tuesday
3672,25,5006.726008,1081.273992,2014-03-18 12:00:00,6088.0,22.0,2014-03-18,False,Tuesday
3673,26,5024.573022,1083.426978,2014-03-18 12:30:00,6108.0,23.1,2014-03-18,False,Tuesday
3674,27,5030.266754,1076.733246,2014-03-18 13:00:00,6107.0,22.6,2014-03-18,False,Tuesday
3675,28,5047.654896,1094.345104,2014-03-18 13:30:00,6142.0,23.8,2014-03-18,False,Tuesday
3676,29,5050.220348,1097.779652,2014-03-18 14:00:00,6148.0,23.8,2014-03-18,False,Tuesday
3677,30,5063.529506,1039.470494,2014-03-18 14:30:00,6103.0,23.9,2014-03-18,False,Tuesday
3678,31,5115.02632,1037.97368,2014-03-18 15:00:00,6153.0,23.6,2014-03-18,False,Tuesday
3679,32,5156.548752,1063.451248,2014-03-18 15:30:00,6220.0,23.5,2014-03-18,False,Tuesday
3680,33,5161.244292,1086.755708,2014-03-18 16:00:00,6248.0,24.1,2014-03-18,False,Tuesday
3681,34,5120.601298,1050.398702,2014-03-18 16:30:00,6171.0,23.7,2014-03-18,False,Tuesday
3682,35,4988.336938,1049.663062,2014-03-18 17:00:00,6038.0,23.5,2014-03-18,False,Tuesday
3683,36,4897.385816,1050.614184,2014-03-18 17:30:00,5948.0,23.0,2014-03-18,False,Tuesday
3684,37,4802.252388,1086.747612,2014-03-18 18:00:00,5889.0,22.1,2014-03-18,False,Tuesday
3685,38,4854.440074,1018.559926,2014-03-18 18:30:00,5873.0,21.0,2014-03-18,False,Tuesday
3686,39,4884.70625,1087.29375,2014-03-18 19:00:00,5972.0,19.6,2014-03-18,False,Tuesday
3687,40,4773.970568,1085.029432,2014-03-18 19:30:00,5859.0,18.9,2014-03-18,False,Tuesday
3688,41,4624.660144,1077.339856,2014-03-18 20:00:00,5702.0,18.7,2014-03-18,False,Tuesday
3689,42,4433.184084,1099.815916,2014-03-18 20:30:00,5533.0,18.4,2014-03-18,False,Tuesday
3690,43,4215.965916,1068.034084,2014-03-18 21:00:00,5284.0,18.3,2014-03-18,False,Tuesday
3691,44,3995.972892,1091.027108,2014-03-18 21:30:00,5087.0,18.0,2014-03-18,False,Tuesday
3692,45,3919.453,1095.547,2014-03-18 22:00:00,5015.0,17.5,2014-03-18,False,Tuesday
3693,46,3910.536546,1094.463454,2014-03-18 22:30:00,5005.0,17.4,2014-03-18,False,Tuesday
3694,47,4197.567388,1088.432612,2014-03-18 23:00:00,5286.0,17.8,2014-03-18,False,Tuesday
3695,48,4231.26052,1101.73948,2014-03-18 23:30:00,5333.0,17.3,2014-03-18,False,Tuesday
3696,1,3956.995014,1087.004986,2014-03-19 00:00:00,5044.0,16.5,2014-03-19,False,Wednesday
3697,2,3767.394782,1099.605218,2014-03-19 00:30:00,4867.0,16.5,2014-03-19,False,Wednesday
3698,3,3628.290754,1104.709246,2014-03-19 01:00:00,4733.0,16.0,2014-03-19,False,Wednesday
3699,4,3492.41549,1071.58451,2014-03-19 01:30:00,4564.0,15.3,2014-03-19,False,Wednesday
3700,5,3390.817286,1092.182714,2014-03-19 02:00:00,4483.0,15.6,2014-03-19,False,Wednesday
3701,6,3296.87533,1046.12467,2014-03-19 02:30:00,4343.0,15.7,2014-03-19,False,Wednesday
3702,7,3296.332748,1039.667252,2014-03-19 03:00:00,4336.0,15.5,2014-03-19,False,Wednesday
3703,8,3335.0919,1035.9081,2014-03-19 03:30:00,4371.0,15.4,2014-03-19,False,Wednesday
3704,9,3480.972962,1042.027038,2014-03-19 04:00:00,4523.0,15.1,2014-03-19,False,Wednesday
3705,10,3681.96368,1049.03632,2014-03-19 04:30:00,4731.0,14.7,2014-03-19,False,Wednesday
3706,11,4024.718346,1042.281654,2014-03-19 05:00:00,5067.0,14.5,2014-03-19,False,Wednesday
3707,12,4427.416974,1037.583026,2014-03-19 05:30:00,5465.0,14.3,2014-03-19,False,Wednesday
3708,13,4855.038042,1031.961958,2014-03-19 06:00:00,5887.0,14.1,2014-03-19,False,Wednesday
3709,14,5097.318484,1024.681516,2014-03-19 06:30:00,6122.0,13.8,2014-03-19,False,Wednesday
3710,15,4955.456556,1001.543444,2014-03-19 07:00:00,5957.0,14.0,2014-03-19,False,Wednesday
3711,16,4923.137664,1004.862336,2014-03-19 07:30:00,5928.0,15.3,2014-03-19,False,Wednesday
3712,17,4957.886968,1033.113032,2014-03-19 08:00:00,5991.0,15.9,2014-03-19,False,Wednesday
3713,18,4947.36163,1038.63837,2014-03-19 08:30:00,5986.0,16.5,2014-03-19,False,Wednesday
3714,19,4943.890634,1044.109366,2014-03-19 09:00:00,5988.0,16.9,2014-03-19,False,Wednesday
3715,20,4965.796364,1047.203636,2014-03-19 09:30:00,6013.0,17.8,2014-03-19,False,Wednesday
3716,21,4954.166718,1053.833282,2014-03-19 10:00:00,6008.0,19.1,2014-03-19,False,Wednesday
3717,22,4961.368918,1052.631082,2014-03-19 10:30:00,6014.0,19.1,2014-03-19,False,Wednesday
3718,23,4970.61171,1056.38829,2014-03-19 11:00:00,6027.0,20.6,2014-03-19,False,Wednesday
3719,24,4971.664736,1055.335264,2014-03-19 11:30:00,6027.0,19.8,2014-03-19,False,Wednesday
3720,25,4976.431608,1050.568392,2014-03-19 12:00:00,6027.0,21.0,2014-03-19,False,Wednesday
3721,26,4980.550666,1053.449334,2014-03-19 12:30:00,6034.0,21.4,2014-03-19,False,Wednesday
3722,27,4968.9218,1042.0782,2014-03-19 13:00:00,6011.0,20.9,2014-03-19,False,Wednesday
3723,28,4968.153662,1043.846338,2014-03-19 13:30:00,6012.0,21.4,2014-03-19,False,Wednesday
3724,29,4957.679044,1028.320956,2014-03-19 14:00:00,5986.0,20.8,2014-03-19,False,Wednesday
3725,30,4977.496394,1034.503606,2014-03-19 14:30:00,6012.0,22.2,2014-03-19,False,Wednesday
3726,31,5026.577998,1033.422002,2014-03-19 15:00:00,6060.0,21.8,2014-03-19,False,Wednesday
3727,32,5082.903632,1024.096368,2014-03-19 15:30:00,6107.0,21.1,2014-03-19,False,Wednesday
3728,33,5085.153782,1017.846218,2014-03-19 16:00:00,6103.0,21.1,2014-03-19,False,Wednesday
3729,34,5055.387536,1021.612464,2014-03-19 16:30:00,6077.0,21.6,2014-03-19,False,Wednesday
3730,35,4946.937172,1030.062828,2014-03-19 17:00:00,5977.0,21.2,2014-03-19,False,Wednesday
3731,36,4889.720254,1033.279746,2014-03-19 17:30:00,5923.0,20.1,2014-03-19,False,Wednesday
3732,37,4799.252556,1027.747444,2014-03-19 18:00:00,5827.0,19.8,2014-03-19,False,Wednesday
3733,38,4852.406226,1028.593774,2014-03-19 18:30:00,5881.0,19.6,2014-03-19,False,Wednesday
3734,39,4879.987572,1032.012428,2014-03-19 19:00:00,5912.0,19.4,2014-03-19,False,Wednesday
3735,40,4761.670872,1031.329128,2014-03-19 19:30:00,5793.0,18.2,2014-03-19,False,Wednesday
3736,41,4615.003976,1025.996024,2014-03-19 20:00:00,5641.0,17.6,2014-03-19,False,Wednesday
3737,42,4440.963318,1027.036682,2014-03-19 20:30:00,5468.0,17.2,2014-03-19,False,Wednesday
3738,43,4229.888026,1014.111974,2014-03-19 21:00:00,5244.0,17.0,2014-03-19,False,Wednesday
3739,44,3999.755362,1035.244638,2014-03-19 21:30:00,5035.0,16.7,2014-03-19,False,Wednesday
3740,45,3906.944312,1024.055688,2014-03-19 22:00:00,4931.0,16.5,2014-03-19,False,Wednesday
3741,46,3885.501268,1016.498732,2014-03-19 22:30:00,4902.0,15.9,2014-03-19,False,Wednesday
3742,47,4170.348756,1021.651244,2014-03-19 23:00:00,5192.0,15.4,2014-03-19,False,Wednesday
3743,48,4215.593096,1023.406904,2014-03-19 23:30:00,5239.0,15.6,2014-03-19,False,Wednesday
3744,1,3963.594356,1033.405644,2014-03-20 00:00:00,4997.0,14.9,2014-03-20,False,Thursday
3745,2,3773.644668,1033.355332,2014-03-20 00:30:00,4807.0,14.7,2014-03-20,False,Thursday
3746,3,3643.452296,1028.547704,2014-03-20 01:00:00,4672.0,14.3,2014-03-20,False,Thursday
3747,4,3497.179736,1025.820264,2014-03-20 01:30:00,4523.0,14.0,2014-03-20,False,Thursday
3748,5,3391.630904,1023.369096,2014-03-20 02:00:00,4415.0,13.7,2014-03-20,False,Thursday
3749,6,3343.936212,1019.063788,2014-03-20 02:30:00,4363.0,13.2,2014-03-20,False,Thursday
3750,7,3327.387932,1012.612068,2014-03-20 03:00:00,4340.0,13.1,2014-03-20,False,Thursday
3751,8,3361.308552,1013.691448,2014-03-20 03:30:00,4375.0,12.9,2014-03-20,False,Thursday
3752,9,3511.204986,1014.795014,2014-03-20 04:00:00,4526.0,12.5,2014-03-20,False,Thursday
3753,10,3700.448732,1022.551268,2014-03-20 04:30:00,4723.0,12.1,2014-03-20,False,Thursday
3754,11,4036.859984,1032.140016,2014-03-20 05:00:00,5069.0,11.7,2014-03-20,False,Thursday
3755,12,4419.026654,1031.973346,2014-03-20 05:30:00,5451.0,11.2,2014-03-20,False,Thursday
3756,13,4850.137926,1030.862074,2014-03-20 06:00:00,5881.0,11.4,2014-03-20,False,Thursday
3757,14,5120.339152,1023.660848,2014-03-20 06:30:00,6144.0,11.4,2014-03-20,False,Thursday
3758,15,4968.97258,1022.02742,2014-03-20 07:00:00,5991.0,11.4,2014-03-20,False,Thursday
3759,16,4935.472194,1028.527806,2014-03-20 07:30:00,5964.0,13.0,2014-03-20,False,Thursday
3760,17,4954.33556,1037.66444,2014-03-20 08:00:00,5992.0,14.7,2014-03-20,False,Thursday
3761,18,4942.445802,1030.554198,2014-03-20 08:30:00,5973.0,15.3,2014-03-20,False,Thursday
3762,19,4948.87778,1024.12222,2014-03-20 09:00:00,5973.0,17.3,2014-03-20,False,Thursday
3763,20,4978.381726,1033.618274,2014-03-20 09:30:00,6012.0,19.5,2014-03-20,False,Thursday
3764,21,5061.583302,1034.416698,2014-03-20 10:00:00,6096.0,22.9,2014-03-20,False,Thursday
3765,22,5107.894912,1040.105088,2014-03-20 10:30:00,6148.0,24.6,2014-03-20,False,Thursday
3766,23,5147.471354,1039.528646,2014-03-20 11:00:00,6187.0,25.0,2014-03-20,False,Thursday
3767,24,5227.358758,1039.641242,2014-03-20 11:30:00,6267.0,26.3,2014-03-20,False,Thursday
3768,25,5296.253352,1036.746648,2014-03-20 12:00:00,6333.0,27.0,2014-03-20,False,Thursday
3769,26,5338.43071,1035.56929,2014-03-20 12:30:00,6374.0,28.2,2014-03-20,False,Thursday
3770,27,5387.631038,1039.368962,2014-03-20 13:00:00,6427.0,28.0,2014-03-20,False,Thursday
3771,28,5439.948886,1042.051114,2014-03-20 13:30:00,6482.0,28.9,2014-03-20,False,Thursday
3772,29,5492.445808,1035.554192,2014-03-20 14:00:00,6528.0,29.3,2014-03-20,False,Thursday
3773,30,5554.432882,1034.567118,2014-03-20 14:30:00,6589.0,29.6,2014-03-20,False,Thursday
3774,31,5639.543428,1036.456572,2014-03-20 15:00:00,6676.0,29.7,2014-03-20,False,Thursday
3775,32,5703.404816,1035.595184,2014-03-20 15:30:00,6739.0,30.4,2014-03-20,False,Thursday
3776,33,5743.518094,1036.481906,2014-03-20 16:00:00,6780.0,30.5,2014-03-20,False,Thursday
3777,34,5735.176974,1035.823026,2014-03-20 16:30:00,6771.0,30.7,2014-03-20,False,Thursday
3778,35,5578.389682,1031.610318,2014-03-20 17:00:00,6610.0,30.2,2014-03-20,False,Thursday
3779,36,5476.220554,1030.779446,2014-03-20 17:30:00,6507.0,29.7,2014-03-20,False,Thursday
3780,37,5314.073232,1027.926768,2014-03-20 18:00:00,6342.0,28.8,2014-03-20,False,Thursday
3781,38,5294.140736,1028.859264,2014-03-20 18:30:00,6323.0,28.3,2014-03-20,False,Thursday
3782,39,5291.829068,1031.170932,2014-03-20 19:00:00,6323.0,26.5,2014-03-20,False,Thursday
3783,40,5133.696462,1038.303538,2014-03-20 19:30:00,6172.0,26.3,2014-03-20,False,Thursday
3784,41,4920.626274,1040.373726,2014-03-20 20:00:00,5961.0,26.1,2014-03-20,False,Thursday
3785,42,4684.27136,1034.72864,2014-03-20 20:30:00,5719.0,25.3,2014-03-20,False,Thursday
3786,43,4439.684768,1019.315232,2014-03-20 21:00:00,5459.0,23.8,2014-03-20,False,Thursday
3787,44,4215.22689,1023.77311,2014-03-20 21:30:00,5239.0,22.5,2014-03-20,False,Thursday
3788,45,4117.642216,1024.357784,2014-03-20 22:00:00,5142.0,22.1,2014-03-20,False,Thursday
3789,46,4096.404798,1028.595202,2014-03-20 22:30:00,5125.0,20.8,2014-03-20,False,Thursday
3790,47,4350.872028,1040.127972,2014-03-20 23:00:00,5391.0,20.1,2014-03-20,False,Thursday
3791,48,4371.89491,1041.10509,2014-03-20 23:30:00,5413.0,19.3,2014-03-20,False,Thursday
3792,1,4092.029818,1035.970182,2014-03-21 00:00:00,5128.0,19.0,2014-03-21,False,Friday
3793,2,3881.699414,1035.300586,2014-03-21 00:30:00,4917.0,18.7,2014-03-21,False,Friday
3794,3,3722.191294,1032.808706,2014-03-21 01:00:00,4755.0,19.0,2014-03-21,False,Friday
3795,4,3591.189894,1034.810106,2014-03-21 01:30:00,4626.0,18.6,2014-03-21,False,Friday
3796,5,3512.068422,1036.931578,2014-03-21 02:00:00,4549.0,18.3,2014-03-21,False,Friday
3797,6,3465.428088,1036.571912,2014-03-21 02:30:00,4502.0,18.2,2014-03-21,False,Friday
3798,7,3459.385692,1033.614308,2014-03-21 03:00:00,4493.0,17.8,2014-03-21,False,Friday
3799,8,3483.35403,1024.64597,2014-03-21 03:30:00,4508.0,17.8,2014-03-21,False,Friday
3800,9,3592.672036,1026.327964,2014-03-21 04:00:00,4619.0,18.2,2014-03-21,False,Friday
3801,10,3777.020052,1020.979948,2014-03-21 04:30:00,4798.0,19.0,2014-03-21,False,Friday
3802,11,4127.54363,1029.45637,2014-03-21 05:00:00,5157.0,19.1,2014-03-21,False,Friday
3803,12,4498.097494,1028.902506,2014-03-21 05:30:00,5527.0,18.2,2014-03-21,False,Friday
3804,13,4907.722782,1050.277218,2014-03-21 06:00:00,5958.0,19.2,2014-03-21,False,Friday
3805,14,5159.063822,1083.936178,2014-03-21 06:30:00,6243.0,20.6,2014-03-21,False,Friday
3806,15,5079.040876,1036.959124,2014-03-21 07:00:00,6116.0,21.1,2014-03-21,False,Friday
3807,16,5103.726278,1072.273722,2014-03-21 07:30:00,6176.0,22.0,2014-03-21,False,Friday
3808,17,5168.071368,1055.928632,2014-03-21 08:00:00,6224.0,22.0,2014-03-21,False,Friday
3809,18,5195.976012,1062.023988,2014-03-21 08:30:00,6258.0,22.5,2014-03-21,False,Friday
3810,19,5210.350246,1054.649754,2014-03-21 09:00:00,6265.0,22.4,2014-03-21,False,Friday
3811,20,5247.336536,1049.663464,2014-03-21 09:30:00,6297.0,22.1,2014-03-21,False,Friday
3812,21,5295.554746,1065.445254,2014-03-21 10:00:00,6361.0,22.0,2014-03-21,False,Friday
3813,22,5320.44753,1044.55247,2014-03-21 10:30:00,6365.0,21.7,2014-03-21,False,Friday
3814,23,5341.369378,1064.630622,2014-03-21 11:00:00,6406.0,21.4,2014-03-21,False,Friday
3815,24,5327.091726,1066.908274,2014-03-21 11:30:00,6394.0,21.8,2014-03-21,False,Friday
3816,25,5307.433556,1064.566444,2014-03-21 12:00:00,6372.0,21.9,2014-03-21,False,Friday
3817,26,5357.331642,1072.668358,2014-03-21 12:30:00,6430.0,22.9,2014-03-21,False,Friday
3818,27,5340.252628,1064.747372,2014-03-21 13:00:00,6405.0,22.5,2014-03-21,False,Friday
3819,28,5304.65248,1078.34752,2014-03-21 13:30:00,6383.0,22.4,2014-03-21,False,Friday
3820,29,5222.087698,1047.912302,2014-03-21 14:00:00,6270.0,21.4,2014-03-21,False,Friday
3821,30,5171.962266,1070.037734,2014-03-21 14:30:00,6242.0,22.7,2014-03-21,False,Friday
3822,31,5182.86827,1054.13173,2014-03-21 15:00:00,6237.0,22.7,2014-03-21,False,Friday
3823,32,5165.118026,1078.881974,2014-03-21 15:30:00,6244.0,21.8,2014-03-21,False,Friday
3824,33,5124.933594,1069.066406,2014-03-21 16:00:00,6194.0,21.5,2014-03-21,False,Friday
3825,34,5100.593088,1065.406912,2014-03-21 16:30:00,6166.0,20.2,2014-03-21,False,Friday
3826,35,5007.753472,1074.246528,2014-03-21 17:00:00,6082.0,19.1,2014-03-21,False,Friday
3827,36,4952.236016,1073.763984,2014-03-21 17:30:00,6026.0,18.0,2014-03-21,False,Friday
3828,37,4855.67599,1078.32401,2014-03-21 18:00:00,5934.0,17.7,2014-03-21,False,Friday
3829,38,4848.046102,1074.953898,2014-03-21 18:30:00,5923.0,17.5,2014-03-21,False,Friday
3830,39,4795.368214,1053.631786,2014-03-21 19:00:00,5849.0,17.5,2014-03-21,False,Friday
3831,40,4659.960998,1057.039002,2014-03-21 19:30:00,5717.0,17.4,2014-03-21,False,Friday
3832,41,4487.995504,1068.004496,2014-03-21 20:00:00,5556.0,17.1,2014-03-21,False,Friday
3833,42,4322.509454,1082.490546,2014-03-21 20:30:00,5405.0,16.8,2014-03-21,False,Friday
3834,43,4136.29181,1059.70819,2014-03-21 21:00:00,5196.0,16.6,2014-03-21,False,Friday
3835,44,3957.1785,1070.8215,2014-03-21 21:30:00,5028.0,15.3,2014-03-21,False,Friday
3836,45,3886.353682,1081.646318,2014-03-21 22:00:00,4968.0,15.3,2014-03-21,False,Friday
3837,46,3886.256964,1054.743036,2014-03-21 22:30:00,4941.0,15.0,2014-03-21,False,Friday
3838,47,4163.04977,1078.95023,2014-03-21 23:00:00,5242.0,14.9,2014-03-21,False,Friday
3839,48,4181.276576,1060.723424,2014-03-21 23:30:00,5242.0,14.3,2014-03-21,False,Friday
3840,1,3909.760148,1071.239852,2014-03-22 00:00:00,4981.0,14.4,2014-03-22,False,Saturday
3841,2,3673.105766,1082.894234,2014-03-22 00:30:00,4756.0,14.8,2014-03-22,False,Saturday
3842,3,3502.043758,1061.956242,2014-03-22 01:00:00,4564.0,14.5,2014-03-22,False,Saturday
3843,4,3335.340096,1061.659904,2014-03-22 01:30:00,4397.0,14.3,2014-03-22,False,Saturday
3844,5,3216.138598,1055.861402,2014-03-22 02:00:00,4272.0,14.6,2014-03-22,False,Saturday
3845,6,3143.099124,1063.900876,2014-03-22 02:30:00,4207.0,13.8,2014-03-22,False,Saturday
3846,7,3116.679418,1079.320582,2014-03-22 03:00:00,4196.0,13.3,2014-03-22,False,Saturday
3847,8,3110.09785,1061.90215,2014-03-22 03:30:00,4172.0,13.8,2014-03-22,False,Saturday
3848,9,3141.160078,1066.839922,2014-03-22 04:00:00,4208.0,14.3,2014-03-22,False,Saturday
3849,10,3201.092972,1061.907028,2014-03-22 04:30:00,4263.0,14.1,2014-03-22,False,Saturday
3850,11,3338.676882,1045.323118,2014-03-22 05:00:00,4384.0,13.8,2014-03-22,False,Saturday
3851,12,3523.352524,1054.647476,2014-03-22 05:30:00,4578.0,14.0,2014-03-22,False,Saturday
3852,13,3759.214464,1068.785536,2014-03-22 06:00:00,4828.0,14.5,2014-03-22,False,Saturday
3853,14,3945.071994,1048.928006,2014-03-22 06:30:00,4994.0,14.6,2014-03-22,False,Saturday
3854,15,3973.126984,1053.873016,2014-03-22 07:00:00,5027.0,14.8,2014-03-22,False,Saturday
3855,16,4091.494172,1057.505828,2014-03-22 07:30:00,5149.0,14.1,2014-03-22,False,Saturday
3856,17,4166.32041,1050.67959,2014-03-22 08:00:00,5217.0,14.0,2014-03-22,False,Saturday
3857,18,4169.080552,1073.919448,2014-03-22 08:30:00,5243.0,14.3,2014-03-22,False,Saturday
3858,19,4192.679152,1048.320848,2014-03-22 09:00:00,5241.0,15.4,2014-03-22,False,Saturday
3859,20,4183.61169,1057.38831,2014-03-22 09:30:00,5241.0,17.3,2014-03-22,False,Saturday
3860,21,4172.085004,1068.914996,2014-03-22 10:00:00,5241.0,18.2,2014-03-22,False,Saturday
3861,22,4148.18975,1055.81025,2014-03-22 10:30:00,5204.0,17.0,2014-03-22,False,Saturday
3862,23,4121.244504,1059.755496,2014-03-22 11:00:00,5181.0,17.1,2014-03-22,False,Saturday
3863,24,4092.216954,1038.783046,2014-03-22 11:30:00,5131.0,17.5,2014-03-22,False,Saturday
3864,25,4048.028114,1056.971886,2014-03-22 12:00:00,5105.0,17.9,2014-03-22,False,Saturday
3865,26,4018.760042,1065.239958,2014-03-22 12:30:00,5084.0,17.9,2014-03-22,False,Saturday
3866,27,4001.13525,1050.86475,2014-03-22 13:00:00,5052.0,17.5,2014-03-22,False,Saturday
3867,28,3992.881086,1051.118914,2014-03-22 13:30:00,5044.0,18.3,2014-03-22,False,Saturday
3868,29,3968.178694,1060.821306,2014-03-22 14:00:00,5029.0,18.1,2014-03-22,False,Saturday
3869,30,3954.75576,1048.24424,2014-03-22 14:30:00,5003.0,19.0,2014-03-22,False,Saturday
3870,31,3991.817418,1067.182582,2014-03-22 15:00:00,5059.0,19.4,2014-03-22,False,Saturday
3871,32,4072.369854,1021.630146,2014-03-22 15:30:00,5094.0,18.3,2014-03-22,False,Saturday
3872,33,4146.51076,1064.48924,2014-03-22 16:00:00,5211.0,18.3,2014-03-22,False,Saturday
3873,34,4226.45497,1023.54503,2014-03-22 16:30:00,5250.0,18.3,2014-03-22,False,Saturday
3874,35,4251.992366,1060.007634,2014-03-22 17:00:00,5312.0,17.9,2014-03-22,False,Saturday
3875,36,4259.577352,1045.422648,2014-03-22 17:30:00,5305.0,17.2,2014-03-22,False,Saturday
3876,37,4263.912962,1050.087038,2014-03-22 18:00:00,5314.0,17.2,2014-03-22,False,Saturday
3877,38,4334.533054,1044.466946,2014-03-22 18:30:00,5379.0,16.7,2014-03-22,False,Saturday
3878,39,4285.428828,1061.571172,2014-03-22 19:00:00,5347.0,16.8,2014-03-22,False,Saturday
3879,40,4195.056366,1069.943634,2014-03-22 19:30:00,5265.0,16.4,2014-03-22,False,Saturday
3880,41,4089.305366,1059.694634,2014-03-22 20:00:00,5149.0,16.1,2014-03-22,False,Saturday
3881,42,3993.269138,1061.730862,2014-03-22 20:30:00,5055.0,16.0,2014-03-22,False,Saturday
3882,43,3861.795098,1062.204902,2014-03-22 21:00:00,4924.0,15.8,2014-03-22,False,Saturday
3883,44,3710.627234,1060.372766,2014-03-22 21:30:00,4771.0,15.6,2014-03-22,False,Saturday
3884,45,3664.799716,1051.200284,2014-03-22 22:00:00,4716.0,15.7,2014-03-22,False,Saturday
3885,46,3684.554694,1055.445306,2014-03-22 22:30:00,4740.0,15.7,2014-03-22,False,Saturday
3886,47,3979.098756,1069.901244,2014-03-22 23:00:00,5049.0,15.7,2014-03-22,False,Saturday
3887,48,4029.36874,1060.63126,2014-03-22 23:30:00,5090.0,15.5,2014-03-22,False,Saturday
3888,1,3798.726306,1070.273694,2014-03-23 00:00:00,4869.0,15.4,2014-03-23,False,Sunday
3889,2,3609.327354,1077.672646,2014-03-23 00:30:00,4687.0,15.4,2014-03-23,False,Sunday
3890,3,3431.98327,1044.01673,2014-03-23 01:00:00,4476.0,15.4,2014-03-23,False,Sunday
3891,4,3272.56742,1066.43258,2014-03-23 01:30:00,4339.0,15.4,2014-03-23,False,Sunday
3892,5,3148.657504,1044.342496,2014-03-23 02:00:00,4193.0,15.3,2014-03-23,False,Sunday
3893,6,3067.064108,1048.935892,2014-03-23 02:30:00,4116.0,15.3,2014-03-23,False,Sunday
3894,7,3013.627402,1040.372598,2014-03-23 03:00:00,4054.0,15.3,2014-03-23,False,Sunday
3895,8,2993.829486,1054.170514,2014-03-23 03:30:00,4048.0,15.1,2014-03-23,False,Sunday
3896,9,3006.894412,1044.105588,2014-03-23 04:00:00,4051.0,15.2,2014-03-23,False,Sunday
3897,10,3034.938956,1056.061044,2014-03-23 04:30:00,4091.0,15.4,2014-03-23,False,Sunday
3898,11,3116.51369,1056.48631,2014-03-23 05:00:00,4173.0,15.2,2014-03-23,False,Sunday
3899,12,3199.388534,1045.611466,2014-03-23 05:30:00,4245.0,14.7,2014-03-23,False,Sunday
3900,13,3349.023116,1050.976884,2014-03-23 06:00:00,4400.0,14.6,2014-03-23,False,Sunday
3901,14,3481.367894,1045.632106,2014-03-23 06:30:00,4527.0,14.6,2014-03-23,False,Sunday
3902,15,3499.23517,1058.76483,2014-03-23 07:00:00,4558.0,14.6,2014-03-23,False,Sunday
3903,16,3621.894582,1056.105418,2014-03-23 07:30:00,4678.0,14.9,2014-03-23,False,Sunday
3904,17,3734.26657,1061.73343,2014-03-23 08:00:00,4796.0,14.1,2014-03-23,False,Sunday
3905,18,3808.382516,1062.617484,2014-03-23 08:30:00,4871.0,14.6,2014-03-23,False,Sunday
3906,19,3896.261462,1069.738538,2014-03-23 09:00:00,4966.0,14.7,2014-03-23,False,Sunday
3907,20,3905.843482,1057.156518,2014-03-23 09:30:00,4963.0,14.6,2014-03-23,False,Sunday
3908,21,3909.964244,1072.035756,2014-03-23 10:00:00,4982.0,14.7,2014-03-23,False,Sunday
3909,22,3910.91887,1021.08113,2014-03-23 10:30:00,4932.0,15.4,2014-03-23,False,Sunday
3910,23,3915.492254,1025.507746,2014-03-23 11:00:00,4941.0,16.1,2014-03-23,False,Sunday
3911,24,3889.311926,1072.688074,2014-03-23 11:30:00,4962.0,16.2,2014-03-23,False,Sunday
3912,25,3845.821116,1047.178884,2014-03-23 12:00:00,4893.0,16.3,2014-03-23,False,Sunday
3913,26,3817.956278,1061.043722,2014-03-23 12:30:00,4879.0,16.6,2014-03-23,False,Sunday
3914,27,3819.134158,1053.865842,2014-03-23 13:00:00,4873.0,18.2,2014-03-23,False,Sunday
3915,28,3815.077386,1053.922614,2014-03-23 13:30:00,4869.0,18.3,2014-03-23,False,Sunday
3916,29,3830.884544,1056.115456,2014-03-23 14:00:00,4887.0,18.7,2014-03-23,False,Sunday
3917,30,3850.233212,1066.766788,2014-03-23 14:30:00,4917.0,17.5,2014-03-23,False,Sunday
3918,31,3903.40913,1059.59087,2014-03-23 15:00:00,4963.0,17.4,2014-03-23,False,Sunday
3919,32,3988.040738,1079.959262,2014-03-23 15:30:00,5068.0,17.5,2014-03-23,False,Sunday
3920,33,4056.809748,1066.190252,2014-03-23 16:00:00,5123.0,17.5,2014-03-23,False,Sunday
3921,34,4154.471014,1068.528986,2014-03-23 16:30:00,5223.0,17.1,2014-03-23,False,Sunday
3922,35,4214.202244,1075.797756,2014-03-23 17:00:00,5290.0,17.1,2014-03-23,False,Sunday
3923,36,4236.33784,1052.66216,2014-03-23 17:30:00,5289.0,16.7,2014-03-23,False,Sunday
3924,37,4211.394578,1046.605422,2014-03-23 18:00:00,5258.0,16.5,2014-03-23,False,Sunday
3925,38,4322.36403,1047.63597,2014-03-23 18:30:00,5370.0,15.8,2014-03-23,False,Sunday
3926,39,4363.459256,1055.540744,2014-03-23 19:00:00,5419.0,15.9,2014-03-23,False,Sunday
3927,40,4296.655554,1067.344446,2014-03-23 19:30:00,5364.0,15.5,2014-03-23,False,Sunday
3928,41,4174.703464,1068.296536,2014-03-23 20:00:00,5243.0,15.4,2014-03-23,False,Sunday
3929,42,4035.545236,1063.454764,2014-03-23 20:30:00,5099.0,15.3,2014-03-23,False,Sunday
3930,43,3869.131288,1067.868712,2014-03-23 21:00:00,4937.0,14.7,2014-03-23,False,Sunday
3931,44,3690.90605,1046.09395,2014-03-23 21:30:00,4737.0,14.2,2014-03-23,False,Sunday
3932,45,3609.143974,1064.856026,2014-03-23 22:00:00,4674.0,14.6,2014-03-23,False,Sunday
3933,46,3618.022836,1068.977164,2014-03-23 22:30:00,4687.0,14.2,2014-03-23,False,Sunday
3934,47,3922.677086,1064.322914,2014-03-23 23:00:00,4987.0,14.3,2014-03-23,False,Sunday
3935,48,4012.757974,1074.242026,2014-03-23 23:30:00,5087.0,13.6,2014-03-23,False,Sunday
3936,1,3823.35207,1073.64793,2014-03-24 00:00:00,4897.0,13.3,2014-03-24,False,Monday
3937,2,3655.561,1078.439,2014-03-24 00:30:00,4734.0,13.8,2014-03-24,False,Monday
3938,3,3508.928544,1082.071456,2014-03-24 01:00:00,4591.0,14.1,2014-03-24,False,Monday
3939,4,3363.655884,1085.344116,2014-03-24 01:30:00,4449.0,13.7,2014-03-24,False,Monday
3940,5,3247.28257,1076.71743,2014-03-24 02:00:00,4324.0,14.0,2014-03-24,False,Monday
3941,6,3180.869492,1076.130508,2014-03-24 02:30:00,4257.0,14.0,2014-03-24,False,Monday
3942,7,3166.148354,1085.851646,2014-03-24 03:00:00,4252.0,13.8,2014-03-24,False,Monday
3943,8,3200.718226,1080.281774,2014-03-24 03:30:00,4281.0,13.5,2014-03-24,False,Monday
3944,9,3341.304958,1079.695042,2014-03-24 04:00:00,4421.0,13.6,2014-03-24,False,Monday
3945,10,3544.14206,1099.85794,2014-03-24 04:30:00,4644.0,13.4,2014-03-24,False,Monday
3946,11,3916.74484,1063.25516,2014-03-24 05:00:00,4980.0,13.3,2014-03-24,False,Monday
3947,12,4310.857902,1105.142098,2014-03-24 05:30:00,5416.0,13.5,2014-03-24,False,Monday
3948,13,4846.564404,1086.435596,2014-03-24 06:00:00,5933.0,13.6,2014-03-24,False,Monday
3949,14,5181.45401,1103.54599,2014-03-24 06:30:00,6285.0,12.9,2014-03-24,False,Monday
3950,15,5023.385992,1103.614008,2014-03-24 07:00:00,6127.0,12.8,2014-03-24,False,Monday
3951,16,5007.303568,1108.696432,2014-03-24 07:30:00,6116.0,13.8,2014-03-24,False,Monday
3952,17,5041.933198,1100.066802,2014-03-24 08:00:00,6142.0,12.5,2014-03-24,False,Monday
3953,18,4994.19739,1108.80261,2014-03-24 08:30:00,6103.0,12.2,2014-03-24,False,Monday
3954,19,4977.624764,1112.375236,2014-03-24 09:00:00,6090.0,12.5,2014-03-24,False,Monday
3955,20,4954.256886,1112.743114,2014-03-24 09:30:00,6067.0,13.8,2014-03-24,False,Monday
3956,21,4972.446528,1080.553472,2014-03-24 10:00:00,6053.0,14.8,2014-03-24,False,Monday
3957,22,4975.47189,1113.52811,2014-03-24 10:30:00,6089.0,15.2,2014-03-24,False,Monday
3958,23,4952.523288,1076.476712,2014-03-24 11:00:00,6029.0,15.8,2014-03-24,False,Monday
3959,24,4942.19892,1124.80108,2014-03-24 11:30:00,6067.0,16.9,2014-03-24,False,Monday
3960,25,4951.72358,1089.27642,2014-03-24 12:00:00,6041.0,17.0,2014-03-24,False,Monday
3961,26,4936.726834,1091.273166,2014-03-24 12:30:00,6028.0,17.6,2014-03-24,False,Monday
3962,27,4909.79791,1077.20209,2014-03-24 13:00:00,5987.0,18.0,2014-03-24,False,Monday
3963,28,4886.04727,1109.95273,2014-03-24 13:30:00,5996.0,18.2,2014-03-24,False,Monday
3964,29,4857.463352,1096.536648,2014-03-24 14:00:00,5954.0,18.4,2014-03-24,False,Monday
3965,30,4848.714012,1114.285988,2014-03-24 14:30:00,5963.0,18.0,2014-03-24,False,Monday
3966,31,4903.718422,1103.281578,2014-03-24 15:00:00,6007.0,18.8,2014-03-24,False,Monday
3967,32,4944.181138,1117.818862,2014-03-24 15:30:00,6062.0,18.2,2014-03-24,False,Monday
3968,33,4980.836034,1101.163966,2014-03-24 16:00:00,6082.0,18.0,2014-03-24,False,Monday
3969,34,4972.764262,1111.235738,2014-03-24 16:30:00,6084.0,18.3,2014-03-24,False,Monday
3970,35,4928.098944,1079.901056,2014-03-24 17:00:00,6008.0,18.0,2014-03-24,False,Monday
3971,36,4868.040078,1093.959922,2014-03-24 17:30:00,5962.0,17.8,2014-03-24,False,Monday
3972,37,4790.705584,1092.294416,2014-03-24 18:00:00,5883.0,17.7,2014-03-24,False,Monday
3973,38,4864.096214,1099.903786,2014-03-24 18:30:00,5964.0,17.1,2014-03-24,False,Monday
3974,39,4852.192286,1110.807714,2014-03-24 19:00:00,5963.0,17.0,2014-03-24,False,Monday
3975,40,4744.11349,1099.88651,2014-03-24 19:30:00,5844.0,16.5,2014-03-24,False,Monday
3976,41,4589.334842,1097.665158,2014-03-24 20:00:00,5687.0,16.2,2014-03-24,False,Monday
3977,42,4429.122456,1107.877544,2014-03-24 20:30:00,5537.0,15.8,2014-03-24,False,Monday
3978,43,4189.809018,1107.190982,2014-03-24 21:00:00,5297.0,15.6,2014-03-24,False,Monday
3979,44,3951.035638,1091.964362,2014-03-24 21:30:00,5043.0,15.3,2014-03-24,False,Monday
3980,45,3852.914988,1112.085012,2014-03-24 22:00:00,4965.0,15.2,2014-03-24,False,Monday
3981,46,3851.157692,1097.842308,2014-03-24 22:30:00,4949.0,15.0,2014-03-24,False,Monday
3982,47,4137.568448,1069.431552,2014-03-24 23:00:00,5207.0,15.0,2014-03-24,False,Monday
3983,48,4197.652964,1092.347036,2014-03-24 23:30:00,5290.0,14.0,2014-03-24,False,Monday
3984,1,3988.35635,1126.64365,2014-03-25 00:00:00,5115.0,13.9,2014-03-25,False,Tuesday
3985,2,3795.843226,1113.156774,2014-03-25 00:30:00,4909.0,13.8,2014-03-25,False,Tuesday
3986,3,3615.386064,1115.613936,2014-03-25 01:00:00,4731.0,13.7,2014-03-25,False,Tuesday
3987,4,3468.261802,1114.738198,2014-03-25 01:30:00,4583.0,13.6,2014-03-25,False,Tuesday
3988,5,3364.34144,1106.65856,2014-03-25 02:00:00,4471.0,13.7,2014-03-25,False,Tuesday
3989,6,3291.502544,1112.497456,2014-03-25 02:30:00,4404.0,13.8,2014-03-25,False,Tuesday
3990,7,3278.930574,1109.069426,2014-03-25 03:00:00,4388.0,13.8,2014-03-25,False,Tuesday
3991,8,3305.040242,1100.959758,2014-03-25 03:30:00,4406.0,14.8,2014-03-25,False,Tuesday
3992,9,3430.046372,1120.953628,2014-03-25 04:00:00,4551.0,14.7,2014-03-25,False,Tuesday
3993,10,3646.483642,1101.516358,2014-03-25 04:30:00,4748.0,14.3,2014-03-25,False,Tuesday
3994,11,4049.673358,1122.326642,2014-03-25 05:00:00,5172.0,14.2,2014-03-25,False,Tuesday
3995,12,4423.38145,1096.61855,2014-03-25 05:30:00,5520.0,13.9,2014-03-25,False,Tuesday
3996,13,4916.788078,1110.211922,2014-03-25 06:00:00,6027.0,14.0,2014-03-25,False,Tuesday
3997,14,5206.173994,1119.826006,2014-03-25 06:30:00,6326.0,13.9,2014-03-25,False,Tuesday
3998,15,5085.169936,1102.830064,2014-03-25 07:00:00,6188.0,13.9,2014-03-25,False,Tuesday
3999,16,5058.413322,1086.586678,2014-03-25 07:30:00,6145.0,13.9,2014-03-25,False,Tuesday
4000,17,5083.613268,1105.386732,2014-03-25 08:00:00,6189.0,14.5,2014-03-25,False,Tuesday
4001,18,5041.505076,1104.494924,2014-03-25 08:30:00,6146.0,14.3,2014-03-25,False,Tuesday
4002,19,4996.95451,1067.04549,2014-03-25 09:00:00,6064.0,14.9,2014-03-25,False,Tuesday
4003,20,4935.929008,1058.070992,2014-03-25 09:30:00,5994.0,15.5,2014-03-25,False,Tuesday
4004,21,4903.70313,1067.29687,2014-03-25 10:00:00,5971.0,16.2,2014-03-25,False,Tuesday
4005,22,4879.909314,1060.090686,2014-03-25 10:30:00,5940.0,17.6,2014-03-25,False,Tuesday
4006,23,4865.313168,1067.686832,2014-03-25 11:00:00,5933.0,19.5,2014-03-25,False,Tuesday
4007,24,4860.335788,1066.664212,2014-03-25 11:30:00,5927.0,19.9,2014-03-25,False,Tuesday
4008,25,4873.39907,1067.60093,2014-03-25 12:00:00,5941.0,21.7,2014-03-25,False,Tuesday
4009,26,4884.083482,1070.916518,2014-03-25 12:30:00,5955.0,21.6,2014-03-25,False,Tuesday
4010,27,4915.780194,1072.219806,2014-03-25 13:00:00,5988.0,22.2,2014-03-25,False,Tuesday
4011,28,4933.178492,1067.821508,2014-03-25 13:30:00,6001.0,23.4,2014-03-25,False,Tuesday
4012,29,4899.83828,1065.16172,2014-03-25 14:00:00,5965.0,24.4,2014-03-25,False,Tuesday
4013,30,4929.82481,1065.17519,2014-03-25 14:30:00,5995.0,23.7,2014-03-25,False,Tuesday
4014,31,4986.812266,1057.187734,2014-03-25 15:00:00,6044.0,22.7,2014-03-25,False,Tuesday
4015,32,5028.531838,1056.468162,2014-03-25 15:30:00,6085.0,23.4,2014-03-25,False,Tuesday
4016,33,5047.368894,1063.631106,2014-03-25 16:00:00,6111.0,22.7,2014-03-25,False,Tuesday
4017,34,5004.664578,1072.335422,2014-03-25 16:30:00,6077.0,23.5,2014-03-25,False,Tuesday
4018,35,4874.994446,1063.005554,2014-03-25 17:00:00,5938.0,24.0,2014-03-25,False,Tuesday
4019,36,4814.961664,1064.038336,2014-03-25 17:30:00,5879.0,24.4,2014-03-25,False,Tuesday
4020,37,4753.237846,1060.762154,2014-03-25 18:00:00,5814.0,23.5,2014-03-25,False,Tuesday
4021,38,4848.705312,1057.294688,2014-03-25 18:30:00,5906.0,22.5,2014-03-25,False,Tuesday
4022,39,4829.323108,1060.676892,2014-03-25 19:00:00,5890.0,21.9,2014-03-25,False,Tuesday
4023,40,4696.390514,1067.609486,2014-03-25 19:30:00,5764.0,21.4,2014-03-25,False,Tuesday
4024,41,4525.289548,1064.710452,2014-03-25 20:00:00,5590.0,20.9,2014-03-25,False,Tuesday
4025,42,4352.581452,1060.418548,2014-03-25 20:30:00,5413.0,20.8,2014-03-25,False,Tuesday
4026,43,4138.331328,1061.668672,2014-03-25 21:00:00,5200.0,20.4,2014-03-25,False,Tuesday
4027,44,3911.833634,1061.166366,2014-03-25 21:30:00,4973.0,20.2,2014-03-25,False,Tuesday
4028,45,3826.383352,1060.616648,2014-03-25 22:00:00,4887.0,19.8,2014-03-25,False,Tuesday
4029,46,3820.36353,1067.63647,2014-03-25 22:30:00,4888.0,19.3,2014-03-25,False,Tuesday
4030,47,4094.264084,1075.735916,2014-03-25 23:00:00,5170.0,19.2,2014-03-25,False,Tuesday
4031,48,4132.148086,1073.851914,2014-03-25 23:30:00,5206.0,18.8,2014-03-25,False,Tuesday
4032,1,3883.212266,1061.787734,2014-03-26 00:00:00,4945.0,17.8,2014-03-26,False,Wednesday
4033,2,3708.31853,1063.68147,2014-03-26 00:30:00,4772.0,17.4,2014-03-26,False,Wednesday
4034,3,3568.348278,1059.651722,2014-03-26 01:00:00,4628.0,17.1,2014-03-26,False,Wednesday
4035,4,3412.114964,1057.885036,2014-03-26 01:30:00,4470.0,16.6,2014-03-26,False,Wednesday
4036,5,3302.729552,1053.270448,2014-03-26 02:00:00,4356.0,16.8,2014-03-26,False,Wednesday
4037,6,3249.627734,1054.372266,2014-03-26 02:30:00,4304.0,16.5,2014-03-26,False,Wednesday
4038,7,3244.714278,1045.285722,2014-03-26 03:00:00,4290.0,16.1,2014-03-26,False,Wednesday
4039,8,3271.246886,1050.753114,2014-03-26 03:30:00,4322.0,16.2,2014-03-26,False,Wednesday
4040,9,3389.223414,1047.776586,2014-03-26 04:00:00,4437.0,15.9,2014-03-26,False,Wednesday
4041,10,3589.550296,1054.449704,2014-03-26 04:30:00,4644.0,15.7,2014-03-26,False,Wednesday
4042,11,3933.27897,1063.72103,2014-03-26 05:00:00,4997.0,15.5,2014-03-26,False,Wednesday
4043,12,4319.328672,1062.671328,2014-03-26 05:30:00,5382.0,15.4,2014-03-26,False,Wednesday
4044,13,4780.005446,1060.994554,2014-03-26 06:00:00,5841.0,15.3,2014-03-26,False,Wednesday
4045,14,5054.955094,1064.044906,2014-03-26 06:30:00,6119.0,15.2,2014-03-26,False,Wednesday
4046,15,4895.756576,1062.243424,2014-03-26 07:00:00,5958.0,15.3,2014-03-26,False,Wednesday
4047,16,4875.336108,1064.663892,2014-03-26 07:30:00,5940.0,15.8,2014-03-26,False,Wednesday
4048,17,4926.348512,1071.651488,2014-03-26 08:00:00,5998.0,17.3,2014-03-26,False,Wednesday
4049,18,4914.789254,1061.210746,2014-03-26 08:30:00,5976.0,18.1,2014-03-26,False,Wednesday
4050,19,4930.55441,1073.44559,2014-03-26 09:00:00,6004.0,19.4,2014-03-26,False,Wednesday
4051,20,4966.837988,1079.162012,2014-03-26 09:30:00,6046.0,20.7,2014-03-26,False,Wednesday
4052,21,5011.881338,1072.118662,2014-03-26 10:00:00,6084.0,21.6,2014-03-26,False,Wednesday
4053,22,5063.07312,1070.92688,2014-03-26 10:30:00,6134.0,22.2,2014-03-26,False,Wednesday
4054,23,5130.383026,1072.616974,2014-03-26 11:00:00,6203.0,23.6,2014-03-26,False,Wednesday
4055,24,5149.708568,1068.291432,2014-03-26 11:30:00,6218.0,24.9,2014-03-26,False,Wednesday
4056,25,5180.135422,1067.864578,2014-03-26 12:00:00,6248.0,25.3,2014-03-26,False,Wednesday
4057,26,5204.213442,1063.786558,2014-03-26 12:30:00,6268.0,25.1,2014-03-26,False,Wednesday
4058,27,5223.919114,1063.080886,2014-03-26 13:00:00,6287.0,24.5,2014-03-26,False,Wednesday
4059,28,5293.867412,1066.132588,2014-03-26 13:30:00,6360.0,24.9,2014-03-26,False,Wednesday
4060,29,5280.94414,1070.05586,2014-03-26 14:00:00,6351.0,26.3,2014-03-26,False,Wednesday
4061,30,5289.207434,1070.792566,2014-03-26 14:30:00,6360.0,26.5,2014-03-26,False,Wednesday
4062,31,5290.691402,1049.308598,2014-03-26 15:00:00,6340.0,26.9,2014-03-26,False,Wednesday
4063,32,5263.143628,1052.856372,2014-03-26 15:30:00,6316.0,25.6,2014-03-26,False,Wednesday
4064,33,5245.99017,1064.00983,2014-03-26 16:00:00,6310.0,24.7,2014-03-26,False,Wednesday
4065,34,5204.21432,1071.78568,2014-03-26 16:30:00,6276.0,24.5,2014-03-26,False,Wednesday
4066,35,5069.164738,1069.835262,2014-03-26 17:00:00,6139.0,24.1,2014-03-26,False,Wednesday
4067,36,4972.738068,1060.261932,2014-03-26 17:30:00,6033.0,23.3,2014-03-26,False,Wednesday
4068,37,4941.789926,1065.210074,2014-03-26 18:00:00,6007.0,22.9,2014-03-26,False,Wednesday
4069,38,4953.998102,1065.001898,2014-03-26 18:30:00,6019.0,22.7,2014-03-26,False,Wednesday
4070,39,4840.64331,1068.35669,2014-03-26 19:00:00,5909.0,22.1,2014-03-26,False,Wednesday
4071,40,4699.378942,1073.621058,2014-03-26 19:30:00,5773.0,21.4,2014-03-26,False,Wednesday
4072,41,4532.46297,1070.53703,2014-03-26 20:00:00,5603.0,20.7,2014-03-26,False,Wednesday
4073,42,4346.882232,1078.117768,2014-03-26 20:30:00,5425.0,20.2,2014-03-26,False,Wednesday
4074,43,4139.362592,1072.637408,2014-03-26 21:00:00,5212.0,20.1,2014-03-26,False,Wednesday
4075,44,3925.847838,1061.152162,2014-03-26 21:30:00,4987.0,19.9,2014-03-26,False,Wednesday
4076,45,3846.607432,1078.392568,2014-03-26 22:00:00,4925.0,19.3,2014-03-26,False,Wednesday
4077,46,3836.578544,1081.421456,2014-03-26 22:30:00,4918.0,18.5,2014-03-26,False,Wednesday
4078,47,4113.520744,1078.479256,2014-03-26 23:00:00,5192.0,18.3,2014-03-26,False,Wednesday
4079,48,4146.253608,1068.746392,2014-03-26 23:30:00,5215.0,18.0,2014-03-26,False,Wednesday
4080,1,3918.789924,1069.210076,2014-03-27 00:00:00,4988.0,17.7,2014-03-27,False,Thursday
4081,2,3738.1168,1069.8832,2014-03-27 00:30:00,4808.0,17.6,2014-03-27,False,Thursday
4082,3,3608.945366,1069.054634,2014-03-27 01:00:00,4678.0,17.5,2014-03-27,False,Thursday
4083,4,3469.810514,1067.189486,2014-03-27 01:30:00,4537.0,17.4,2014-03-27,False,Thursday
4084,5,3366.165712,1067.834288,2014-03-27 02:00:00,4434.0,17.4,2014-03-27,False,Thursday
4085,6,3310.726546,1066.273454,2014-03-27 02:30:00,4377.0,17.3,2014-03-27,False,Thursday
4086,7,3300.045408,1063.954592,2014-03-27 03:00:00,4364.0,17.3,2014-03-27,False,Thursday
4087,8,3326.903148,1051.096852,2014-03-27 03:30:00,4378.0,17.1,2014-03-27,False,Thursday
4088,9,3452.766658,1050.233342,2014-03-27 04:00:00,4503.0,17.3,2014-03-27,False,Thursday
4089,10,3637.24007,1062.75993,2014-03-27 04:30:00,4700.0,17.4,2014-03-27,False,Thursday
4090,11,3992.25444,1061.74556,2014-03-27 05:00:00,5054.0,17.4,2014-03-27,False,Thursday
4091,12,4375.672826,1044.327174,2014-03-27 05:30:00,5420.0,17.6,2014-03-27,False,Thursday
4092,13,4867.896356,1049.103644,2014-03-27 06:00:00,5917.0,17.6,2014-03-27,False,Thursday
4093,14,5172.18386,1050.81614,2014-03-27 06:30:00,6223.0,17.5,2014-03-27,False,Thursday
4094,15,5083.35488,1050.64512,2014-03-27 07:00:00,6134.0,17.7,2014-03-27,False,Thursday
4095,16,5115.137406,1049.862594,2014-03-27 07:30:00,6165.0,17.6,2014-03-27,False,Thursday
4096,17,5161.281902,1013.718098,2014-03-27 08:00:00,6175.0,17.8,2014-03-27,False,Thursday
4097,18,5177.681524,1047.318476,2014-03-27 08:30:00,6225.0,17.8,2014-03-27,False,Thursday
4098,19,5180.83718,1047.16282,2014-03-27 09:00:00,6228.0,17.9,2014-03-27,False,Thursday
4099,20,5184.867386,1043.132614,2014-03-27 09:30:00,6228.0,18.2,2014-03-27,False,Thursday
4100,21,5169.765942,1029.234058,2014-03-27 10:00:00,6199.0,18.3,2014-03-27,False,Thursday
4101,22,5173.381634,1047.618366,2014-03-27 10:30:00,6221.0,19.2,2014-03-27,False,Thursday
4102,23,5212.0224,1052.9776,2014-03-27 11:00:00,6265.0,20.0,2014-03-27,False,Thursday
4103,24,5224.539908,1055.460092,2014-03-27 11:30:00,6280.0,20.4,2014-03-27,False,Thursday
4104,25,5235.287226,1056.712774,2014-03-27 12:00:00,6292.0,21.9,2014-03-27,False,Thursday
4105,26,5237.600264,1054.399736,2014-03-27 12:30:00,6292.0,22.7,2014-03-27,False,Thursday
4106,27,5249.161814,1047.838186,2014-03-27 13:00:00,6297.0,23.5,2014-03-27,False,Thursday
4107,28,5278.688026,1046.311974,2014-03-27 13:30:00,6325.0,24.3,2014-03-27,False,Thursday
4108,29,5252.584486,1044.415514,2014-03-27 14:00:00,6297.0,25.3,2014-03-27,False,Thursday
4109,30,5240.135986,1045.864014,2014-03-27 14:30:00,6286.0,24.8,2014-03-27,False,Thursday
4110,31,5249.659324,1043.340676,2014-03-27 15:00:00,6293.0,21.6,2014-03-27,False,Thursday
4111,32,5279.527144,1046.472856,2014-03-27 15:30:00,6326.0,23.3,2014-03-27,False,Thursday
4112,33,5296.612472,1048.387528,2014-03-27 16:00:00,6345.0,24.0,2014-03-27,False,Thursday
4113,34,5267.811958,1054.188042,2014-03-27 16:30:00,6322.0,24.7,2014-03-27,False,Thursday
4114,35,5136.113462,1055.886538,2014-03-27 17:00:00,6192.0,24.5,2014-03-27,False,Thursday
4115,36,5055.070624,1042.929376,2014-03-27 17:30:00,6098.0,24.3,2014-03-27,False,Thursday
4116,37,5021.018552,1041.981448,2014-03-27 18:00:00,6063.0,24.0,2014-03-27,False,Thursday
4117,38,5107.907486,1042.092514,2014-03-27 18:30:00,6150.0,23.5,2014-03-27,False,Thursday
4118,39,5042.367404,1043.632596,2014-03-27 19:00:00,6086.0,23.2,2014-03-27,False,Thursday
4119,40,4879.288586,1048.711414,2014-03-27 19:30:00,5928.0,21.7,2014-03-27,False,Thursday
4120,41,4674.159518,1055.840482,2014-03-27 20:00:00,5730.0,21.0,2014-03-27,False,Thursday
4121,42,4485.610962,1050.389038,2014-03-27 20:30:00,5536.0,21.2,2014-03-27,False,Thursday
4122,43,4242.015254,1046.984746,2014-03-27 21:00:00,5289.0,21.0,2014-03-27,False,Thursday
4123,44,4035.660298,1045.339702,2014-03-27 21:30:00,5081.0,20.7,2014-03-27,False,Thursday
4124,45,3972.437518,1044.562482,2014-03-27 22:00:00,5017.0,20.7,2014-03-27,False,Thursday
4125,46,3926.3563,1047.6437,2014-03-27 22:30:00,4974.0,19.8,2014-03-27,False,Thursday
4126,47,4189.444386,1051.555614,2014-03-27 23:00:00,5241.0,20.0,2014-03-27,False,Thursday
4127,48,4215.625216,1053.374784,2014-03-27 23:30:00,5269.0,20.4,2014-03-27,False,Thursday
4128,1,3965.361306,1055.638694,2014-03-28 00:00:00,5021.0,19.7,2014-03-28,False,Friday
4129,2,3777.728188,1054.271812,2014-03-28 00:30:00,4832.0,19.7,2014-03-28,False,Friday
4130,3,3640.148018,1051.851982,2014-03-28 01:00:00,4692.0,19.4,2014-03-28,False,Friday
4131,4,3489.990542,1054.009458,2014-03-28 01:30:00,4544.0,19.8,2014-03-28,False,Friday
4132,5,3387.734558,1053.265442,2014-03-28 02:00:00,4441.0,19.5,2014-03-28,False,Friday
4133,6,3329.314696,1052.685304,2014-03-28 02:30:00,4382.0,19.5,2014-03-28,False,Friday
4134,7,3323.577524,1048.422476,2014-03-28 03:00:00,4372.0,19.4,2014-03-28,False,Friday
4135,8,3353.360378,1049.639622,2014-03-28 03:30:00,4403.0,19.0,2014-03-28,False,Friday
4136,9,3468.318544,1046.681456,2014-03-28 04:00:00,4515.0,18.8,2014-03-28,False,Friday
4137,10,3631.158268,1048.841732,2014-03-28 04:30:00,4680.0,18.4,2014-03-28,False,Friday
4138,11,3976.902384,1056.097616,2014-03-28 05:00:00,5033.0,18.3,2014-03-28,False,Friday
4139,12,4356.206028,1056.793972,2014-03-28 05:30:00,5413.0,18.1,2014-03-28,False,Friday
4140,13,4836.067366,1067.932634,2014-03-28 06:00:00,5904.0,17.9,2014-03-28,False,Friday
4141,14,5187.672964,1103.327036,2014-03-28 06:30:00,6291.0,17.5,2014-03-28,False,Friday
4142,15,5106.812006,1091.187994,2014-03-28 07:00:00,6198.0,17.6,2014-03-28,False,Friday
4143,16,5074.690746,1083.309254,2014-03-28 07:30:00,6158.0,17.4,2014-03-28,False,Friday
4144,17,5131.308242,1107.691758,2014-03-28 08:00:00,6239.0,17.8,2014-03-28,False,Friday
4145,18,5117.415374,1098.584626,2014-03-28 08:30:00,6216.0,18.2,2014-03-28,False,Friday
4146,19,5094.512894,1122.487106,2014-03-28 09:00:00,6217.0,18.4,2014-03-28,False,Friday
4147,20,5095.928758,1081.071242,2014-03-28 09:30:00,6177.0,18.7,2014-03-28,False,Friday
4148,21,5090.386248,1086.613752,2014-03-28 10:00:00,6177.0,18.9,2014-03-28,False,Friday
4149,22,5087.20958,1094.79042,2014-03-28 10:30:00,6182.0,19.3,2014-03-28,False,Friday
4150,23,5061.295214,1100.704786,2014-03-28 11:00:00,6162.0,19.9,2014-03-28,False,Friday
4151,24,5020.751168,1067.248832,2014-03-28 11:30:00,6088.0,19.5,2014-03-28,False,Friday
4152,25,5005.345792,1065.654208,2014-03-28 12:00:00,6071.0,19.3,2014-03-28,False,Friday
4153,26,4996.082924,1056.917076,2014-03-28 12:30:00,6053.0,19.7,2014-03-28,False,Friday
4154,27,4963.560036,1055.439964,2014-03-28 13:00:00,6019.0,20.1,2014-03-28,False,Friday
4155,28,4945.390722,1049.609278,2014-03-28 13:30:00,5995.0,20.7,2014-03-28,False,Friday
4156,29,4893.596628,1054.403372,2014-03-28 14:00:00,5948.0,21.5,2014-03-28,False,Friday
4157,30,4885.85776,1060.14224,2014-03-28 14:30:00,5946.0,21.0,2014-03-28,False,Friday
4158,31,4921.538196,1053.461804,2014-03-28 15:00:00,5975.0,21.3,2014-03-28,False,Friday
4159,32,4933.14113,1063.85887,2014-03-28 15:30:00,5997.0,20.9,2014-03-28,False,Friday
4160,33,4933.013932,1109.986068,2014-03-28 16:00:00,6043.0,21.3,2014-03-28,False,Friday
4161,34,4913.618262,1087.381738,2014-03-28 16:30:00,6001.0,20.9,2014-03-28,False,Friday
4162,35,4801.136136,1086.863864,2014-03-28 17:00:00,5888.0,19.9,2014-03-28,False,Friday
4163,36,4731.736168,1063.263832,2014-03-28 17:30:00,5795.0,20.1,2014-03-28,False,Friday
4164,37,4669.135548,1075.864452,2014-03-28 18:00:00,5745.0,19.1,2014-03-28,False,Friday
4165,38,4756.43341,1086.56659,2014-03-28 18:30:00,5843.0,18.3,2014-03-28,False,Friday
4166,39,4715.186376,1074.813624,2014-03-28 19:00:00,5790.0,18.3,2014-03-28,False,Friday
4167,40,4598.754126,1087.245874,2014-03-28 19:30:00,5686.0,17.8,2014-03-28,False,Friday
4168,41,4423.133834,1072.866166,2014-03-28 20:00:00,5496.0,17.8,2014-03-28,False,Friday
4169,42,4265.67798,1085.32202,2014-03-28 20:30:00,5351.0,18.0,2014-03-28,False,Friday
4170,43,4088.629576,1097.370424,2014-03-28 21:00:00,5186.0,17.4,2014-03-28,False,Friday
4171,44,3920.355112,1068.644888,2014-03-28 21:30:00,4989.0,17.0,2014-03-28,False,Friday
4172,45,3859.781916,1102.218084,2014-03-28 22:00:00,4962.0,16.8,2014-03-28,False,Friday
4173,46,3840.417332,1080.582668,2014-03-28 22:30:00,4921.0,16.7,2014-03-28,False,Friday
4174,47,4100.549316,1084.450684,2014-03-28 23:00:00,5185.0,16.2,2014-03-28,False,Friday
4175,48,4115.428296,1097.571704,2014-03-28 23:30:00,5213.0,16.4,2014-03-28,False,Friday
4176,1,3857.137088,1084.862912,2014-03-29 00:00:00,4942.0,16.3,2014-03-29,False,Saturday
4177,2,3663.446476,1091.553524,2014-03-29 00:30:00,4755.0,16.2,2014-03-29,False,Saturday
4178,3,3518.31847,1105.68153,2014-03-29 01:00:00,4624.0,16.0,2014-03-29,False,Saturday
4179,4,3369.897658,1077.102342,2014-03-29 01:30:00,4447.0,15.8,2014-03-29,False,Saturday
4180,5,3268.477408,1088.522592,2014-03-29 02:00:00,4357.0,15.6,2014-03-29,False,Saturday
4181,6,3211.857846,1068.142154,2014-03-29 02:30:00,4280.0,15.5,2014-03-29,False,Saturday
4182,7,3184.148004,1087.851996,2014-03-29 03:00:00,4272.0,15.4,2014-03-29,False,Saturday
4183,8,3181.288462,1073.711538,2014-03-29 03:30:00,4255.0,15.3,2014-03-29,False,Saturday
4184,9,3213.55672,1088.44328,2014-03-29 04:00:00,4302.0,15.3,2014-03-29,False,Saturday
4185,10,3264.41208,1096.58792,2014-03-29 04:30:00,4361.0,15.1,2014-03-29,False,Saturday
4186,11,3382.638734,1065.361266,2014-03-29 05:00:00,4448.0,14.6,2014-03-29,False,Saturday
4187,12,3504.049498,1089.950502,2014-03-29 05:30:00,4594.0,14.5,2014-03-29,False,Saturday
4188,13,3677.468488,1072.531512,2014-03-29 06:00:00,4750.0,13.2,2014-03-29,False,Saturday
4189,14,3829.058926,1072.941074,2014-03-29 06:30:00,4902.0,12.9,2014-03-29,False,Saturday
4190,15,3844.283836,1094.716164,2014-03-29 07:00:00,4939.0,13.0,2014-03-29,False,Saturday
4191,16,3957.886766,1062.113234,2014-03-29 07:30:00,5020.0,13.8,2014-03-29,False,Saturday
4192,17,4060.254654,1094.745346,2014-03-29 08:00:00,5155.0,14.6,2014-03-29,False,Saturday
4193,18,4084.756166,1083.243834,2014-03-29 08:30:00,5168.0,15.0,2014-03-29,False,Saturday
4194,19,4088.41396,1083.58604,2014-03-29 09:00:00,5172.0,15.5,2014-03-29,False,Saturday
4195,20,4058.457466,1097.542534,2014-03-29 09:30:00,5156.0,16.6,2014-03-29,False,Saturday
4196,21,4023.906598,1085.093402,2014-03-29 10:00:00,5109.0,17.4,2014-03-29,False,Saturday
4197,22,3994.358156,1090.641844,2014-03-29 10:30:00,5085.0,19.0,2014-03-29,False,Saturday
4198,23,3986.161298,1095.838702,2014-03-29 11:00:00,5082.0,19.2,2014-03-29,False,Saturday
4199,24,3992.360386,1073.639614,2014-03-29 11:30:00,5066.0,20.3,2014-03-29,False,Saturday
4200,25,3988.650906,1078.349094,2014-03-29 12:00:00,5067.0,21.5,2014-03-29,False,Saturday
4201,26,3963.638456,1078.361544,2014-03-29 12:30:00,5042.0,21.0,2014-03-29,False,Saturday
4202,27,3932.774866,1050.225134,2014-03-29 13:00:00,4983.0,20.9,2014-03-29,False,Saturday
4203,28,3963.882584,1032.117416,2014-03-29 13:30:00,4996.0,21.8,2014-03-29,False,Saturday
4204,29,3979.134694,1031.865306,2014-03-29 14:00:00,5011.0,23.6,2014-03-29,False,Saturday
4205,30,4015.184564,1038.815436,2014-03-29 14:30:00,5054.0,23.4,2014-03-29,False,Saturday
4206,31,4054.85593,1036.14407,2014-03-29 15:00:00,5091.0,23.2,2014-03-29,False,Saturday
4207,32,4146.676416,1037.323584,2014-03-29 15:30:00,5184.0,23.5,2014-03-29,False,Saturday
4208,33,4199.549352,1037.450648,2014-03-29 16:00:00,5237.0,22.8,2014-03-29,False,Saturday
4209,34,4251.943654,1037.056346,2014-03-29 16:30:00,5289.0,22.0,2014-03-29,False,Saturday
4210,35,4268.664722,1072.335278,2014-03-29 17:00:00,5341.0,21.4,2014-03-29,False,Saturday
4211,36,4256.770392,1077.229608,2014-03-29 17:30:00,5334.0,21.1,2014-03-29,False,Saturday
4212,37,4261.900072,1091.099928,2014-03-29 18:00:00,5353.0,20.7,2014-03-29,False,Saturday
4213,38,4346.089348,1045.910652,2014-03-29 18:30:00,5392.0,20.3,2014-03-29,False,Saturday
4214,39,4275.802012,1058.197988,2014-03-29 19:00:00,5334.0,20.0,2014-03-29,False,Saturday
4215,40,4162.215014,1092.784986,2014-03-29 19:30:00,5255.0,19.9,2014-03-29,False,Saturday
4216,41,4067.773902,1051.226098,2014-03-29 20:00:00,5119.0,19.9,2014-03-29,False,Saturday
4217,42,3968.003878,1041.996122,2014-03-29 20:30:00,5010.0,19.3,2014-03-29,False,Saturday
4218,43,3849.982368,1089.017632,2014-03-29 21:00:00,4939.0,19.1,2014-03-29,False,Saturday
4219,44,3715.615858,1082.384142,2014-03-29 21:30:00,4798.0,19.0,2014-03-29,False,Saturday
4220,45,3676.112154,1087.887846,2014-03-29 22:00:00,4764.0,18.9,2014-03-29,False,Saturday
4221,46,3696.346282,1079.653718,2014-03-29 22:30:00,4776.0,18.7,2014-03-29,False,Saturday
4222,47,3960.944654,1075.055346,2014-03-29 23:00:00,5036.0,18.6,2014-03-29,False,Saturday
4223,48,3992.948344,1083.051656,2014-03-29 23:30:00,5076.0,18.0,2014-03-29,False,Saturday
4224,1,3767.559192,1088.440808,2014-03-30 00:00:00,4856.0,17.1,2014-03-30,False,Sunday
4225,2,3580.541498,1077.458502,2014-03-30 00:30:00,4658.0,17.0,2014-03-30,False,Sunday
4226,3,3445.835886,1081.164114,2014-03-30 01:00:00,4527.0,16.4,2014-03-30,False,Sunday
4227,4,3287.595824,1082.404176,2014-03-30 01:30:00,4370.0,16.8,2014-03-30,False,Sunday
4228,5,3168.795246,1081.204754,2014-03-30 02:00:00,4250.0,17.0,2014-03-30,False,Sunday
4229,6,3083.451776,1077.548224,2014-03-30 02:30:00,4161.0,16.8,2014-03-30,False,Sunday
4230,7,3024.125994,1053.874006,2014-03-30 03:00:00,4078.0,16.5,2014-03-30,False,Sunday
4231,8,2986.386348,1073.613652,2014-03-30 03:30:00,4060.0,16.7,2014-03-30,False,Sunday
4232,9,2989.351382,1082.648618,2014-03-30 04:00:00,4072.0,16.5,2014-03-30,False,Sunday
4233,10,3022.357248,1070.642752,2014-03-30 04:30:00,4093.0,16.5,2014-03-30,False,Sunday
4234,11,3111.972558,1063.027442,2014-03-30 05:00:00,4175.0,16.5,2014-03-30,False,Sunday
4235,12,3194.243804,1076.756196,2014-03-30 05:30:00,4271.0,16.2,2014-03-30,False,Sunday
4236,13,3332.453822,1053.546178,2014-03-30 06:00:00,4386.0,16.1,2014-03-30,False,Sunday
4237,14,3447.607446,1061.392554,2014-03-30 06:30:00,4509.0,16.0,2014-03-30,False,Sunday
4238,15,3464.841736,1075.158264,2014-03-30 07:00:00,4540.0,15.9,2014-03-30,False,Sunday
4239,16,3576.984402,1066.015598,2014-03-30 07:30:00,4643.0,16.2,2014-03-30,False,Sunday
4240,17,3677.06194,1067.93806,2014-03-30 08:00:00,4745.0,16.6,2014-03-30,False,Sunday
4241,18,3754.662234,1056.337766,2014-03-30 08:30:00,4811.0,17.1,2014-03-30,False,Sunday
4242,19,3817.12044,1063.87956,2014-03-30 09:00:00,4881.0,17.3,2014-03-30,False,Sunday
4243,20,3820.749626,1077.250374,2014-03-30 09:30:00,4898.0,18.0,2014-03-30,False,Sunday
4244,21,3827.598722,1072.401278,2014-03-30 10:00:00,4900.0,18.5,2014-03-30,False,Sunday
4245,22,3840.886132,1065.113868,2014-03-30 10:30:00,4906.0,20.3,2014-03-30,False,Sunday
4246,23,3878.758802,1068.241198,2014-03-30 11:00:00,4947.0,21.5,2014-03-30,False,Sunday
4247,24,3884.173752,1067.826248,2014-03-30 11:30:00,4952.0,21.7,2014-03-30,False,Sunday
4248,25,3896.84533,1076.15467,2014-03-30 12:00:00,4973.0,23.6,2014-03-30,False,Sunday
4249,26,3901.089018,1058.910982,2014-03-30 12:30:00,4960.0,23.5,2014-03-30,False,Sunday
4250,27,3905.628084,1070.371916,2014-03-30 13:00:00,4976.0,24.1,2014-03-30,False,Sunday
4251,28,3950.3724,1078.6276,2014-03-30 13:30:00,5029.0,24.5,2014-03-30,False,Sunday
4252,29,4005.016278,1066.983722,2014-03-30 14:00:00,5072.0,25.1,2014-03-30,False,Sunday
4253,30,4048.349042,1077.650958,2014-03-30 14:30:00,5126.0,25.9,2014-03-30,False,Sunday
4254,31,4148.973304,1069.026696,2014-03-30 15:00:00,5218.0,24.6,2014-03-30,False,Sunday
4255,32,4242.380094,1061.619906,2014-03-30 15:30:00,5304.0,23.6,2014-03-30,False,Sunday
4256,33,4315.988326,1066.011674,2014-03-30 16:00:00,5382.0,24.0,2014-03-30,False,Sunday
4257,34,4400.359958,1064.640042,2014-03-30 16:30:00,5465.0,24.3,2014-03-30,False,Sunday
4258,35,4430.787448,1052.212552,2014-03-30 17:00:00,5483.0,24.0,2014-03-30,False,Sunday
4259,36,4457.987784,1064.012216,2014-03-30 17:30:00,5522.0,22.1,2014-03-30,False,Sunday
4260,37,4456.915948,1064.084052,2014-03-30 18:00:00,5521.0,21.6,2014-03-30,False,Sunday
4261,38,4539.378246,1076.621754,2014-03-30 18:30:00,5616.0,21.7,2014-03-30,False,Sunday
4262,39,4470.770984,1065.229016,2014-03-30 19:00:00,5536.0,21.6,2014-03-30,False,Sunday
4263,40,4374.44045,1075.55955,2014-03-30 19:30:00,5450.0,20.9,2014-03-30,False,Sunday
4264,41,4232.915204,1082.084796,2014-03-30 20:00:00,5315.0,21.1,2014-03-30,False,Sunday
4265,42,4077.636324,1063.363676,2014-03-30 20:30:00,5141.0,21.1,2014-03-30,False,Sunday
4266,43,3918.29678,1072.70322,2014-03-30 21:00:00,4991.0,20.5,2014-03-30,False,Sunday
4267,44,3754.912902,1083.087098,2014-03-30 21:30:00,4838.0,20.3,2014-03-30,False,Sunday
4268,45,3674.545392,1075.454608,2014-03-30 22:00:00,4750.0,19.7,2014-03-30,False,Sunday
4269,46,3673.958964,1080.041036,2014-03-30 22:30:00,4754.0,19.4,2014-03-30,False,Sunday
4270,47,3939.15131,1079.84869,2014-03-30 23:00:00,5019.0,19.1,2014-03-30,False,Sunday
4271,48,3993.281048,1071.718952,2014-03-30 23:30:00,5065.0,18.7,2014-03-30,False,Sunday
4272,1,3782.17863,1075.82137,2014-03-31 00:00:00,4858.0,18.5,2014-03-31,False,Monday
4273,2,3600.866524,1089.133476,2014-03-31 00:30:00,4690.0,18.3,2014-03-31,False,Monday
4274,3,3457.801444,1075.198556,2014-03-31 01:00:00,4533.0,17.7,2014-03-31,False,Monday
4275,4,3345.649544,1080.350456,2014-03-31 01:30:00,4426.0,17.3,2014-03-31,False,Monday
4276,5,3224.238102,1080.761898,2014-03-31 02:00:00,4305.0,17.5,2014-03-31,False,Monday
4277,6,3148.74583,1073.25417,2014-03-31 02:30:00,4222.0,17.9,2014-03-31,False,Monday
4278,7,3155.497518,1071.502482,2014-03-31 03:00:00,4227.0,17.7,2014-03-31,False,Monday
4279,8,3190.82943,1078.17057,2014-03-31 03:30:00,4269.0,17.5,2014-03-31,False,Monday
4280,9,3324.90967,1059.09033,2014-03-31 04:00:00,4384.0,17.5,2014-03-31,False,Monday
4281,10,3546.261736,1074.738264,2014-03-31 04:30:00,4621.0,17.6,2014-03-31,False,Monday
4282,11,3892.575934,1091.424066,2014-03-31 05:00:00,4984.0,18.1,2014-03-31,False,Monday
4283,12,4272.919624,1070.080376,2014-03-31 05:30:00,5343.0,17.6,2014-03-31,False,Monday
4284,13,4737.572774,1095.427226,2014-03-31 06:00:00,5833.0,17.2,2014-03-31,False,Monday
4285,14,5039.276986,1090.723014,2014-03-31 06:30:00,6130.0,17.7,2014-03-31,False,Monday
4286,15,4953.984464,1076.015536,2014-03-31 07:00:00,6030.0,17.7,2014-03-31,False,Monday
4287,16,4964.295308,1116.704692,2014-03-31 07:30:00,6081.0,17.7,2014-03-31,False,Monday
4288,17,5023.771602,1089.228398,2014-03-31 08:00:00,6113.0,19.0,2014-03-31,False,Monday
4289,18,5063.185848,1100.814152,2014-03-31 08:30:00,6164.0,20.1,2014-03-31,False,Monday
4290,19,5123.476522,1097.523478,2014-03-31 09:00:00,6221.0,22.2,2014-03-31,False,Monday
4291,20,5186.137902,1096.862098,2014-03-31 09:30:00,6283.0,23.9,2014-03-31,False,Monday
4292,21,5241.28765,1109.71235,2014-03-31 10:00:00,6351.0,25.0,2014-03-31,False,Monday
4293,22,5315.725758,1079.274242,2014-03-31 10:30:00,6395.0,26.4,2014-03-31,False,Monday
4294,23,5393.44747,1089.55253,2014-03-31 11:00:00,6483.0,26.6,2014-03-31,False,Monday
4295,24,5452.129002,1092.870998,2014-03-31 11:30:00,6545.0,27.3,2014-03-31,False,Monday
4296,25,5542.513198,1082.486802,2014-03-31 12:00:00,6625.0,28.1,2014-03-31,False,Monday
4297,26,5634.104556,1089.895444,2014-03-31 12:30:00,6724.0,29.0,2014-03-31,False,Monday
4298,27,5732.593436,1082.406564,2014-03-31 13:00:00,6815.0,29.3,2014-03-31,False,Monday
4299,28,5788.158734,1091.841266,2014-03-31 13:30:00,6880.0,29.3,2014-03-31,False,Monday
4300,29,5796.223562,1096.776438,2014-03-31 14:00:00,6893.0,29.5,2014-03-31,False,Monday
4301,30,5834.123626,1061.876374,2014-03-31 14:30:00,6896.0,29.6,2014-03-31,False,Monday
4302,31,5930.91797,1083.08203,2014-03-31 15:00:00,7014.0,29.9,2014-03-31,False,Monday
4303,32,6009.333148,1060.666852,2014-03-31 15:30:00,7070.0,29.6,2014-03-31,False,Monday
4304,33,6034.102322,1036.897678,2014-03-31 16:00:00,7071.0,30.1,2014-03-31,False,Monday
4305,34,5986.567484,1064.432516,2014-03-31 16:30:00,7051.0,29.8,2014-03-31,False,Monday
4306,35,5809.225494,1095.774506,2014-03-31 17:00:00,6905.0,29.7,2014-03-31,False,Monday
4307,36,5680.205534,1058.794466,2014-03-31 17:30:00,6739.0,29.1,2014-03-31,False,Monday
4308,37,5557.00205,1086.99795,2014-03-31 18:00:00,6644.0,28.6,2014-03-31,False,Monday
4309,38,5574.48363,1076.51637,2014-03-31 18:30:00,6651.0,28.0,2014-03-31,False,Monday
4310,39,5430.884964,1081.115036,2014-03-31 19:00:00,6512.0,27.4,2014-03-31,False,Monday
4311,40,5243.825592,1090.174408,2014-03-31 19:30:00,6334.0,26.8,2014-03-31,False,Monday
4312,41,5017.025526,1071.974474,2014-03-31 20:00:00,6089.0,26.4,2014-03-31,False,Monday
4313,42,4798.83699,1090.16301,2014-03-31 20:30:00,5889.0,25.7,2014-03-31,False,Monday
4314,43,4531.033258,1071.966742,2014-03-31 21:00:00,5603.0,25.3,2014-03-31,False,Monday
4315,44,4272.895442,1058.104558,2014-03-31 21:30:00,5331.0,24.5,2014-03-31,False,Monday
4316,45,4158.995954,1055.004046,2014-03-31 22:00:00,5214.0,24.4,2014-03-31,False,Monday
4317,46,4122.495498,1070.504502,2014-03-31 22:30:00,5193.0,24.4,2014-03-31,False,Monday
4318,47,4373.676656,1089.323344,2014-03-31 23:00:00,5463.0,23.7,2014-03-31,False,Monday
4319,48,4367.672596,1107.327404,2014-03-31 23:30:00,5475.0,22.5,2014-03-31,False,Monday
4320,1,4115.323024,1080.676976,2014-04-01 00:00:00,5196.0,22.9,2014-04-01,False,Tuesday
4321,2,3932.56114,1095.43886,2014-04-01 00:30:00,5028.0,22.7,2014-04-01,False,Tuesday
4322,3,3784.881894,1078.118106,2014-04-01 01:00:00,4863.0,22.7,2014-04-01,False,Tuesday
4323,4,3650.630624,1078.369376,2014-04-01 01:30:00,4729.0,22.7,2014-04-01,False,Tuesday
4324,5,3544.813502,1081.186498,2014-04-01 02:00:00,4626.0,22.7,2014-04-01,False,Tuesday
4325,6,3500.69333,1084.30667,2014-04-01 02:30:00,4585.0,22.4,2014-04-01,False,Tuesday
4326,7,3489.538086,1082.461914,2014-04-01 03:00:00,4572.0,22.5,2014-04-01,False,Tuesday
4327,8,3532.483812,1078.516188,2014-04-01 03:30:00,4611.0,22.1,2014-04-01,False,Tuesday
4328,9,3675.076992,1070.923008,2014-04-01 04:00:00,4746.0,22.3,2014-04-01,False,Tuesday
4329,10,3857.189432,1074.810568,2014-04-01 04:30:00,4932.0,22.4,2014-04-01,False,Tuesday
4330,11,4218.505854,1064.494146,2014-04-01 05:00:00,5283.0,22.4,2014-04-01,False,Tuesday
4331,12,4575.907996,1089.092004,2014-04-01 05:30:00,5665.0,22.1,2014-04-01,False,Tuesday
4332,13,5069.289598,1086.710402,2014-04-01 06:00:00,6156.0,21.9,2014-04-01,False,Tuesday
4333,14,5369.03589,1090.96411,2014-04-01 06:30:00,6460.0,22.0,2014-04-01,False,Tuesday
4334,15,5303.724006,1077.275994,2014-04-01 07:00:00,6381.0,21.8,2014-04-01,False,Tuesday
4335,16,5344.165192,1084.834808,2014-04-01 07:30:00,6429.0,22.3,2014-04-01,False,Tuesday
4336,17,5454.321778,1092.678222,2014-04-01 08:00:00,6547.0,23.1,2014-04-01,False,Tuesday
4337,18,5508.634334,1085.365666,2014-04-01 08:30:00,6594.0,24.1,2014-04-01,False,Tuesday
4338,19,5577.067704,1094.932296,2014-04-01 09:00:00,6672.0,25.7,2014-04-01,False,Tuesday
4339,20,5636.419062,1072.580938,2014-04-01 09:30:00,6709.0,27.0,2014-04-01,False,Tuesday
4340,21,5702.92371,1065.07629,2014-04-01 10:00:00,6768.0,27.3,2014-04-01,False,Tuesday
4341,22,5819.344452,1057.655548,2014-04-01 10:30:00,6877.0,29.2,2014-04-01,False,Tuesday
4342,23,5933.606766,1107.393234,2014-04-01 11:00:00,7041.0,29.9,2014-04-01,False,Tuesday
4343,24,6031.795726,1078.204274,2014-04-01 11:30:00,7110.0,30.1,2014-04-01,False,Tuesday
4344,25,6127.701026,1110.298974,2014-04-01 12:00:00,7238.0,31.3,2014-04-01,False,Tuesday
4345,26,6253.096044,1082.903956,2014-04-01 12:30:00,7336.0,31.6,2014-04-01,False,Tuesday
4346,27,6388.298288,1094.701712,2014-04-01 13:00:00,7483.0,32.2,2014-04-01,False,Tuesday
4347,28,6489.396942,1113.603058,2014-04-01 13:30:00,7603.0,32.4,2014-04-01,False,Tuesday
4348,29,6510.186524,1079.813476,2014-04-01 14:00:00,7590.0,32.8,2014-04-01,False,Tuesday
4349,30,6593.677294,1114.322706,2014-04-01 14:30:00,7708.0,32.9,2014-04-01,False,Tuesday
4350,31,6752.29523,1084.70477,2014-04-01 15:00:00,7837.0,32.8,2014-04-01,False,Tuesday
4351,32,6843.726032,1110.273968,2014-04-01 15:30:00,7954.0,32.6,2014-04-01,False,Tuesday
4352,33,6843.539046,1087.460954,2014-04-01 16:00:00,7931.0,32.4,2014-04-01,False,Tuesday
4353,34,6771.697008,1104.302992,2014-04-01 16:30:00,7876.0,32.2,2014-04-01,False,Tuesday
4354,35,6515.98898,1086.01102,2014-04-01 17:00:00,7602.0,31.7,2014-04-01,False,Tuesday
4355,36,6323.446866,1099.553134,2014-04-01 17:30:00,7423.0,31.3,2014-04-01,False,Tuesday
4356,37,6140.828768,1080.171232,2014-04-01 18:00:00,7221.0,30.8,2014-04-01,False,Tuesday
4357,38,6154.954872,1094.045128,2014-04-01 18:30:00,7249.0,30.3,2014-04-01,False,Tuesday
4358,39,5980.92249,1093.07751,2014-04-01 19:00:00,7074.0,29.8,2014-04-01,False,Tuesday
4359,40,5753.051338,1110.948662,2014-04-01 19:30:00,6864.0,29.1,2014-04-01,False,Tuesday
4360,41,5482.095032,1118.904968,2014-04-01 20:00:00,6601.0,28.5,2014-04-01,False,Tuesday
4361,42,5212.36289,1105.63711,2014-04-01 20:30:00,6318.0,28.1,2014-04-01,False,Tuesday
4362,43,4906.198722,1110.801278,2014-04-01 21:00:00,6017.0,27.8,2014-04-01,False,Tuesday
4363,44,4621.057356,1100.942644,2014-04-01 21:30:00,5722.0,27.6,2014-04-01,False,Tuesday
4364,45,4468.862942,1111.137058,2014-04-01 22:00:00,5580.0,27.3,2014-04-01,False,Tuesday
4365,46,4375.499538,1139.500462,2014-04-01 22:30:00,5515.0,26.9,2014-04-01,False,Tuesday
4366,47,4590.468552,1120.531448,2014-04-01 23:00:00,5711.0,26.6,2014-04-01,False,Tuesday
4367,48,4562.81689,1119.18311,2014-04-01 23:30:00,5682.0,26.6,2014-04-01,False,Tuesday
4368,1,4293.861294,1120.138706,2014-04-02 00:00:00,5414.0,26.0,2014-04-02,False,Wednesday
4369,2,4107.203084,1108.796916,2014-04-02 00:30:00,5216.0,25.6,2014-04-02,False,Wednesday
4370,3,3981.447074,1105.552926,2014-04-02 01:00:00,5087.0,25.4,2014-04-02,False,Wednesday
4371,4,3844.73931,1093.26069,2014-04-02 01:30:00,4938.0,25.0,2014-04-02,False,Wednesday
4372,5,3757.40716,1096.59284,2014-04-02 02:00:00,4854.0,25.1,2014-04-02,False,Wednesday
4373,6,3700.323868,1102.676132,2014-04-02 02:30:00,4803.0,25.0,2014-04-02,False,Wednesday
4374,7,3679.67052,1059.32948,2014-04-02 03:00:00,4739.0,25.1,2014-04-02,False,Wednesday
4375,8,3706.88483,1050.11517,2014-04-02 03:30:00,4757.0,25.0,2014-04-02,False,Wednesday
4376,9,3831.646542,1047.353458,2014-04-02 04:00:00,4879.0,25.0,2014-04-02,False,Wednesday
4377,10,4011.111464,1044.888536,2014-04-02 04:30:00,5056.0,24.7,2014-04-02,False,Wednesday
4378,11,4375.930258,1043.069742,2014-04-02 05:00:00,5419.0,24.5,2014-04-02,False,Wednesday
4379,12,4760.738866,1040.261134,2014-04-02 05:30:00,5801.0,24.2,2014-04-02,False,Wednesday
4380,13,5254.335176,1050.664824,2014-04-02 06:00:00,6305.0,24.1,2014-04-02,False,Wednesday
4381,14,5555.114166,1051.885834,2014-04-02 06:30:00,6607.0,24.3,2014-04-02,False,Wednesday
4382,15,5510.66808,1046.33192,2014-04-02 07:00:00,6557.0,23.7,2014-04-02,False,Wednesday
4383,16,5577.412116,1047.587884,2014-04-02 07:30:00,6625.0,23.8,2014-04-02,False,Wednesday
4384,17,5647.92455,1049.07545,2014-04-02 08:00:00,6697.0,23.9,2014-04-02,False,Wednesday
4385,18,5657.611454,1046.388546,2014-04-02 08:30:00,6704.0,23.5,2014-04-02,False,Wednesday
4386,19,5674.040894,1052.959106,2014-04-02 09:00:00,6727.0,23.5,2014-04-02,False,Wednesday
4387,20,5685.13429,1039.86571,2014-04-02 09:30:00,6725.0,23.8,2014-04-02,False,Wednesday
4388,21,5697.028498,1042.971502,2014-04-02 10:00:00,6740.0,24.0,2014-04-02,False,Wednesday
4389,22,5708.172852,1035.827148,2014-04-02 10:30:00,6744.0,24.8,2014-04-02,False,Wednesday
4390,23,5652.961756,1035.038244,2014-04-02 11:00:00,6688.0,24.1,2014-04-02,False,Wednesday
4391,24,5623.52478,1036.47522,2014-04-02 11:30:00,6660.0,21.5,2014-04-02,False,Wednesday
4392,25,5614.696766,1036.303234,2014-04-02 12:00:00,6651.0,22.0,2014-04-02,False,Wednesday
4393,26,5615.891256,1042.108744,2014-04-02 12:30:00,6658.0,21.0,2014-04-02,False,Wednesday
4394,27,5607.955682,1040.044318,2014-04-02 13:00:00,6648.0,20.5,2014-04-02,False,Wednesday
4395,28,5576.764908,1035.235092,2014-04-02 13:30:00,6612.0,19.5,2014-04-02,False,Wednesday
4396,29,5500.40204,1032.59796,2014-04-02 14:00:00,6533.0,19.2,2014-04-02,False,Wednesday
4397,30,5462.456278,1034.543722,2014-04-02 14:30:00,6497.0,19.4,2014-04-02,False,Wednesday
4398,31,5463.677592,1033.322408,2014-04-02 15:00:00,6497.0,19.0,2014-04-02,False,Wednesday
4399,32,5452.773478,1028.226522,2014-04-02 15:30:00,6481.0,19.3,2014-04-02,False,Wednesday
4400,33,5454.804488,1024.195512,2014-04-02 16:00:00,6479.0,19.6,2014-04-02,False,Wednesday
4401,34,5402.60314,1023.39686,2014-04-02 16:30:00,6426.0,19.9,2014-04-02,False,Wednesday
4402,35,5283.558202,1021.441798,2014-04-02 17:00:00,6305.0,19.6,2014-04-02,False,Wednesday
4403,36,5253.678982,1022.321018,2014-04-02 17:30:00,6276.0,19.6,2014-04-02,False,Wednesday
4404,37,5212.902808,1026.097192,2014-04-02 18:00:00,6239.0,19.2,2014-04-02,False,Wednesday
4405,38,5179.18047,1029.81953,2014-04-02 18:30:00,6209.0,19.1,2014-04-02,False,Wednesday
4406,39,5023.97429,1030.02571,2014-04-02 19:00:00,6054.0,19.1,2014-04-02,False,Wednesday
4407,40,4877.59314,1029.40686,2014-04-02 19:30:00,5907.0,19.1,2014-04-02,False,Wednesday
4408,41,4710.058216,1029.941784,2014-04-02 20:00:00,5740.0,18.8,2014-04-02,False,Wednesday
4409,42,4530.466198,1025.533802,2014-04-02 20:30:00,5556.0,18.8,2014-04-02,False,Wednesday
4410,43,4309.768272,1025.231728,2014-04-02 21:00:00,5335.0,18.7,2014-04-02,False,Wednesday
4411,44,4095.695492,1031.304508,2014-04-02 21:30:00,5127.0,18.3,2014-04-02,False,Wednesday
4412,45,4011.228528,1032.771472,2014-04-02 22:00:00,5044.0,18.4,2014-04-02,False,Wednesday
4413,46,4000.664006,1029.335994,2014-04-02 22:30:00,5030.0,18.3,2014-04-02,False,Wednesday
4414,47,4278.236104,1020.763896,2014-04-02 23:00:00,5299.0,18.1,2014-04-02,False,Wednesday
4415,48,4315.001698,1026.998302,2014-04-02 23:30:00,5342.0,17.7,2014-04-02,False,Wednesday
4416,1,4069.121902,1031.878098,2014-04-03 00:00:00,5101.0,17.1,2014-04-03,False,Thursday
4417,2,3883.100866,1031.899134,2014-04-03 00:30:00,4915.0,16.8,2014-04-03,False,Thursday
4418,3,3731.99877,1018.00123,2014-04-03 01:00:00,4750.0,16.5,2014-04-03,False,Thursday
4419,4,3601.831344,1016.168656,2014-04-03 01:30:00,4618.0,15.9,2014-04-03,False,Thursday
4420,5,3496.207864,1022.792136,2014-04-03 02:00:00,4519.0,15.6,2014-04-03,False,Thursday
4421,6,3431.44849,1023.55151,2014-04-03 02:30:00,4455.0,15.3,2014-04-03,False,Thursday
4422,7,3418.398634,1020.601366,2014-04-03 03:00:00,4439.0,15.6,2014-04-03,False,Thursday
4423,8,3446.954696,1011.045304,2014-04-03 03:30:00,4458.0,16.0,2014-04-03,False,Thursday
4424,9,3592.021628,1009.978372,2014-04-03 04:00:00,4602.0,16.4,2014-04-03,False,Thursday
4425,10,3749.761256,1015.238744,2014-04-03 04:30:00,4765.0,16.3,2014-04-03,False,Thursday
4426,11,4077.669412,1021.330588,2014-04-03 05:00:00,5099.0,16.2,2014-04-03,False,Thursday
4427,12,4432.41645,1025.58355,2014-04-03 05:30:00,5458.0,16.7,2014-04-03,False,Thursday
4428,13,4919.870464,1015.129536,2014-04-03 06:00:00,5935.0,16.4,2014-04-03,False,Thursday
4429,14,5265.698194,1016.301806,2014-04-03 06:30:00,6282.0,16.7,2014-04-03,False,Thursday
4430,15,5180.165238,1009.834762,2014-04-03 07:00:00,6190.0,17.0,2014-04-03,False,Thursday
4431,16,5194.037716,1013.962284,2014-04-03 07:30:00,6208.0,17.2,2014-04-03,False,Thursday
4432,17,5240.775584,1012.224416,2014-04-03 08:00:00,6253.0,17.5,2014-04-03,False,Thursday
4433,18,5190.949676,1024.050324,2014-04-03 08:30:00,6215.0,17.4,2014-04-03,False,Thursday
4434,19,5210.9187,1018.0813,2014-04-03 09:00:00,6229.0,17.5,2014-04-03,False,Thursday
4435,20,5208.55747,1012.44253,2014-04-03 09:30:00,6221.0,17.4,2014-04-03,False,Thursday
4436,21,5179.857784,1021.142216,2014-04-03 10:00:00,6201.0,17.6,2014-04-03,False,Thursday
4437,22,5186.67021,1019.32979,2014-04-03 10:30:00,6206.0,18.0,2014-04-03,False,Thursday
4438,23,5202.862046,1023.137954,2014-04-03 11:00:00,6226.0,18.2,2014-04-03,False,Thursday
4439,24,5170.399772,1020.600228,2014-04-03 11:30:00,6191.0,18.0,2014-04-03,False,Thursday
4440,25,5152.997614,1020.002386,2014-04-03 12:00:00,6173.0,17.4,2014-04-03,False,Thursday
4441,26,5151.993112,1024.006888,2014-04-03 12:30:00,6176.0,17.2,2014-04-03,False,Thursday
4442,27,5152.688052,1019.311948,2014-04-03 13:00:00,6172.0,16.8,2014-04-03,False,Thursday
4443,28,5143.340092,1016.659908,2014-04-03 13:30:00,6160.0,17.5,2014-04-03,False,Thursday
4444,29,5076.673188,1039.326812,2014-04-03 14:00:00,6116.0,17.5,2014-04-03,False,Thursday
4445,30,5061.468176,1032.531824,2014-04-03 14:30:00,6094.0,16.2,2014-04-03,False,Thursday
4446,31,5098.776356,1030.223644,2014-04-03 15:00:00,6129.0,17.8,2014-04-03,False,Thursday
4447,32,5101.309224,1028.690776,2014-04-03 15:30:00,6130.0,17.0,2014-04-03,False,Thursday
4448,33,5110.407056,1032.592944,2014-04-03 16:00:00,6143.0,17.5,2014-04-03,False,Thursday
4449,34,5131.809922,1026.190078,2014-04-03 16:30:00,6158.0,18.0,2014-04-03,False,Thursday
4450,35,5059.329502,1016.670498,2014-04-03 17:00:00,6076.0,17.8,2014-04-03,False,Thursday
4451,36,5046.353402,1017.646598,2014-04-03 17:30:00,6064.0,17.6,2014-04-03,False,Thursday
4452,37,5064.696484,1018.303516,2014-04-03 18:00:00,6083.0,17.5,2014-04-03,False,Thursday
4453,38,5087.083584,1024.916416,2014-04-03 18:30:00,6112.0,17.4,2014-04-03,False,Thursday
4454,39,4977.732984,1031.267016,2014-04-03 19:00:00,6009.0,17.0,2014-04-03,False,Thursday
4455,40,4881.705526,1030.294474,2014-04-03 19:30:00,5912.0,16.5,2014-04-03,False,Thursday
4456,41,4708.255512,1033.744488,2014-04-03 20:00:00,5742.0,16.3,2014-04-03,False,Thursday
4457,42,4534.050938,1027.949062,2014-04-03 20:30:00,5562.0,16.1,2014-04-03,False,Thursday
4458,43,4325.84514,1031.15486,2014-04-03 21:00:00,5357.0,16.1,2014-04-03,False,Thursday
4459,44,4109.909494,1042.090506,2014-04-03 21:30:00,5152.0,15.9,2014-04-03,False,Thursday
4460,45,4015.201778,1045.798222,2014-04-03 22:00:00,5061.0,15.5,2014-04-03,False,Thursday
4461,46,4005.9082,1041.0918,2014-04-03 22:30:00,5047.0,15.2,2014-04-03,False,Thursday
4462,47,4282.73881,1042.26119,2014-04-03 23:00:00,5325.0,15.1,2014-04-03,False,Thursday
4463,48,4338.43726,1044.56274,2014-04-03 23:30:00,5383.0,15.3,2014-04-03,False,Thursday
4464,1,4089.015044,1034.984956,2014-04-04 00:00:00,5124.0,15.2,2014-04-04,False,Friday
4465,2,3893.072322,953.927678,2014-04-04 00:30:00,4847.0,15.2,2014-04-04,False,Friday
4466,3,3745.471698,968.528302,2014-04-04 01:00:00,4714.0,14.9,2014-04-04,False,Friday
4467,4,3581.02977,1036.97023,2014-04-04 01:30:00,4618.0,14.7,2014-04-04,False,Friday
4468,5,3450.23929,1044.76071,2014-04-04 02:00:00,4495.0,14.7,2014-04-04,False,Friday
4469,6,3377.05089,1040.94911,2014-04-04 02:30:00,4418.0,14.7,2014-04-04,False,Friday
4470,7,3358.956706,1043.043294,2014-04-04 03:00:00,4402.0,14.6,2014-04-04,False,Friday
4471,8,3417.445126,1032.554874,2014-04-04 03:30:00,4450.0,14.7,2014-04-04,False,Friday
4472,9,3541.640686,1023.359314,2014-04-04 04:00:00,4565.0,14.8,2014-04-04,False,Friday
4473,10,3710.9081,1023.0919,2014-04-04 04:30:00,4734.0,14.9,2014-04-04,False,Friday
4474,11,4092.190226,1024.809774,2014-04-04 05:00:00,5117.0,14.9,2014-04-04,False,Friday
4475,12,4453.314212,1040.685788,2014-04-04 05:30:00,5494.0,15.0,2014-04-04,False,Friday
4476,13,4919.461756,1040.538244,2014-04-04 06:00:00,5960.0,15.2,2014-04-04,False,Friday
4477,14,5092.130334,1020.869666,2014-04-04 06:30:00,6113.0,15.4,2014-04-04,False,Friday
4478,15,5085.101144,1016.898856,2014-04-04 07:00:00,6102.0,15.6,2014-04-04,False,Friday
4479,16,5115.548328,1012.451672,2014-04-04 07:30:00,6128.0,15.6,2014-04-04,False,Friday
4480,17,5155.377924,1006.622076,2014-04-04 08:00:00,6162.0,15.8,2014-04-04,False,Friday
4481,18,5183.86448,1004.13552,2014-04-04 08:30:00,6188.0,15.9,2014-04-04,False,Friday
4482,19,5137.420376,1023.579624,2014-04-04 09:00:00,6161.0,16.1,2014-04-04,False,Friday
4483,20,5104.0689,1032.9311,2014-04-04 09:30:00,6137.0,16.7,2014-04-04,False,Friday
4484,21,5087.424588,1035.575412,2014-04-04 10:00:00,6123.0,17.8,2014-04-04,False,Friday
4485,22,5060.854818,1033.145182,2014-04-04 10:30:00,6094.0,17.8,2014-04-04,False,Friday
4486,23,5058.243506,1032.756494,2014-04-04 11:00:00,6091.0,18.3,2014-04-04,False,Friday
4487,24,5049.12813,1033.87187,2014-04-04 11:30:00,6083.0,18.5,2014-04-04,False,Friday
4488,25,5029.288738,1038.711262,2014-04-04 12:00:00,6068.0,19.3,2014-04-04,False,Friday
4489,26,5030.408116,1031.591884,2014-04-04 12:30:00,6062.0,19.4,2014-04-04,False,Friday
4490,27,4999.47515,1037.52485,2014-04-04 13:00:00,6037.0,19.4,2014-04-04,False,Friday
4491,28,4980.987444,1030.012556,2014-04-04 13:30:00,6011.0,19.7,2014-04-04,False,Friday
4492,29,4973.156008,1024.843992,2014-04-04 14:00:00,5998.0,19.3,2014-04-04,False,Friday
4493,30,4952.799434,1027.200566,2014-04-04 14:30:00,5980.0,19.4,2014-04-04,False,Friday
4494,31,4964.234376,1025.765624,2014-04-04 15:00:00,5990.0,19.5,2014-04-04,False,Friday
4495,32,5009.445672,1028.554328,2014-04-04 15:30:00,6038.0,19.6,2014-04-04,False,Friday
4496,33,5018.516892,1029.483108,2014-04-04 16:00:00,6048.0,19.1,2014-04-04,False,Friday
4497,34,5015.349178,1034.650822,2014-04-04 16:30:00,6050.0,19.2,2014-04-04,False,Friday
4498,35,4940.657758,1039.342242,2014-04-04 17:00:00,5980.0,19.2,2014-04-04,False,Friday
4499,36,4925.20916,1032.79084,2014-04-04 17:30:00,5958.0,19.2,2014-04-04,False,Friday
4500,37,4953.09115,1033.90885,2014-04-04 18:00:00,5987.0,19.0,2014-04-04,False,Friday
4501,38,4980.88247,1037.11753,2014-04-04 18:30:00,6018.0,18.7,2014-04-04,False,Friday
4502,39,4879.335684,1034.664316,2014-04-04 19:00:00,5914.0,18.1,2014-04-04,False,Friday
4503,40,4770.490886,1037.509114,2014-04-04 19:30:00,5808.0,17.6,2014-04-04,False,Friday
4504,41,4586.266334,1037.733666,2014-04-04 20:00:00,5624.0,17.5,2014-04-04,False,Friday
4505,42,4408.086366,1024.913634,2014-04-04 20:30:00,5433.0,17.4,2014-04-04,False,Friday
4506,43,4234.920714,1020.079286,2014-04-04 21:00:00,5255.0,16.9,2014-04-04,False,Friday
4507,44,4031.524748,1024.475252,2014-04-04 21:30:00,5056.0,16.6,2014-04-04,False,Friday
4508,45,3971.767528,1025.232472,2014-04-04 22:00:00,4997.0,16.4,2014-04-04,False,Friday
4509,46,3977.180564,1020.819436,2014-04-04 22:30:00,4998.0,17.3,2014-04-04,False,Friday
4510,47,4253.634106,1016.365894,2014-04-04 23:00:00,5270.0,17.0,2014-04-04,False,Friday
4511,48,4286.357488,1026.642512,2014-04-04 23:30:00,5313.0,16.5,2014-04-04,False,Friday
4512,1,4049.61758,1028.38242,2014-04-05 00:00:00,5078.0,15.5,2014-04-05,False,Saturday
4513,2,3842.016762,1032.983238,2014-04-05 00:30:00,4875.0,15.1,2014-04-05,False,Saturday
4514,3,3674.930604,1024.069396,2014-04-05 01:00:00,4699.0,16.0,2014-04-05,False,Saturday
4515,4,3497.342966,1027.657034,2014-04-05 01:30:00,4525.0,15.8,2014-04-05,False,Saturday
4516,5,3364.374484,1032.625516,2014-04-05 02:00:00,4397.0,15.7,2014-04-05,False,Saturday
4517,6,3289.318784,1034.681216,2014-04-05 02:30:00,4324.0,15.8,2014-04-05,False,Saturday
4518,7,3244.343356,1028.656644,2014-04-05 03:00:00,4273.0,15.9,2014-04-05,False,Saturday
4519,8,3230.675498,1029.324502,2014-04-05 03:30:00,4260.0,15.9,2014-04-05,False,Saturday
4520,9,3276.39616,1029.60384,2014-04-05 04:00:00,4306.0,16.2,2014-04-05,False,Saturday
4521,10,3356.711446,1018.288554,2014-04-05 04:30:00,4375.0,16.1,2014-04-05,False,Saturday
4522,11,3537.749652,1016.250348,2014-04-05 05:00:00,4554.0,15.6,2014-04-05,False,Saturday
4523,12,3647.831966,1012.168034,2014-04-05 05:30:00,4660.0,15.6,2014-04-05,False,Saturday
4524,13,3861.56444,1025.43556,2014-04-05 06:00:00,4887.0,16.0,2014-04-05,False,Saturday
4525,14,4022.619672,1024.380328,2014-04-05 06:30:00,5047.0,16.4,2014-04-05,False,Saturday
4526,15,4037.122388,1018.877612,2014-04-05 07:00:00,5056.0,16.7,2014-04-05,False,Saturday
4527,16,4162.189806,1018.810194,2014-04-05 07:30:00,5181.0,17.2,2014-04-05,False,Saturday
4528,17,4252.110316,1015.889684,2014-04-05 08:00:00,5268.0,17.5,2014-04-05,False,Saturday
4529,18,4279.487818,972.512182,2014-04-05 08:30:00,5252.0,17.5,2014-04-05,False,Saturday
4530,19,4273.397476,1003.602524,2014-04-05 09:00:00,5277.0,18.3,2014-04-05,False,Saturday
4531,20,4255.001256,1015.998744,2014-04-05 09:30:00,5271.0,18.8,2014-04-05,False,Saturday
4532,21,4232.094782,1020.905218,2014-04-05 10:00:00,5253.0,19.8,2014-04-05,False,Saturday
4533,22,4205.47343,1025.52657,2014-04-05 10:30:00,5231.0,20.5,2014-04-05,False,Saturday
4534,23,4180.044558,1028.955442,2014-04-05 11:00:00,5209.0,20.7,2014-04-05,False,Saturday
4535,24,4163.12758,1031.87242,2014-04-05 11:30:00,5195.0,21.0,2014-04-05,False,Saturday
4536,25,4137.429368,1022.570632,2014-04-05 12:00:00,5160.0,22.7,2014-04-05,False,Saturday
4537,26,4132.825346,1021.174654,2014-04-05 12:30:00,5154.0,22.1,2014-04-05,False,Saturday
4538,27,4138.32576,1025.67424,2014-04-05 13:00:00,5164.0,22.9,2014-04-05,False,Saturday
4539,28,4146.670326,1024.329674,2014-04-05 13:30:00,5171.0,23.0,2014-04-05,False,Saturday
4540,29,4150.119654,1018.880346,2014-04-05 14:00:00,5169.0,23.1,2014-04-05,False,Saturday
4541,30,4151.530938,1025.469062,2014-04-05 14:30:00,5177.0,23.2,2014-04-05,False,Saturday
4542,31,4187.616796,1026.383204,2014-04-05 15:00:00,5214.0,24.1,2014-04-05,False,Saturday
4543,32,4246.223888,1012.776112,2014-04-05 15:30:00,5259.0,23.4,2014-04-05,False,Saturday
4544,33,4280.413786,1024.586214,2014-04-05 16:00:00,5305.0,23.4,2014-04-05,False,Saturday
4545,34,4340.53662,1024.46338,2014-04-05 16:30:00,5365.0,23.0,2014-04-05,False,Saturday
4546,35,4365.078192,1016.921808,2014-04-05 17:00:00,5382.0,22.7,2014-04-05,False,Saturday
4547,36,4354.506204,1013.493796,2014-04-05 17:30:00,5368.0,21.8,2014-04-05,False,Saturday
4548,37,4402.57579,1010.42421,2014-04-05 18:00:00,5413.0,20.9,2014-04-05,False,Saturday
4549,38,4471.229024,1013.770976,2014-04-05 18:30:00,5485.0,20.4,2014-04-05,False,Saturday
4550,39,4392.426862,1016.573138,2014-04-05 19:00:00,5409.0,19.9,2014-04-05,False,Saturday
4551,40,4302.175464,1017.824536,2014-04-05 19:30:00,5320.0,19.6,2014-04-05,False,Saturday
4552,41,4192.535712,1019.464288,2014-04-05 20:00:00,5212.0,19.3,2014-04-05,False,Saturday
4553,42,4083.869924,1023.130076,2014-04-05 20:30:00,5107.0,19.0,2014-04-05,False,Saturday
4554,43,3980.688618,1013.311382,2014-04-05 21:00:00,4994.0,18.4,2014-04-05,False,Saturday
4555,44,3853.48664,1005.51336,2014-04-05 21:30:00,4859.0,18.1,2014-04-05,False,Saturday
4556,45,3812.231732,1017.768268,2014-04-05 22:00:00,4830.0,17.9,2014-04-05,False,Saturday
4557,46,3833.648086,1016.351914,2014-04-05 22:30:00,4850.0,17.5,2014-04-05,False,Saturday
4558,47,4106.462092,1015.537908,2014-04-05 23:00:00,5122.0,17.0,2014-04-05,False,Saturday
4559,48,4153.610138,1017.389862,2014-04-05 23:30:00,5171.0,16.6,2014-04-05,False,Saturday
4560,1,3941.659572,1019.340428,2014-04-06 00:00:00,4961.0,16.3,2014-04-06,False,Sunday
4561,2,3760.600356,1013.399644,2014-04-06 00:30:00,4774.0,16.0,2014-04-06,False,Sunday
4562,3,3584.22155,1017.77845,2014-04-06 01:00:00,4602.0,15.8,2014-04-06,False,Sunday
4563,4,3398.086864,1013.913136,2014-04-06 01:30:00,4412.0,15.6,2014-04-06,False,Sunday
4564,5,3262.418962,1011.581038,2014-04-06 02:00:00,4274.0,15.3,2014-04-06,False,Sunday
4565,6,3157.28526,1018.71474,2014-04-06 02:30:00,4176.0,14.9,2014-04-06,False,Sunday
4566,7,3085.769044,1026.230956,2014-04-06 03:00:00,4112.0,14.8,2014-04-06,False,Sunday
4567,8,3036.17534,1023.82466,2014-04-06 03:30:00,4060.0,14.6,2014-04-06,False,Sunday
4568,9,3018.141834,1021.858166,2014-04-06 04:00:00,4040.0,13.8,2014-04-06,False,Sunday
4569,10,3017.813996,1026.186004,2014-04-06 04:30:00,4044.0,13.6,2014-04-06,False,Sunday
4570,11,3044.08277,1017.91723,2014-04-06 05:00:00,4062.0,13.8,2014-04-06,False,Sunday
4571,12,3102.859422,1015.140578,2014-04-06 05:30:00,4118.0,13.8,2014-04-06,False,Sunday
4572,13,3219.405936,1015.594064,2014-04-06 06:00:00,4235.0,12.7,2014-04-06,False,Sunday
4573,14,3323.337636,1013.662364,2014-04-06 06:30:00,4337.0,12.8,2014-04-06,False,Sunday
4574,15,3377.00674,1012.99326,2014-04-06 07:00:00,4390.0,13.3,2014-04-06,False,Sunday
4575,16,3503.41321,1016.58679,2014-04-06 07:30:00,4520.0,13.1,2014-04-06,False,Sunday
4576,17,3642.25484,1016.74516,2014-04-06 08:00:00,4659.0,12.6,2014-04-06,False,Sunday
4577,18,3699.591346,1012.408654,2014-04-06 08:30:00,4712.0,12.8,2014-04-06,False,Sunday
4578,19,3760.492466,1016.507534,2014-04-06 09:00:00,4777.0,14.3,2014-04-06,False,Sunday
4579,20,3789.938958,1021.061042,2014-04-06 09:30:00,4811.0,16.0,2014-04-06,False,Sunday
4580,21,3817.4722,1020.5278,2014-04-06 10:00:00,4838.0,18.1,2014-04-06,False,Sunday
4581,22,3825.519384,1020.480616,2014-04-06 10:30:00,4846.0,19.3,2014-04-06,False,Sunday
4582,23,3836.661272,1020.338728,2014-04-06 11:00:00,4857.0,21.3,2014-04-06,False,Sunday
4583,24,3852.053442,1024.946558,2014-04-06 11:30:00,4877.0,21.9,2014-04-06,False,Sunday
4584,25,3879.036686,1019.963314,2014-04-06 12:00:00,4899.0,20.9,2014-04-06,False,Sunday
4585,26,3877.5958,1019.4042,2014-04-06 12:30:00,4897.0,22.3,2014-04-06,False,Sunday
4586,27,3864.832502,1018.167498,2014-04-06 13:00:00,4883.0,23.1,2014-04-06,False,Sunday
4587,28,3885.256076,1011.743924,2014-04-06 13:30:00,4897.0,23.3,2014-04-06,False,Sunday
4588,29,3893.605296,1012.394704,2014-04-06 14:00:00,4906.0,23.7,2014-04-06,False,Sunday
4589,30,3909.378014,1012.621986,2014-04-06 14:30:00,4922.0,23.6,2014-04-06,False,Sunday
4590,31,3959.53729,1013.46271,2014-04-06 15:00:00,4973.0,24.3,2014-04-06,False,Sunday
4591,32,4024.77082,1015.22918,2014-04-06 15:30:00,5040.0,23.7,2014-04-06,False,Sunday
4592,33,4087.878652,1015.121348,2014-04-06 16:00:00,5103.0,23.0,2014-04-06,False,Sunday
4593,34,4200.291124,1016.708876,2014-04-06 16:30:00,5217.0,22.3,2014-04-06,False,Sunday
4594,35,4314.556696,1011.443304,2014-04-06 17:00:00,5326.0,22.1,2014-04-06,False,Sunday
4595,36,4440.950718,1010.049282,2014-04-06 17:30:00,5451.0,22.3,2014-04-06,False,Sunday
4596,37,4593.288194,1011.711806,2014-04-06 18:00:00,5605.0,21.8,2014-04-06,False,Sunday
4597,38,4685.158858,1015.841142,2014-04-06 18:30:00,5701.0,20.9,2014-04-06,False,Sunday
4598,39,4583.776348,1010.223652,2014-04-06 19:00:00,5594.0,20.2,2014-04-06,False,Sunday
4599,40,4459.47654,1005.52346,2014-04-06 19:30:00,5465.0,19.7,2014-04-06,False,Sunday
4600,41,4331.037114,1008.962886,2014-04-06 20:00:00,5340.0,19.3,2014-04-06,False,Sunday
4601,42,4232.29898,1016.70102,2014-04-06 20:30:00,5249.0,19.1,2014-04-06,False,Sunday
4602,43,4110.17726,1013.82274,2014-04-06 21:00:00,5124.0,18.7,2014-04-06,False,Sunday
4603,44,3974.119166,1013.880834,2014-04-06 21:30:00,4988.0,18.4,2014-04-06,False,Sunday
4604,45,3911.511076,1012.488924,2014-04-06 22:00:00,4924.0,18.0,2014-04-06,False,Sunday
4605,46,3901.678606,1010.321394,2014-04-06 22:30:00,4912.0,17.4,2014-04-06,False,Sunday
4606,47,4183.972868,1015.027132,2014-04-06 23:00:00,5199.0,16.7,2014-04-06,False,Sunday
4607,48,4234.657036,1019.342964,2014-04-06 23:30:00,5254.0,16.3,2014-04-06,False,Sunday
4608,1,3990.638948,1022.361052,2014-04-07 00:00:00,5013.0,16.2,2014-04-07,False,Monday
4609,2,3777.023918,1011.976082,2014-04-07 00:30:00,4789.0,15.8,2014-04-07,False,Monday
4610,3,3585.030392,1013.969608,2014-04-07 01:00:00,4599.0,15.4,2014-04-07,False,Monday
4611,4,3400.325388,1011.674612,2014-04-07 01:30:00,4412.0,14.8,2014-04-07,False,Monday
4612,5,3249.687342,1007.312658,2014-04-07 02:00:00,4257.0,14.7,2014-04-07,False,Monday
4613,6,3160.353252,1002.646748,2014-04-07 02:30:00,4163.0,14.7,2014-04-07,False,Monday
4614,7,3117.682378,1007.317622,2014-04-07 03:00:00,4125.0,14.6,2014-04-07,False,Monday
4615,8,3092.669086,1008.330914,2014-04-07 03:30:00,4101.0,14.4,2014-04-07,False,Monday
4616,9,3128.601362,1008.398638,2014-04-07 04:00:00,4137.0,14.0,2014-04-07,False,Monday
4617,10,3192.12985,1009.87015,2014-04-07 04:30:00,4202.0,13.8,2014-04-07,False,Monday
4618,11,3374.010818,1006.989182,2014-04-07 05:00:00,4381.0,13.4,2014-04-07,False,Monday
4619,12,3580.472884,1009.527116,2014-04-07 05:30:00,4590.0,13.4,2014-04-07,False,Monday
4620,13,3969.275874,1013.724126,2014-04-07 06:00:00,4983.0,13.4,2014-04-07,False,Monday
4621,14,4281.632708,1014.367292,2014-04-07 06:30:00,5296.0,13.7,2014-04-07,False,Monday
4622,15,4474.088838,1013.911162,2014-04-07 07:00:00,5488.0,14.1,2014-04-07,False,Monday
4623,16,4697.835896,1019.164104,2014-04-07 07:30:00,5717.0,14.3,2014-04-07,False,Monday
4624,17,4821.99909,1016.00091,2014-04-07 08:00:00,5838.0,14.7,2014-04-07,False,Monday
4625,18,4906.781834,1021.218166,2014-04-07 08:30:00,5928.0,16.0,2014-04-07,False,Monday
4626,19,4988.62861,1023.37139,2014-04-07 09:00:00,6012.0,17.0,2014-04-07,False,Monday
4627,20,5011.340248,1025.659752,2014-04-07 09:30:00,6037.0,17.4,2014-04-07,False,Monday
4628,21,5001.709294,1020.290706,2014-04-07 10:00:00,6022.0,18.5,2014-04-07,False,Monday
4629,22,5037.69615,1018.30385,2014-04-07 10:30:00,6056.0,20.6,2014-04-07,False,Monday
4630,23,5055.949924,1021.050076,2014-04-07 11:00:00,6077.0,21.4,2014-04-07,False,Monday
4631,24,5091.43505,1024.56495,2014-04-07 11:30:00,6116.0,22.4,2014-04-07,False,Monday
4632,25,5132.489532,1023.510468,2014-04-07 12:00:00,6156.0,22.9,2014-04-07,False,Monday
4633,26,5146.287686,1023.712314,2014-04-07 12:30:00,6170.0,23.5,2014-04-07,False,Monday
4634,27,5178.03329,1028.96671,2014-04-07 13:00:00,6207.0,22.9,2014-04-07,False,Monday
4635,28,5206.74057,1031.25943,2014-04-07 13:30:00,6238.0,23.8,2014-04-07,False,Monday
4636,29,5230.666982,1027.333018,2014-04-07 14:00:00,6258.0,23.9,2014-04-07,False,Monday
4637,30,5243.223718,1025.776282,2014-04-07 14:30:00,6269.0,24.1,2014-04-07,False,Monday
4638,31,5263.174134,1023.825866,2014-04-07 15:00:00,6287.0,24.5,2014-04-07,False,Monday
4639,32,5271.790696,1027.209304,2014-04-07 15:30:00,6299.0,24.3,2014-04-07,False,Monday
4640,33,5284.543148,1020.456852,2014-04-07 16:00:00,6305.0,24.3,2014-04-07,False,Monday
4641,34,5314.055758,1031.944242,2014-04-07 16:30:00,6346.0,23.8,2014-04-07,False,Monday
4642,35,5328.435538,1025.564462,2014-04-07 17:00:00,6354.0,23.5,2014-04-07,False,Monday
4643,36,5370.165508,1017.834492,2014-04-07 17:30:00,6388.0,23.3,2014-04-07,False,Monday
4644,37,5425.991206,1025.008794,2014-04-07 18:00:00,6451.0,23.0,2014-04-07,False,Monday
4645,38,5433.41545,1010.58455,2014-04-07 18:30:00,6444.0,22.7,2014-04-07,False,Monday
4646,39,5272.996762,1014.003238,2014-04-07 19:00:00,6287.0,22.6,2014-04-07,False,Monday
4647,40,5088.957498,1017.042502,2014-04-07 19:30:00,6106.0,22.3,2014-04-07,False,Monday
4648,41,4897.785516,1016.214484,2014-04-07 20:00:00,5914.0,21.7,2014-04-07,False,Monday
4649,42,4769.922114,1021.077886,2014-04-07 20:30:00,5791.0,21.4,2014-04-07,False,Monday
4650,43,4605.653886,1027.346114,2014-04-07 21:00:00,5633.0,21.2,2014-04-07,False,Monday
4651,44,4425.254988,1038.745012,2014-04-07 21:30:00,5464.0,21.0,2014-04-07,False,Monday
4652,45,4310.611174,1033.388826,2014-04-07 22:00:00,5344.0,20.5,2014-04-07,False,Monday
4653,46,4263.61358,1031.38642,2014-04-07 22:30:00,5295.0,20.2,2014-04-07,False,Monday
4654,47,4507.25103,1025.74897,2014-04-07 23:00:00,5533.0,19.9,2014-04-07,False,Monday
4655,48,4516.417446,1025.582554,2014-04-07 23:30:00,5542.0,19.6,2014-04-07,False,Monday
4656,1,4248.44661,1034.55339,2014-04-08 00:00:00,5283.0,18.5,2014-04-08,False,Tuesday
4657,2,4032.147198,1037.852802,2014-04-08 00:30:00,5070.0,19.0,2014-04-08,False,Tuesday
4658,3,3829.684316,1027.315684,2014-04-08 01:00:00,4857.0,18.8,2014-04-08,False,Tuesday
4659,4,3670.764044,1019.235956,2014-04-08 01:30:00,4690.0,18.6,2014-04-08,False,Tuesday
4660,5,3515.698558,1034.301442,2014-04-08 02:00:00,4550.0,17.9,2014-04-08,False,Tuesday
4661,6,3414.255804,1027.744196,2014-04-08 02:30:00,4442.0,18.2,2014-04-08,False,Tuesday
4662,7,3362.55992,1025.44008,2014-04-08 03:00:00,4388.0,18.4,2014-04-08,False,Tuesday
4663,8,3322.670902,1025.329098,2014-04-08 03:30:00,4348.0,18.5,2014-04-08,False,Tuesday
4664,9,3331.746914,1022.253086,2014-04-08 04:00:00,4354.0,18.2,2014-04-08,False,Tuesday
4665,10,3364.602912,1033.397088,2014-04-08 04:30:00,4398.0,18.2,2014-04-08,False,Tuesday
4666,11,3508.19174,1026.80826,2014-04-08 05:00:00,4535.0,18.4,2014-04-08,False,Tuesday
4667,12,3713.74719,1023.25281,2014-04-08 05:30:00,4737.0,18.1,2014-04-08,False,Tuesday
4668,13,4135.178386,1020.821614,2014-04-08 06:00:00,5156.0,17.9,2014-04-08,False,Tuesday
4669,14,4448.51766,1014.48234,2014-04-08 06:30:00,5463.0,18.7,2014-04-08,False,Tuesday
4670,15,4614.615502,1012.384498,2014-04-08 07:00:00,5627.0,19.0,2014-04-08,False,Tuesday
4671,16,4869.99007,1015.00993,2014-04-08 07:30:00,5885.0,19.0,2014-04-08,False,Tuesday
4672,17,5020.912726,1006.087274,2014-04-08 08:00:00,6027.0,19.1,2014-04-08,False,Tuesday
4673,18,5150.998104,1005.001896,2014-04-08 08:30:00,6156.0,19.7,2014-04-08,False,Tuesday
4674,19,5220.012642,1005.987358,2014-04-08 09:00:00,6226.0,20.1,2014-04-08,False,Tuesday
4675,20,5240.257824,995.742176,2014-04-08 09:30:00,6236.0,21.0,2014-04-08,False,Tuesday
4676,21,5254.431202,995.568798,2014-04-08 10:00:00,6250.0,21.4,2014-04-08,False,Tuesday
4677,22,5289.660568,993.339432,2014-04-08 10:30:00,6283.0,21.3,2014-04-08,False,Tuesday
4678,23,5315.837876,996.162124,2014-04-08 11:00:00,6312.0,21.5,2014-04-08,False,Tuesday
4679,24,5331.7555,1003.2445,2014-04-08 11:30:00,6335.0,21.7,2014-04-08,False,Tuesday
4680,25,5352.868102,1005.131898,2014-04-08 12:00:00,6358.0,22.0,2014-04-08,False,Tuesday
4681,26,5354.412332,1003.587668,2014-04-08 12:30:00,6358.0,21.9,2014-04-08,False,Tuesday
4682,27,5357.220976,1008.779024,2014-04-08 13:00:00,6366.0,20.6,2014-04-08,False,Tuesday
4683,28,5364.123134,1005.876866,2014-04-08 13:30:00,6370.0,19.3,2014-04-08,False,Tuesday
4684,29,5357.325538,1001.674462,2014-04-08 14:00:00,6359.0,18.6,2014-04-08,False,Tuesday
4685,30,5356.622468,1002.377532,2014-04-08 14:30:00,6359.0,18.1,2014-04-08,False,Tuesday
4686,31,5346.017962,999.982038,2014-04-08 15:00:00,6346.0,17.6,2014-04-08,False,Tuesday
4687,32,5335.165614,988.834386,2014-04-08 15:30:00,6324.0,17.6,2014-04-08,False,Tuesday
4688,33,5357.334988,993.665012,2014-04-08 16:00:00,6351.0,17.6,2014-04-08,False,Tuesday
4689,34,5408.015974,996.984026,2014-04-08 16:30:00,6405.0,17.6,2014-04-08,False,Tuesday
4690,35,5450.415822,997.584178,2014-04-08 17:00:00,6448.0,17.6,2014-04-08,False,Tuesday
4691,36,5516.553202,1001.446798,2014-04-08 17:30:00,6518.0,17.4,2014-04-08,False,Tuesday
4692,37,5558.261186,998.738814,2014-04-08 18:00:00,6557.0,17.4,2014-04-08,False,Tuesday
4693,38,5508.21064,995.78936,2014-04-08 18:30:00,6504.0,17.4,2014-04-08,False,Tuesday
4694,39,5343.338974,995.661026,2014-04-08 19:00:00,6339.0,17.4,2014-04-08,False,Tuesday
4695,40,5185.137416,998.862584,2014-04-08 19:30:00,6184.0,17.4,2014-04-08,False,Tuesday
4696,41,5001.002212,995.997788,2014-04-08 20:00:00,5997.0,17.3,2014-04-08,False,Tuesday
4697,42,4857.157716,1006.842284,2014-04-08 20:30:00,5864.0,17.3,2014-04-08,False,Tuesday
4698,43,4663.077772,1009.922228,2014-04-08 21:00:00,5673.0,17.3,2014-04-08,False,Tuesday
4699,44,4497.095414,1012.904586,2014-04-08 21:30:00,5510.0,17.3,2014-04-08,False,Tuesday
4700,45,4383.249772,1013.750228,2014-04-08 22:00:00,5397.0,17.2,2014-04-08,False,Tuesday
4701,46,4315.463656,1016.536344,2014-04-08 22:30:00,5332.0,17.2,2014-04-08,False,Tuesday
4702,47,4555.967764,1011.032236,2014-04-08 23:00:00,5567.0,17.3,2014-04-08,False,Tuesday
4703,48,4571.033436,1017.966564,2014-04-08 23:30:00,5589.0,17.3,2014-04-08,False,Tuesday
4704,1,4296.595818,1016.404182,2014-04-09 00:00:00,5313.0,17.1,2014-04-09,False,Wednesday
4705,2,4076.461824,1017.538176,2014-04-09 00:30:00,5094.0,17.1,2014-04-09,False,Wednesday
4706,3,3852.607568,1014.392432,2014-04-09 01:00:00,4867.0,17.1,2014-04-09,False,Wednesday
4707,4,3676.089466,1015.910534,2014-04-09 01:30:00,4692.0,17.2,2014-04-09,False,Wednesday
4708,5,3532.77769,1019.22231,2014-04-09 02:00:00,4552.0,17.0,2014-04-09,False,Wednesday
4709,6,3444.808364,1015.191636,2014-04-09 02:30:00,4460.0,16.8,2014-04-09,False,Wednesday
4710,7,3392.88932,1020.11068,2014-04-09 03:00:00,4413.0,16.9,2014-04-09,False,Wednesday
4711,8,3367.078328,1016.921672,2014-04-09 03:30:00,4384.0,16.9,2014-04-09,False,Wednesday
4712,9,3379.428162,1019.571838,2014-04-09 04:00:00,4399.0,16.8,2014-04-09,False,Wednesday
4713,10,3449.665258,1012.334742,2014-04-09 04:30:00,4462.0,16.8,2014-04-09,False,Wednesday
4714,11,3618.332532,1015.667468,2014-04-09 05:00:00,4634.0,16.8,2014-04-09,False,Wednesday
4715,12,3809.729816,1019.270184,2014-04-09 05:30:00,4829.0,16.7,2014-04-09,False,Wednesday
4716,13,4135.447742,1021.552258,2014-04-09 06:00:00,5157.0,16.7,2014-04-09,False,Wednesday
4717,14,4476.829292,1025.170708,2014-04-09 06:30:00,5502.0,16.8,2014-04-09,False,Wednesday
4718,15,4657.069476,1023.930524,2014-04-09 07:00:00,5681.0,16.9,2014-04-09,False,Wednesday
4719,16,4919.160174,1012.839826,2014-04-09 07:30:00,5932.0,17.0,2014-04-09,False,Wednesday
4720,17,5120.568968,1010.431032,2014-04-09 08:00:00,6131.0,17.2,2014-04-09,False,Wednesday
4721,18,5230.045768,1011.954232,2014-04-09 08:30:00,6242.0,17.4,2014-04-09,False,Wednesday
4722,19,5293.189174,1010.810826,2014-04-09 09:00:00,6304.0,17.4,2014-04-09,False,Wednesday
4723,20,5267.99689,1024.00311,2014-04-09 09:30:00,6292.0,17.5,2014-04-09,False,Wednesday
4724,21,5261.965,1024.035,2014-04-09 10:00:00,6286.0,17.3,2014-04-09,False,Wednesday
4725,22,5276.263102,1021.736898,2014-04-09 10:30:00,6298.0,17.3,2014-04-09,False,Wednesday
4726,23,5292.413346,1016.586654,2014-04-09 11:00:00,6309.0,17.4,2014-04-09,False,Wednesday
4727,24,5316.97857,1017.02143,2014-04-09 11:30:00,6334.0,17.4,2014-04-09,False,Wednesday
4728,25,5321.867396,1014.132604,2014-04-09 12:00:00,6336.0,17.5,2014-04-09,False,Wednesday
4729,26,5311.920856,1021.079144,2014-04-09 12:30:00,6333.0,17.5,2014-04-09,False,Wednesday
4730,27,5329.549372,1022.450628,2014-04-09 13:00:00,6352.0,17.6,2014-04-09,False,Wednesday
4731,28,5319.488246,1024.511754,2014-04-09 13:30:00,6344.0,17.7,2014-04-09,False,Wednesday
4732,29,5302.736176,1029.263824,2014-04-09 14:00:00,6332.0,17.6,2014-04-09,False,Wednesday
4733,30,5277.711998,1028.288002,2014-04-09 14:30:00,6306.0,17.8,2014-04-09,False,Wednesday
4734,31,5246.747074,1025.252926,2014-04-09 15:00:00,6272.0,17.7,2014-04-09,False,Wednesday
4735,32,5250.504644,1017.495356,2014-04-09 15:30:00,6268.0,17.6,2014-04-09,False,Wednesday
4736,33,5277.803192,985.196808,2014-04-09 16:00:00,6263.0,17.7,2014-04-09,False,Wednesday
4737,34,5340.792594,1019.207406,2014-04-09 16:30:00,6360.0,17.8,2014-04-09,False,Wednesday
4738,35,5412.991934,1016.008066,2014-04-09 17:00:00,6429.0,17.7,2014-04-09,False,Wednesday
4739,36,5490.594946,1022.405054,2014-04-09 17:30:00,6513.0,17.5,2014-04-09,False,Wednesday
4740,37,5501.20255,1017.79745,2014-04-09 18:00:00,6519.0,17.4,2014-04-09,False,Wednesday
4741,38,5417.88338,1024.11662,2014-04-09 18:30:00,6442.0,17.2,2014-04-09,False,Wednesday
4742,39,5217.536442,1022.463558,2014-04-09 19:00:00,6240.0,17.4,2014-04-09,False,Wednesday
4743,40,5073.554524,1027.445476,2014-04-09 19:30:00,6101.0,17.3,2014-04-09,False,Wednesday
4744,41,4921.021854,1031.978146,2014-04-09 20:00:00,5953.0,17.3,2014-04-09,False,Wednesday
4745,42,4772.528138,1031.471862,2014-04-09 20:30:00,5804.0,17.2,2014-04-09,False,Wednesday
4746,43,4601.404468,1030.595532,2014-04-09 21:00:00,5632.0,17.2,2014-04-09,False,Wednesday
4747,44,4448.240736,1031.759264,2014-04-09 21:30:00,5480.0,17.3,2014-04-09,False,Wednesday
4748,45,4319.077604,1027.922396,2014-04-09 22:00:00,5347.0,17.0,2014-04-09,False,Wednesday
4749,46,4262.543608,1028.456392,2014-04-09 22:30:00,5291.0,17.0,2014-04-09,False,Wednesday
4750,47,4516.298914,1025.701086,2014-04-09 23:00:00,5542.0,17.0,2014-04-09,False,Wednesday
4751,48,4520.951888,1034.048112,2014-04-09 23:30:00,5555.0,16.9,2014-04-09,False,Wednesday
4752,1,4230.188876,1032.811124,2014-04-10 00:00:00,5263.0,16.8,2014-04-10,False,Thursday
4753,2,4008.599436,1032.400564,2014-04-10 00:30:00,5041.0,16.8,2014-04-10,False,Thursday
4754,3,3817.294266,1030.705734,2014-04-10 01:00:00,4848.0,16.7,2014-04-10,False,Thursday
4755,4,3639.257244,1025.742756,2014-04-10 01:30:00,4665.0,16.7,2014-04-10,False,Thursday
4756,5,3483.239442,1032.760558,2014-04-10 02:00:00,4516.0,16.7,2014-04-10,False,Thursday
4757,6,3382.100872,1028.899128,2014-04-10 02:30:00,4411.0,16.7,2014-04-10,False,Thursday
4758,7,3340.047136,1024.952864,2014-04-10 03:00:00,4365.0,16.5,2014-04-10,False,Thursday
4759,8,3312.88821,1029.11179,2014-04-10 03:30:00,4342.0,16.6,2014-04-10,False,Thursday
4760,9,3326.711728,1021.288272,2014-04-10 04:00:00,4348.0,16.5,2014-04-10,False,Thursday
4761,10,3363.674604,1021.325396,2014-04-10 04:30:00,4385.0,16.7,2014-04-10,False,Thursday
4762,11,3495.785106,1025.214894,2014-04-10 05:00:00,4521.0,16.7,2014-04-10,False,Thursday
4763,12,3664.876084,1021.123916,2014-04-10 05:30:00,4686.0,16.7,2014-04-10,False,Thursday
4764,13,4006.963618,1021.036382,2014-04-10 06:00:00,5028.0,16.7,2014-04-10,False,Thursday
4765,14,4343.020456,1023.979544,2014-04-10 06:30:00,5367.0,16.8,2014-04-10,False,Thursday
4766,15,4534.406212,1022.593788,2014-04-10 07:00:00,5557.0,16.9,2014-04-10,False,Thursday
4767,16,4821.939154,1009.060846,2014-04-10 07:30:00,5831.0,16.9,2014-04-10,False,Thursday
4768,17,5023.151342,1004.848658,2014-04-10 08:00:00,6028.0,16.9,2014-04-10,False,Thursday
4769,18,5121.755036,1011.244964,2014-04-10 08:30:00,6133.0,17.2,2014-04-10,False,Thursday
4770,19,5203.270158,1014.729842,2014-04-10 09:00:00,6218.0,17.5,2014-04-10,False,Thursday
4771,20,5191.649442,1016.350558,2014-04-10 09:30:00,6208.0,17.2,2014-04-10,False,Thursday
4772,21,5195.026388,1017.973612,2014-04-10 10:00:00,6213.0,17.6,2014-04-10,False,Thursday
4773,22,5222.656048,1020.343952,2014-04-10 10:30:00,6243.0,17.8,2014-04-10,False,Thursday
4774,23,5248.205276,1019.794724,2014-04-10 11:00:00,6268.0,18.0,2014-04-10,False,Thursday
4775,24,5275.497098,1018.502902,2014-04-10 11:30:00,6294.0,17.8,2014-04-10,False,Thursday
4776,25,5269.737122,1022.262878,2014-04-10 12:00:00,6292.0,17.6,2014-04-10,False,Thursday
4777,26,5244.250928,1025.749072,2014-04-10 12:30:00,6270.0,17.7,2014-04-10,False,Thursday
4778,27,5260.726758,1029.273242,2014-04-10 13:00:00,6290.0,18.1,2014-04-10,False,Thursday
4779,28,5283.14768,1030.85232,2014-04-10 13:30:00,6314.0,18.2,2014-04-10,False,Thursday
4780,29,5289.993682,1028.006318,2014-04-10 14:00:00,6318.0,18.5,2014-04-10,False,Thursday
4781,30,5278.346666,1023.653334,2014-04-10 14:30:00,6302.0,18.7,2014-04-10,False,Thursday
4782,31,5253.133862,1020.866138,2014-04-10 15:00:00,6274.0,18.8,2014-04-10,False,Thursday
4783,32,5260.720458,1021.279542,2014-04-10 15:30:00,6282.0,18.9,2014-04-10,False,Thursday
4784,33,5288.732882,1028.267118,2014-04-10 16:00:00,6317.0,18.9,2014-04-10,False,Thursday
4785,34,5349.317214,1031.682786,2014-04-10 16:30:00,6381.0,18.9,2014-04-10,False,Thursday
4786,35,5410.062998,1032.937002,2014-04-10 17:00:00,6443.0,18.8,2014-04-10,False,Thursday
4787,36,5486.589122,1035.410878,2014-04-10 17:30:00,6522.0,18.6,2014-04-10,False,Thursday
4788,37,5518.342664,1039.657336,2014-04-10 18:00:00,6558.0,18.7,2014-04-10,False,Thursday
4789,38,5476.782692,1037.217308,2014-04-10 18:30:00,6514.0,18.4,2014-04-10,False,Thursday
4790,39,5306.391416,1033.608584,2014-04-10 19:00:00,6340.0,18.1,2014-04-10,False,Thursday
4791,40,5155.268886,1032.731114,2014-04-10 19:30:00,6188.0,18.0,2014-04-10,False,Thursday
4792,41,4975.38678,1032.61322,2014-04-10 20:00:00,6008.0,17.8,2014-04-10,False,Thursday
4793,42,4832.85006,1031.14994,2014-04-10 20:30:00,5864.0,17.8,2014-04-10,False,Thursday
4794,43,4617.28695,1032.71305,2014-04-10 21:00:00,5650.0,17.6,2014-04-10,False,Thursday
4795,44,4434.316846,1030.683154,2014-04-10 21:30:00,5465.0,17.6,2014-04-10,False,Thursday
4796,45,4318.046872,1031.953128,2014-04-10 22:00:00,5350.0,17.5,2014-04-10,False,Thursday
4797,46,4264.479196,1040.520804,2014-04-10 22:30:00,5305.0,17.4,2014-04-10,False,Thursday
4798,47,4531.585928,1035.414072,2014-04-10 23:00:00,5567.0,17.3,2014-04-10,False,Thursday
4799,48,4523.070084,1040.929916,2014-04-10 23:30:00,5564.0,17.3,2014-04-10,False,Thursday
4800,1,4242.018236,1031.981764,2014-04-11 00:00:00,5274.0,17.3,2014-04-11,False,Friday
4801,2,3999.751778,1037.248222,2014-04-11 00:30:00,5037.0,17.5,2014-04-11,False,Friday
4802,3,3814.413246,1031.586754,2014-04-11 01:00:00,4846.0,17.6,2014-04-11,False,Friday
4803,4,3617.28681,1034.71319,2014-04-11 01:30:00,4652.0,17.6,2014-04-11,False,Friday
4804,5,3439.937556,1029.062444,2014-04-11 02:00:00,4469.0,17.7,2014-04-11,False,Friday
4805,6,3306.491566,1020.508434,2014-04-11 02:30:00,4327.0,17.7,2014-04-11,False,Friday
4806,7,3260.07242,1022.92758,2014-04-11 03:00:00,4283.0,17.7,2014-04-11,False,Friday
4807,8,3238.079012,1028.920988,2014-04-11 03:30:00,4267.0,17.4,2014-04-11,False,Friday
4808,9,3243.069274,1031.930726,2014-04-11 04:00:00,4275.0,17.4,2014-04-11,False,Friday
4809,10,3278.527136,1023.472864,2014-04-11 04:30:00,4302.0,17.4,2014-04-11,False,Friday
4810,11,3450.138718,1016.861282,2014-04-11 05:00:00,4467.0,17.1,2014-04-11,False,Friday
4811,12,3621.798372,1035.201628,2014-04-11 05:30:00,4657.0,17.2,2014-04-11,False,Friday
4812,13,3986.387128,1030.612872,2014-04-11 06:00:00,5017.0,17.2,2014-04-11,False,Friday
4813,14,4330.910658,1033.089342,2014-04-11 06:30:00,5364.0,17.4,2014-04-11,False,Friday
4814,15,4529.963718,1021.036282,2014-04-11 07:00:00,5551.0,17.2,2014-04-11,False,Friday
4815,16,4812.014644,1027.985356,2014-04-11 07:30:00,5840.0,17.5,2014-04-11,False,Friday
4816,17,4991.906148,1032.093852,2014-04-11 08:00:00,6024.0,17.8,2014-04-11,False,Friday
4817,18,5118.282274,1032.717726,2014-04-11 08:30:00,6151.0,18.0,2014-04-11,False,Friday
4818,19,5203.658516,1037.341484,2014-04-11 09:00:00,6241.0,18.2,2014-04-11,False,Friday
4819,20,5231.812914,1035.187086,2014-04-11 09:30:00,6267.0,17.8,2014-04-11,False,Friday
4820,21,5230.562422,1033.437578,2014-04-11 10:00:00,6264.0,17.6,2014-04-11,False,Friday
4821,22,5215.217084,1035.782916,2014-04-11 10:30:00,6251.0,17.4,2014-04-11,False,Friday
4822,23,5186.991894,1037.008106,2014-04-11 11:00:00,6224.0,18.0,2014-04-11,False,Friday
4823,24,5214.150876,1034.849124,2014-04-11 11:30:00,6249.0,18.9,2014-04-11,False,Friday
4824,25,5213.842316,1032.157684,2014-04-11 12:00:00,6246.0,18.5,2014-04-11,False,Friday
4825,26,5206.055988,1037.944012,2014-04-11 12:30:00,6244.0,18.3,2014-04-11,False,Friday
4826,27,5199.901754,1036.098246,2014-04-11 13:00:00,6236.0,18.4,2014-04-11,False,Friday
4827,28,5198.629314,1032.370686,2014-04-11 13:30:00,6231.0,18.4,2014-04-11,False,Friday
4828,29,5149.510414,1033.489586,2014-04-11 14:00:00,6183.0,17.8,2014-04-11,False,Friday
4829,30,5101.922838,1029.077162,2014-04-11 14:30:00,6131.0,17.9,2014-04-11,False,Friday
4830,31,5079.473296,1024.526704,2014-04-11 15:00:00,6104.0,17.6,2014-04-11,False,Friday
4831,32,5088.13888,1027.86112,2014-04-11 15:30:00,6116.0,18.4,2014-04-11,False,Friday
4832,33,5105.280444,1030.719556,2014-04-11 16:00:00,6136.0,18.0,2014-04-11,False,Friday
4833,34,5144.185692,1029.814308,2014-04-11 16:30:00,6174.0,17.6,2014-04-11,False,Friday
4834,35,5189.704626,1028.295374,2014-04-11 17:00:00,6218.0,17.6,2014-04-11,False,Friday
4835,36,5260.967146,1022.032854,2014-04-11 17:30:00,6283.0,17.5,2014-04-11,False,Friday
4836,37,5316.602574,1023.397426,2014-04-11 18:00:00,6340.0,17.7,2014-04-11,False,Friday
4837,38,5302.779412,1020.220588,2014-04-11 18:30:00,6323.0,17.6,2014-04-11,False,Friday
4838,39,5143.933952,1029.066048,2014-04-11 19:00:00,6173.0,17.4,2014-04-11,False,Friday
4839,40,5007.36899,1028.63101,2014-04-11 19:30:00,6036.0,17.4,2014-04-11,False,Friday
4840,41,4849.797428,1033.202572,2014-04-11 20:00:00,5883.0,17.3,2014-04-11,False,Friday
4841,42,4722.418488,1029.581512,2014-04-11 20:30:00,5752.0,17.0,2014-04-11,False,Friday
4842,43,4541.871412,1027.128588,2014-04-11 21:00:00,5569.0,16.9,2014-04-11,False,Friday
4843,44,4389.223792,1028.776208,2014-04-11 21:30:00,5418.0,16.8,2014-04-11,False,Friday
4844,45,4292.644892,1027.355108,2014-04-11 22:00:00,5320.0,16.7,2014-04-11,False,Friday
4845,46,4246.860944,1026.139056,2014-04-11 22:30:00,5273.0,16.7,2014-04-11,False,Friday
4846,47,4533.741102,1028.258898,2014-04-11 23:00:00,5562.0,16.8,2014-04-11,False,Friday
4847,48,4550.444986,1030.555014,2014-04-11 23:30:00,5581.0,16.9,2014-04-11,False,Friday
4848,1,4264.69262,1036.30738,2014-04-12 00:00:00,5301.0,16.7,2014-04-12,False,Saturday
4849,2,4022.881134,1033.118866,2014-04-12 00:30:00,5056.0,16.5,2014-04-12,False,Saturday
4850,3,3817.549264,1032.450736,2014-04-12 01:00:00,4850.0,16.4,2014-04-12,False,Saturday
4851,4,3587.884844,1022.115156,2014-04-12 01:30:00,4610.0,16.3,2014-04-12,False,Saturday
4852,5,3383.218514,1033.781486,2014-04-12 02:00:00,4417.0,16.3,2014-04-12,False,Saturday
4853,6,3256.859336,1032.140664,2014-04-12 02:30:00,4289.0,16.3,2014-04-12,False,Saturday
4854,7,3183.406102,1032.593898,2014-04-12 03:00:00,4216.0,16.1,2014-04-12,False,Saturday
4855,8,3133.332568,1022.667432,2014-04-12 03:30:00,4156.0,16.0,2014-04-12,False,Saturday
4856,9,3114.044134,1025.955866,2014-04-12 04:00:00,4140.0,15.9,2014-04-12,False,Saturday
4857,10,3138.533082,1033.466918,2014-04-12 04:30:00,4172.0,15.8,2014-04-12,False,Saturday
4858,11,3199.812448,1028.187552,2014-04-12 05:00:00,4228.0,15.6,2014-04-12,False,Saturday
4859,12,3286.179996,1030.820004,2014-04-12 05:30:00,4317.0,15.6,2014-04-12,False,Saturday
4860,13,3496.33522,1028.66478,2014-04-12 06:00:00,4525.0,15.5,2014-04-12,False,Saturday
4861,14,3616.15169,1022.84831,2014-04-12 06:30:00,4639.0,15.8,2014-04-12,False,Saturday
4862,15,3659.32333,1022.67667,2014-04-12 07:00:00,4682.0,15.8,2014-04-12,False,Saturday
4863,16,3790.429592,1022.570408,2014-04-12 07:30:00,4813.0,15.8,2014-04-12,False,Saturday
4864,17,3915.83392,1019.16608,2014-04-12 08:00:00,4935.0,16.1,2014-04-12,False,Saturday
4865,18,4021.281586,1030.718414,2014-04-12 08:30:00,5052.0,16.6,2014-04-12,False,Saturday
4866,19,4073.117328,1033.882672,2014-04-12 09:00:00,5107.0,17.4,2014-04-12,False,Saturday
4867,20,4102.13654,1030.86346,2014-04-12 09:30:00,5133.0,18.1,2014-04-12,False,Saturday
4868,21,4116.213208,1025.786792,2014-04-12 10:00:00,5142.0,18.5,2014-04-12,False,Saturday
4869,22,4115.88775,1029.11225,2014-04-12 10:30:00,5145.0,18.9,2014-04-12,False,Saturday
4870,23,4119.865598,1031.134402,2014-04-12 11:00:00,5151.0,20.5,2014-04-12,False,Saturday
4871,24,4119.188382,1036.811618,2014-04-12 11:30:00,5156.0,21.4,2014-04-12,False,Saturday
4872,25,4076.029568,1034.970432,2014-04-12 12:00:00,5111.0,20.6,2014-04-12,False,Saturday
4873,26,4055.26055,1031.73945,2014-04-12 12:30:00,5087.0,20.8,2014-04-12,False,Saturday
4874,27,4051.274632,1020.725368,2014-04-12 13:00:00,5072.0,22.1,2014-04-12,False,Saturday
4875,28,4032.811398,1027.188602,2014-04-12 13:30:00,5060.0,20.7,2014-04-12,False,Saturday
4876,29,4007.97071,1026.02929,2014-04-12 14:00:00,5034.0,21.5,2014-04-12,False,Saturday
4877,30,4014.634086,1022.365914,2014-04-12 14:30:00,5037.0,21.8,2014-04-12,False,Saturday
4878,31,4037.196892,1021.803108,2014-04-12 15:00:00,5059.0,22.4,2014-04-12,False,Saturday
4879,32,4095.596694,1024.403306,2014-04-12 15:30:00,5120.0,21.7,2014-04-12,False,Saturday
4880,33,4148.333446,1026.666554,2014-04-12 16:00:00,5175.0,21.2,2014-04-12,False,Saturday
4881,34,4237.16127,1024.83873,2014-04-12 16:30:00,5262.0,20.6,2014-04-12,False,Saturday
4882,35,4320.008306,1021.991694,2014-04-12 17:00:00,5342.0,20.3,2014-04-12,False,Saturday
4883,36,4455.169402,1022.830598,2014-04-12 17:30:00,5478.0,20.1,2014-04-12,False,Saturday
4884,37,4640.419878,1016.580122,2014-04-12 18:00:00,5657.0,19.2,2014-04-12,False,Saturday
4885,38,4671.066398,1010.933602,2014-04-12 18:30:00,5682.0,18.7,2014-04-12,False,Saturday
4886,39,4559.152568,1006.847432,2014-04-12 19:00:00,5566.0,18.3,2014-04-12,False,Saturday
4887,40,4436.356762,1013.643238,2014-04-12 19:30:00,5450.0,18.0,2014-04-12,False,Saturday
4888,41,4312.562966,1013.437034,2014-04-12 20:00:00,5326.0,17.8,2014-04-12,False,Saturday
4889,42,4238.432276,1018.567724,2014-04-12 20:30:00,5257.0,17.3,2014-04-12,False,Saturday
4890,43,4125.483278,1010.516722,2014-04-12 21:00:00,5136.0,17.1,2014-04-12,False,Saturday
4891,44,4038.38832,1011.61168,2014-04-12 21:30:00,5050.0,17.0,2014-04-12,False,Saturday
4892,45,4007.892584,1010.107416,2014-04-12 22:00:00,5018.0,16.8,2014-04-12,False,Saturday
4893,46,4013.00044,1006.99956,2014-04-12 22:30:00,5020.0,16.5,2014-04-12,False,Saturday
4894,47,4281.453636,1006.546364,2014-04-12 23:00:00,5288.0,16.3,2014-04-12,False,Saturday
4895,48,4340.404902,1009.595098,2014-04-12 23:30:00,5350.0,16.4,2014-04-12,False,Saturday
4896,1,4094.706254,1014.293746,2014-04-13 00:00:00,5109.0,16.2,2014-04-13,False,Sunday
4897,2,3892.725848,1012.274152,2014-04-13 00:30:00,4905.0,16.0,2014-04-13,False,Sunday
4898,3,3692.542846,1013.457154,2014-04-13 01:00:00,4706.0,15.6,2014-04-13,False,Sunday
4899,4,3462.398744,1011.601256,2014-04-13 01:30:00,4474.0,15.4,2014-04-13,False,Sunday
4900,5,3264.321598,1002.678402,2014-04-13 02:00:00,4267.0,15.0,2014-04-13,False,Sunday
4901,6,3141.90634,1009.09366,2014-04-13 02:30:00,4151.0,14.7,2014-04-13,False,Sunday
4902,7,3060.811206,1015.188794,2014-04-13 03:00:00,4076.0,14.3,2014-04-13,False,Sunday
4903,8,3013.00311,1014.99689,2014-04-13 03:30:00,4028.0,14.1,2014-04-13,False,Sunday
4904,9,3000.526406,1016.473594,2014-04-13 04:00:00,4017.0,13.3,2014-04-13,False,Sunday
4905,10,3015.668124,1014.331876,2014-04-13 04:30:00,4030.0,13.5,2014-04-13,False,Sunday
4906,11,3045.656618,1013.343382,2014-04-13 05:00:00,4059.0,13.3,2014-04-13,False,Sunday
4907,12,3084.992672,1008.007328,2014-04-13 05:30:00,4093.0,13.3,2014-04-13,False,Sunday
4908,13,3205.051214,1009.948786,2014-04-13 06:00:00,4215.0,13.1,2014-04-13,False,Sunday
4909,14,3285.594376,998.405624,2014-04-13 06:30:00,4284.0,13.2,2014-04-13,False,Sunday
4910,15,3293.555402,995.444598,2014-04-13 07:00:00,4289.0,13.4,2014-04-13,False,Sunday
4911,16,3384.711168,997.288832,2014-04-13 07:30:00,4382.0,13.4,2014-04-13,False,Sunday
4912,17,3513.323558,998.676442,2014-04-13 08:00:00,4512.0,13.6,2014-04-13,False,Sunday
4913,18,3596.570192,1003.429808,2014-04-13 08:30:00,4600.0,14.0,2014-04-13,False,Sunday
4914,19,3666.819712,1002.180288,2014-04-13 09:00:00,4669.0,15.2,2014-04-13,False,Sunday
4915,20,3697.359622,1001.640378,2014-04-13 09:30:00,4699.0,16.1,2014-04-13,False,Sunday
4916,21,3726.09238,998.90762,2014-04-13 10:00:00,4725.0,16.4,2014-04-13,False,Sunday
4917,22,3719.324816,1002.675184,2014-04-13 10:30:00,4722.0,18.0,2014-04-13,False,Sunday
4918,23,3732.45428,998.54572,2014-04-13 11:00:00,4731.0,19.2,2014-04-13,False,Sunday
4919,24,3732.785558,1002.214442,2014-04-13 11:30:00,4735.0,20.1,2014-04-13,False,Sunday
4920,25,3740.215954,1000.784046,2014-04-13 12:00:00,4741.0,21.1,2014-04-13,False,Sunday
4921,26,3743.078122,1000.921878,2014-04-13 12:30:00,4744.0,20.7,2014-04-13,False,Sunday
4922,27,3754.862914,1000.137086,2014-04-13 13:00:00,4755.0,20.1,2014-04-13,False,Sunday
4923,28,3762.799906,999.200094,2014-04-13 13:30:00,4762.0,21.0,2014-04-13,False,Sunday
4924,29,3779.372178,1000.627822,2014-04-13 14:00:00,4780.0,20.5,2014-04-13,False,Sunday
4925,30,3781.579116,1002.420884,2014-04-13 14:30:00,4784.0,21.5,2014-04-13,False,Sunday
4926,31,3810.722952,999.277048,2014-04-13 15:00:00,4810.0,20.9,2014-04-13,False,Sunday
4927,32,3873.007842,1001.992158,2014-04-13 15:30:00,4875.0,21.5,2014-04-13,False,Sunday
4928,33,3954.521254,1004.478746,2014-04-13 16:00:00,4959.0,20.8,2014-04-13,False,Sunday
4929,34,4086.812628,1002.187372,2014-04-13 16:30:00,5089.0,20.4,2014-04-13,False,Sunday
4930,35,4210.463838,1004.536162,2014-04-13 17:00:00,5215.0,20.0,2014-04-13,False,Sunday
4931,36,4374.363144,1000.636856,2014-04-13 17:30:00,5375.0,18.9,2014-04-13,False,Sunday
4932,37,4618.027018,1000.972982,2014-04-13 18:00:00,5619.0,18.0,2014-04-13,False,Sunday
4933,38,4702.501526,1003.498474,2014-04-13 18:30:00,5706.0,17.6,2014-04-13,False,Sunday
4934,39,4603.29456,1003.70544,2014-04-13 19:00:00,5607.0,17.2,2014-04-13,False,Sunday
4935,40,4516.41005,1002.58995,2014-04-13 19:30:00,5519.0,16.6,2014-04-13,False,Sunday
4936,41,4402.176774,1001.823226,2014-04-13 20:00:00,5404.0,16.2,2014-04-13,False,Sunday
4937,42,4298.149586,1007.850414,2014-04-13 20:30:00,5306.0,16.1,2014-04-13,False,Sunday
4938,43,4163.519006,1004.480994,2014-04-13 21:00:00,5168.0,15.7,2014-04-13,False,Sunday
4939,44,3993.449718,1003.550282,2014-04-13 21:30:00,4997.0,15.3,2014-04-13,False,Sunday
4940,45,3939.942362,999.057638,2014-04-13 22:00:00,4939.0,15.1,2014-04-13,False,Sunday
4941,46,3914.249298,1002.750702,2014-04-13 22:30:00,4917.0,14.7,2014-04-13,False,Sunday
4942,47,4189.312908,999.687092,2014-04-13 23:00:00,5189.0,14.6,2014-04-13,False,Sunday
4943,48,4261.670658,1002.329342,2014-04-13 23:30:00,5264.0,14.5,2014-04-13,False,Sunday
4944,1,4035.649418,1006.350582,2014-04-14 00:00:00,5042.0,14.1,2014-04-14,False,Monday
4945,2,3814.72037,1008.27963,2014-04-14 00:30:00,4823.0,13.6,2014-04-14,False,Monday
4946,3,3606.035238,1002.964762,2014-04-14 01:00:00,4609.0,14.0,2014-04-14,False,Monday
4947,4,3404.626002,1001.373998,2014-04-14 01:30:00,4406.0,13.7,2014-04-14,False,Monday
4948,5,3264.33411,996.66589,2014-04-14 02:00:00,4261.0,13.6,2014-04-14,False,Monday
4949,6,3171.55019,1001.44981,2014-04-14 02:30:00,4173.0,13.3,2014-04-14,False,Monday
4950,7,3126.704536,1002.295464,2014-04-14 03:00:00,4129.0,13.2,2014-04-14,False,Monday
4951,8,3117.819504,1001.180496,2014-04-14 03:30:00,4119.0,13.3,2014-04-14,False,Monday
4952,9,3141.458864,1002.541136,2014-04-14 04:00:00,4144.0,13.2,2014-04-14,False,Monday
4953,10,3194.398534,1006.601466,2014-04-14 04:30:00,4201.0,13.0,2014-04-14,False,Monday
4954,11,3357.511528,1007.488472,2014-04-14 05:00:00,4365.0,12.9,2014-04-14,False,Monday
4955,12,3603.881242,1007.118758,2014-04-14 05:30:00,4611.0,12.6,2014-04-14,False,Monday
4956,13,4005.344356,1006.655644,2014-04-14 06:00:00,5012.0,12.8,2014-04-14,False,Monday
4957,14,4309.5201,1007.4799,2014-04-14 06:30:00,5317.0,12.7,2014-04-14,False,Monday
4958,15,4475.398526,1012.601474,2014-04-14 07:00:00,5488.0,12.9,2014-04-14,False,Monday
4959,16,4672.868832,1011.131168,2014-04-14 07:30:00,5684.0,13.1,2014-04-14,False,Monday
4960,17,4804.116014,1005.883986,2014-04-14 08:00:00,5810.0,13.8,2014-04-14,False,Monday
4961,18,4850.928876,1007.071124,2014-04-14 08:30:00,5858.0,14.7,2014-04-14,False,Monday
4962,19,4863.82366,1011.17634,2014-04-14 09:00:00,5875.0,15.4,2014-04-14,False,Monday
4963,20,4834.864196,1017.135804,2014-04-14 09:30:00,5852.0,16.4,2014-04-14,False,Monday
4964,21,4811.527742,1012.472258,2014-04-14 10:00:00,5824.0,16.7,2014-04-14,False,Monday
4965,22,4815.785012,1021.214988,2014-04-14 10:30:00,5837.0,17.6,2014-04-14,False,Monday
4966,23,4809.55193,1025.44807,2014-04-14 11:00:00,5835.0,17.9,2014-04-14,False,Monday
4967,24,4820.778484,1023.221516,2014-04-14 11:30:00,5844.0,18.8,2014-04-14,False,Monday
4968,25,4829.52084,1014.47916,2014-04-14 12:00:00,5844.0,18.7,2014-04-14,False,Monday
4969,26,4827.029964,1021.970036,2014-04-14 12:30:00,5849.0,19.0,2014-04-14,False,Monday
4970,27,4853.898724,1018.101276,2014-04-14 13:00:00,5872.0,20.7,2014-04-14,False,Monday
4971,28,4866.56252,1013.43748,2014-04-14 13:30:00,5880.0,20.4,2014-04-14,False,Monday
4972,29,4873.171456,1016.828544,2014-04-14 14:00:00,5890.0,19.9,2014-04-14,False,Monday
4973,30,4872.68341,1022.31659,2014-04-14 14:30:00,5895.0,20.4,2014-04-14,False,Monday
4974,31,4873.502802,1008.497198,2014-04-14 15:00:00,5882.0,20.2,2014-04-14,False,Monday
4975,32,4884.871746,1011.128254,2014-04-14 15:30:00,5896.0,19.7,2014-04-14,False,Monday
4976,33,4897.29198,1009.70802,2014-04-14 16:00:00,5907.0,19.7,2014-04-14,False,Monday
4977,34,4983.48558,1006.51442,2014-04-14 16:30:00,5990.0,20.2,2014-04-14,False,Monday
4978,35,5049.896084,1008.103916,2014-04-14 17:00:00,6058.0,19.0,2014-04-14,False,Monday
4979,36,5171.625054,1007.374946,2014-04-14 17:30:00,6179.0,18.7,2014-04-14,False,Monday
4980,37,5308.448086,1002.551914,2014-04-14 18:00:00,6311.0,18.3,2014-04-14,False,Monday
4981,38,5332.79258,1008.20742,2014-04-14 18:30:00,6341.0,17.8,2014-04-14,False,Monday
4982,39,5164.686078,1009.313922,2014-04-14 19:00:00,6174.0,17.4,2014-04-14,False,Monday
4983,40,5026.706284,1013.293716,2014-04-14 19:30:00,6040.0,16.9,2014-04-14,False,Monday
4984,41,4894.125628,1006.874372,2014-04-14 20:00:00,5901.0,16.6,2014-04-14,False,Monday
4985,42,4745.02101,1010.97899,2014-04-14 20:30:00,5756.0,16.2,2014-04-14,False,Monday
4986,43,4571.018624,1016.981376,2014-04-14 21:00:00,5588.0,15.8,2014-04-14,False,Monday
4987,44,4397.343724,1016.656276,2014-04-14 21:30:00,5414.0,15.5,2014-04-14,False,Monday
4988,45,4289.2517,1009.7483,2014-04-14 22:00:00,5299.0,15.0,2014-04-14,False,Monday
4989,46,4230.055328,1008.944672,2014-04-14 22:30:00,5239.0,14.8,2014-04-14,False,Monday
4990,47,4515.235324,1007.764676,2014-04-14 23:00:00,5523.0,14.9,2014-04-14,False,Monday
4991,48,4530.017484,1011.982516,2014-04-14 23:30:00,5542.0,14.4,2014-04-14,False,Monday
4992,1,4256.503754,1013.496246,2014-04-15 00:00:00,5270.0,14.2,2014-04-15,False,Tuesday
4993,2,4019.995036,1015.004964,2014-04-15 00:30:00,5035.0,14.2,2014-04-15,False,Tuesday
4994,3,3831.261524,1012.738476,2014-04-15 01:00:00,4844.0,14.1,2014-04-15,False,Tuesday
4995,4,3640.202058,1008.797942,2014-04-15 01:30:00,4649.0,13.6,2014-04-15,False,Tuesday
4996,5,3496.706202,1005.293798,2014-04-15 02:00:00,4502.0,13.8,2014-04-15,False,Tuesday
4997,6,3368.06896,1012.93104,2014-04-15 02:30:00,4381.0,14.0,2014-04-15,False,Tuesday
4998,7,3280.034748,1009.965252,2014-04-15 03:00:00,4290.0,13.7,2014-04-15,False,Tuesday
4999,8,3255.935004,1007.064996,2014-04-15 03:30:00,4263.0,13.6,2014-04-15,False,Tuesday
5000,9,3278.317084,1011.682916,2014-04-15 04:00:00,4290.0,13.0,2014-04-15,False,Tuesday
5001,10,3344.02731,1011.97269,2014-04-15 04:30:00,4356.0,13.1,2014-04-15,False,Tuesday
5002,11,3515.4428,1003.5572,2014-04-15 05:00:00,4519.0,13.1,2014-04-15,False,Tuesday
5003,12,3703.393742,1009.606258,2014-04-15 05:30:00,4713.0,13.2,2014-04-15,False,Tuesday
5004,13,4060.459688,1015.540312,2014-04-15 06:00:00,5076.0,13.2,2014-04-15,False,Tuesday
5005,14,4374.98193,1006.01807,2014-04-15 06:30:00,5381.0,13.4,2014-04-15,False,Tuesday
5006,15,4536.681798,1006.318202,2014-04-15 07:00:00,5543.0,13.0,2014-04-15,False,Tuesday
5007,16,4744.180566,1003.819434,2014-04-15 07:30:00,5748.0,13.0,2014-04-15,False,Tuesday
5008,17,4860.05007,1006.94993,2014-04-15 08:00:00,5867.0,14.0,2014-04-15,False,Tuesday
5009,18,4893.350498,1010.649502,2014-04-15 08:30:00,5904.0,14.9,2014-04-15,False,Tuesday
5010,19,4859.654514,1008.345486,2014-04-15 09:00:00,5868.0,16.1,2014-04-15,False,Tuesday
5011,20,4816.909824,1009.090176,2014-04-15 09:30:00,5826.0,16.3,2014-04-15,False,Tuesday
5012,21,4788.248906,1000.751094,2014-04-15 10:00:00,5789.0,16.8,2014-04-15,False,Tuesday
5013,22,4777.355074,1001.644926,2014-04-15 10:30:00,5779.0,18.0,2014-04-15,False,Tuesday
5014,23,4785.792808,993.207192,2014-04-15 11:00:00,5779.0,18.8,2014-04-15,False,Tuesday
5015,24,4808.104004,991.895996,2014-04-15 11:30:00,5800.0,19.5,2014-04-15,False,Tuesday
5016,25,4817.021352,985.978648,2014-04-15 12:00:00,5803.0,19.6,2014-04-15,False,Tuesday
5017,26,4824.785356,988.214644,2014-04-15 12:30:00,5813.0,20.8,2014-04-15,False,Tuesday
5018,27,4856.371626,993.628374,2014-04-15 13:00:00,5850.0,20.1,2014-04-15,False,Tuesday
5019,28,4880.334284,994.665716,2014-04-15 13:30:00,5875.0,20.1,2014-04-15,False,Tuesday
5020,29,4883.305002,996.694998,2014-04-15 14:00:00,5880.0,19.9,2014-04-15,False,Tuesday
5021,30,4889.927016,1005.072984,2014-04-15 14:30:00,5895.0,21.1,2014-04-15,False,Tuesday
5022,31,4903.31754,1004.68246,2014-04-15 15:00:00,5908.0,20.5,2014-04-15,False,Tuesday
5023,32,4929.269694,1006.730306,2014-04-15 15:30:00,5936.0,20.3,2014-04-15,False,Tuesday
5024,33,4958.694516,1014.305484,2014-04-15 16:00:00,5973.0,21.1,2014-04-15,False,Tuesday
5025,34,5018.7419,1019.2581,2014-04-15 16:30:00,6038.0,19.6,2014-04-15,False,Tuesday
5026,35,5098.26059,1008.73941,2014-04-15 17:00:00,6107.0,18.9,2014-04-15,False,Tuesday
5027,36,5211.861228,1009.138772,2014-04-15 17:30:00,6221.0,18.6,2014-04-15,False,Tuesday
5028,37,5364.889108,1015.110892,2014-04-15 18:00:00,6380.0,18.1,2014-04-15,False,Tuesday
5029,38,5388.191336,1009.808664,2014-04-15 18:30:00,6398.0,17.5,2014-04-15,False,Tuesday
5030,39,5242.348714,1011.651286,2014-04-15 19:00:00,6254.0,17.4,2014-04-15,False,Tuesday
5031,40,5090.051632,1014.948368,2014-04-15 19:30:00,6105.0,17.4,2014-04-15,False,Tuesday
5032,41,4940.903542,1009.096458,2014-04-15 20:00:00,5950.0,17.0,2014-04-15,False,Tuesday
5033,42,4813.283508,1014.716492,2014-04-15 20:30:00,5828.0,16.4,2014-04-15,False,Tuesday
5034,43,4630.937472,1013.062528,2014-04-15 21:00:00,5644.0,16.1,2014-04-15,False,Tuesday
5035,44,4434.339728,1007.660272,2014-04-15 21:30:00,5442.0,15.6,2014-04-15,False,Tuesday
5036,45,4315.17714,1007.82286,2014-04-15 22:00:00,5323.0,15.2,2014-04-15,False,Tuesday
5037,46,4254.860364,1017.139636,2014-04-15 22:30:00,5272.0,14.7,2014-04-15,False,Tuesday
5038,47,4521.541786,1018.458214,2014-04-15 23:00:00,5540.0,14.0,2014-04-15,False,Tuesday
5039,48,4539.34753,1022.65247,2014-04-15 23:30:00,5562.0,13.5,2014-04-15,False,Tuesday
5040,1,4273.218016,1015.781984,2014-04-16 00:00:00,5289.0,13.5,2014-04-16,False,Wednesday
5041,2,4052.92008,1024.07992,2014-04-16 00:30:00,5077.0,13.2,2014-04-16,False,Wednesday
5042,3,3850.684004,1022.315996,2014-04-16 01:00:00,4873.0,12.4,2014-04-16,False,Wednesday
5043,4,3666.356126,1012.643874,2014-04-16 01:30:00,4679.0,12.1,2014-04-16,False,Wednesday
5044,5,3506.957994,1018.042006,2014-04-16 02:00:00,4525.0,12.0,2014-04-16,False,Wednesday
5045,6,3387.943898,1015.056102,2014-04-16 02:30:00,4403.0,11.4,2014-04-16,False,Wednesday
5046,7,3316.442746,1019.557254,2014-04-16 03:00:00,4336.0,11.2,2014-04-16,False,Wednesday
5047,8,3286.011456,1018.988544,2014-04-16 03:30:00,4305.0,11.2,2014-04-16,False,Wednesday
5048,9,3295.722748,1017.277252,2014-04-16 04:00:00,4313.0,10.9,2014-04-16,False,Wednesday
5049,10,3348.304536,1018.695464,2014-04-16 04:30:00,4367.0,10.6,2014-04-16,False,Wednesday
5050,11,3520.53424,1014.46576,2014-04-16 05:00:00,4535.0,10.5,2014-04-16,False,Wednesday
5051,12,3707.581176,1017.418824,2014-04-16 05:30:00,4725.0,10.2,2014-04-16,False,Wednesday
5052,13,4085.496268,1016.503732,2014-04-16 06:00:00,5102.0,10.2,2014-04-16,False,Wednesday
5053,14,4400.689672,1010.310328,2014-04-16 06:30:00,5411.0,10.3,2014-04-16,False,Wednesday
5054,15,4580.600182,994.399818,2014-04-16 07:00:00,5575.0,10.3,2014-04-16,False,Wednesday
5055,16,4823.284164,993.715836,2014-04-16 07:30:00,5817.0,10.6,2014-04-16,False,Wednesday
5056,17,4981.274476,980.725524,2014-04-16 08:00:00,5962.0,11.6,2014-04-16,False,Wednesday
5057,18,5025.693392,981.306608,2014-04-16 08:30:00,6007.0,12.6,2014-04-16,False,Wednesday
5058,19,5029.586456,984.413544,2014-04-16 09:00:00,6014.0,13.4,2014-04-16,False,Wednesday
5059,20,4957.39416,988.60584,2014-04-16 09:30:00,5946.0,14.1,2014-04-16,False,Wednesday
5060,21,4876.017262,993.982738,2014-04-16 10:00:00,5870.0,14.2,2014-04-16,False,Wednesday
5061,22,4845.945262,997.054738,2014-04-16 10:30:00,5843.0,16.3,2014-04-16,False,Wednesday
5062,23,4831.23848,997.76152,2014-04-16 11:00:00,5829.0,16.9,2014-04-16,False,Wednesday
5063,24,4858.795692,998.204308,2014-04-16 11:30:00,5857.0,18.7,2014-04-16,False,Wednesday
5064,25,4883.971468,1005.028532,2014-04-16 12:00:00,5889.0,19.1,2014-04-16,False,Wednesday
5065,26,4907.947162,1004.052838,2014-04-16 12:30:00,5912.0,20.9,2014-04-16,False,Wednesday
5066,27,4946.85939,1003.14061,2014-04-16 13:00:00,5950.0,21.4,2014-04-16,False,Wednesday
5067,28,4977.98564,1000.01436,2014-04-16 13:30:00,5978.0,21.6,2014-04-16,False,Wednesday
5068,29,4975.758056,1004.241944,2014-04-16 14:00:00,5980.0,21.3,2014-04-16,False,Wednesday
5069,30,4961.305646,1004.694354,2014-04-16 14:30:00,5966.0,20.5,2014-04-16,False,Wednesday
5070,31,4948.080734,1003.919266,2014-04-16 15:00:00,5952.0,21.0,2014-04-16,False,Wednesday
5071,32,4959.456524,1004.543476,2014-04-16 15:30:00,5964.0,20.5,2014-04-16,False,Wednesday
5072,33,4962.205946,1002.794054,2014-04-16 16:00:00,5965.0,19.2,2014-04-16,False,Wednesday
5073,34,4995.90912,1003.09088,2014-04-16 16:30:00,5999.0,19.1,2014-04-16,False,Wednesday
5074,35,5058.38937,1007.61063,2014-04-16 17:00:00,6066.0,19.2,2014-04-16,False,Wednesday
5075,36,5216.189426,1005.810574,2014-04-16 17:30:00,6222.0,18.9,2014-04-16,False,Wednesday
5076,37,5342.495498,998.504502,2014-04-16 18:00:00,6341.0,18.2,2014-04-16,False,Wednesday
5077,38,5338.59506,1004.40494,2014-04-16 18:30:00,6343.0,17.9,2014-04-16,False,Wednesday
5078,39,5209.548176,1009.451824,2014-04-16 19:00:00,6219.0,18.0,2014-04-16,False,Wednesday
5079,40,5087.155452,1004.844548,2014-04-16 19:30:00,6092.0,17.8,2014-04-16,False,Wednesday
5080,41,4976.705574,1005.294426,2014-04-16 20:00:00,5982.0,17.2,2014-04-16,False,Wednesday
5081,42,4863.247362,1010.752638,2014-04-16 20:30:00,5874.0,16.7,2014-04-16,False,Wednesday
5082,43,4696.609276,1014.390724,2014-04-16 21:00:00,5711.0,16.4,2014-04-16,False,Wednesday
5083,44,4532.68861,1017.31139,2014-04-16 21:30:00,5550.0,16.7,2014-04-16,False,Wednesday
5084,45,4408.8782,1014.1218,2014-04-16 22:00:00,5423.0,15.8,2014-04-16,False,Wednesday
5085,46,4359.479236,1011.520764,2014-04-16 22:30:00,5371.0,15.8,2014-04-16,False,Wednesday
5086,47,4606.136458,1009.863542,2014-04-16 23:00:00,5616.0,15.5,2014-04-16,False,Wednesday
5087,48,4636.014336,1018.985664,2014-04-16 23:30:00,5655.0,14.5,2014-04-16,False,Wednesday
5088,1,4350.759358,1016.240642,2014-04-17 00:00:00,5367.0,14.2,2014-04-17,False,Thursday
5089,2,4137.874712,1013.125288,2014-04-17 00:30:00,5151.0,13.9,2014-04-17,False,Thursday
5090,3,3934.262852,1007.737148,2014-04-17 01:00:00,4942.0,14.5,2014-04-17,False,Thursday
5091,4,3753.702794,1015.297206,2014-04-17 01:30:00,4769.0,13.9,2014-04-17,False,Thursday
5092,5,3570.408002,1014.591998,2014-04-17 02:00:00,4585.0,12.8,2014-04-17,False,Thursday
5093,6,3455.637446,1014.362554,2014-04-17 02:30:00,4470.0,12.5,2014-04-17,False,Thursday
5094,7,3412.194692,1016.805308,2014-04-17 03:00:00,4429.0,12.6,2014-04-17,False,Thursday
5095,8,3372.007254,1017.992746,2014-04-17 03:30:00,4390.0,12.3,2014-04-17,False,Thursday
5096,9,3388.020226,1012.979774,2014-04-17 04:00:00,4401.0,11.8,2014-04-17,False,Thursday
5097,10,3439.225168,1013.774832,2014-04-17 04:30:00,4453.0,12.2,2014-04-17,False,Thursday
5098,11,3582.472906,1019.527094,2014-04-17 05:00:00,4602.0,11.4,2014-04-17,False,Thursday
5099,12,3788.44339,1017.55661,2014-04-17 05:30:00,4806.0,11.5,2014-04-17,False,Thursday
5100,13,4162.507176,1018.492824,2014-04-17 06:00:00,5181.0,11.5,2014-04-17,False,Thursday
5101,14,4468.50737,1020.49263,2014-04-17 06:30:00,5489.0,11.4,2014-04-17,False,Thursday
5102,15,4623.177144,1013.822856,2014-04-17 07:00:00,5637.0,11.5,2014-04-17,False,Thursday
5103,16,4825.793296,1013.206704,2014-04-17 07:30:00,5839.0,11.4,2014-04-17,False,Thursday
5104,17,4948.986454,1019.013546,2014-04-17 08:00:00,5968.0,12.3,2014-04-17,False,Thursday
5105,18,4952.92209,1023.07791,2014-04-17 08:30:00,5976.0,12.7,2014-04-17,False,Thursday
5106,19,4931.475332,1019.524668,2014-04-17 09:00:00,5951.0,14.1,2014-04-17,False,Thursday
5107,20,4884.882938,1014.117062,2014-04-17 09:30:00,5899.0,15.0,2014-04-17,False,Thursday
5108,21,4858.963034,1013.036966,2014-04-17 10:00:00,5872.0,16.5,2014-04-17,False,Thursday
5109,22,4847.73033,1011.26967,2014-04-17 10:30:00,5859.0,19.1,2014-04-17,False,Thursday
5110,23,4813.771446,1017.228554,2014-04-17 11:00:00,5831.0,20.7,2014-04-17,False,Thursday
5111,24,4829.22881,1025.77119,2014-04-17 11:30:00,5855.0,21.3,2014-04-17,False,Thursday
5112,25,4831.301606,1027.698394,2014-04-17 12:00:00,5859.0,22.6,2014-04-17,False,Thursday
5113,26,4812.353982,1021.646018,2014-04-17 12:30:00,5834.0,23.1,2014-04-17,False,Thursday
5114,27,4831.519492,1023.480508,2014-04-17 13:00:00,5855.0,22.9,2014-04-17,False,Thursday
5115,28,4854.128588,1024.871412,2014-04-17 13:30:00,5879.0,24.1,2014-04-17,False,Thursday
5116,29,4856.389862,1023.610138,2014-04-17 14:00:00,5880.0,24.3,2014-04-17,False,Thursday
5117,30,4842.12581,1017.87419,2014-04-17 14:30:00,5860.0,24.0,2014-04-17,False,Thursday
5118,31,4814.0971,1016.9029,2014-04-17 15:00:00,5831.0,24.1,2014-04-17,False,Thursday
5119,32,4814.83054,1020.16946,2014-04-17 15:30:00,5835.0,24.1,2014-04-17,False,Thursday
5120,33,4812.158306,1011.841694,2014-04-17 16:00:00,5824.0,23.4,2014-04-17,False,Thursday
5121,34,4869.276878,1012.723122,2014-04-17 16:30:00,5882.0,22.9,2014-04-17,False,Thursday
5122,35,4900.491396,1006.508604,2014-04-17 17:00:00,5907.0,22.7,2014-04-17,False,Thursday
5123,36,5014.543108,1007.456892,2014-04-17 17:30:00,6022.0,22.3,2014-04-17,False,Thursday
5124,37,5148.639962,1006.360038,2014-04-17 18:00:00,6155.0,21.8,2014-04-17,False,Thursday
5125,38,5140.558628,1002.441372,2014-04-17 18:30:00,6143.0,20.5,2014-04-17,False,Thursday
5126,39,4991.74444,1005.25556,2014-04-17 19:00:00,5997.0,19.9,2014-04-17,False,Thursday
5127,40,4871.44342,1002.55658,2014-04-17 19:30:00,5874.0,18.9,2014-04-17,False,Thursday
5128,41,4738.338894,998.661106,2014-04-17 20:00:00,5737.0,18.6,2014-04-17,False,Thursday
5129,42,4616.55191,1000.44809,2014-04-17 20:30:00,5617.0,18.2,2014-04-17,False,Thursday
5130,43,4432.915216,1005.084784,2014-04-17 21:00:00,5438.0,18.1,2014-04-17,False,Thursday
5131,44,4278.503934,1002.496066,2014-04-17 21:30:00,5281.0,18.3,2014-04-17,False,Thursday
5132,45,4213.297488,1001.702512,2014-04-17 22:00:00,5215.0,17.8,2014-04-17,False,Thursday
5133,46,4187.814914,1002.185086,2014-04-17 22:30:00,5190.0,17.9,2014-04-17,False,Thursday
5134,47,4451.963732,1014.036268,2014-04-17 23:00:00,5466.0,17.5,2014-04-17,False,Thursday
5135,48,4455.742294,1015.257706,2014-04-17 23:30:00,5471.0,17.4,2014-04-17,False,Thursday
5136,1,4140.239332,1012.760668,2014-04-18 00:00:00,5153.0,17.7,2014-04-18,True,Friday
5137,2,3847.564008,1013.435992,2014-04-18 00:30:00,4861.0,17.3,2014-04-18,True,Friday
5138,3,3640.641488,1008.358512,2014-04-18 01:00:00,4649.0,16.2,2014-04-18,True,Friday
5139,4,3438.090844,1009.909156,2014-04-18 01:30:00,4448.0,16.6,2014-04-18,True,Friday
5140,5,3274.584972,1011.415028,2014-04-18 02:00:00,4286.0,16.5,2014-04-18,True,Friday
5141,6,3166.894416,1008.105584,2014-04-18 02:30:00,4175.0,16.4,2014-04-18,True,Friday
5142,7,3090.553186,1005.446814,2014-04-18 03:00:00,4096.0,15.7,2014-04-18,True,Friday
5143,8,3056.809288,1008.190712,2014-04-18 03:30:00,4065.0,14.6,2014-04-18,True,Friday
5144,9,3038.455852,1000.544148,2014-04-18 04:00:00,4039.0,14.6,2014-04-18,True,Friday
5145,10,3031.531614,1000.468386,2014-04-18 04:30:00,4032.0,14.7,2014-04-18,True,Friday
5146,11,3063.925658,1002.074342,2014-04-18 05:00:00,4066.0,14.5,2014-04-18,True,Friday
5147,12,3120.824398,1001.175602,2014-04-18 05:30:00,4122.0,14.2,2014-04-18,True,Friday
5148,13,3206.773212,1000.226788,2014-04-18 06:00:00,4207.0,14.0,2014-04-18,True,Friday
5149,14,3255.40579,998.59421,2014-04-18 06:30:00,4254.0,14.5,2014-04-18,True,Friday
5150,15,3247.876578,1003.123422,2014-04-18 07:00:00,4251.0,15.0,2014-04-18,True,Friday
5151,16,3365.187996,1003.812004,2014-04-18 07:30:00,4369.0,15.4,2014-04-18,True,Friday
5152,17,3484.671682,1005.328318,2014-04-18 08:00:00,4490.0,15.9,2014-04-18,True,Friday
5153,18,3539.177706,1005.822294,2014-04-18 08:30:00,4545.0,16.2,2014-04-18,True,Friday
5154,19,3622.833714,1014.166286,2014-04-18 09:00:00,4637.0,17.4,2014-04-18,True,Friday
5155,20,3653.21383,1010.78617,2014-04-18 09:30:00,4664.0,17.6,2014-04-18,True,Friday
5156,21,3676.80432,1005.19568,2014-04-18 10:00:00,4682.0,17.3,2014-04-18,True,Friday
5157,22,3739.961596,999.038404,2014-04-18 10:30:00,4739.0,18.3,2014-04-18,True,Friday
5158,23,3773.566724,1006.433276,2014-04-18 11:00:00,4780.0,15.2,2014-04-18,True,Friday
5159,24,3796.82896,1011.17104,2014-04-18 11:30:00,4808.0,15.4,2014-04-18,True,Friday
5160,25,3822.264988,1009.735012,2014-04-18 12:00:00,4832.0,15.9,2014-04-18,True,Friday
5161,26,3782.206784,1008.793216,2014-04-18 12:30:00,4791.0,15.0,2014-04-18,True,Friday
5162,27,3728.651832,1007.348168,2014-04-18 13:00:00,4736.0,15.3,2014-04-18,True,Friday
5163,28,3671.023582,1002.976418,2014-04-18 13:30:00,4674.0,16.6,2014-04-18,True,Friday
5164,29,3618.296222,1004.703778,2014-04-18 14:00:00,4623.0,16.4,2014-04-18,True,Friday
5165,30,3552.347202,1001.652798,2014-04-18 14:30:00,4554.0,18.1,2014-04-18,True,Friday
5166,31,3552.706302,1014.293698,2014-04-18 15:00:00,4567.0,18.8,2014-04-18,True,Friday
5167,32,3593.039678,1010.960322,2014-04-18 15:30:00,4604.0,17.5,2014-04-18,True,Friday
5168,33,3673.705184,1015.294816,2014-04-18 16:00:00,4689.0,16.9,2014-04-18,True,Friday
5169,34,3791.475698,1017.524302,2014-04-18 16:30:00,4809.0,16.6,2014-04-18,True,Friday
5170,35,3951.028772,1005.971228,2014-04-18 17:00:00,4957.0,16.6,2014-04-18,True,Friday
5171,36,4237.038126,1000.961874,2014-04-18 17:30:00,5238.0,15.8,2014-04-18,True,Friday
5172,37,4486.609278,1007.390722,2014-04-18 18:00:00,5494.0,15.8,2014-04-18,True,Friday
5173,38,4541.886212,999.113788,2014-04-18 18:30:00,5541.0,14.9,2014-04-18,True,Friday
5174,39,4432.986494,1002.013506,2014-04-18 19:00:00,5435.0,15.4,2014-04-18,True,Friday
5175,40,4335.435768,1006.564232,2014-04-18 19:30:00,5342.0,14.8,2014-04-18,True,Friday
5176,41,4240.429846,1007.570154,2014-04-18 20:00:00,5248.0,14.4,2014-04-18,True,Friday
5177,42,4151.507476,1010.492524,2014-04-18 20:30:00,5162.0,14.0,2014-04-18,True,Friday
5178,43,4029.479514,1012.520486,2014-04-18 21:00:00,5042.0,13.8,2014-04-18,True,Friday
5179,44,3929.924734,1010.075266,2014-04-18 21:30:00,4940.0,13.7,2014-04-18,True,Friday
5180,45,3899.9197,1002.0803,2014-04-18 22:00:00,4902.0,13.5,2014-04-18,True,Friday
5181,46,3906.55879,1000.44121,2014-04-18 22:30:00,4907.0,13.1,2014-04-18,True,Friday
5182,47,4231.06987,1012.93013,2014-04-18 23:00:00,5244.0,12.9,2014-04-18,True,Friday
5183,48,4315.396558,1015.603442,2014-04-18 23:30:00,5331.0,12.7,2014-04-18,True,Friday
5184,1,4070.369786,1017.630214,2014-04-19 00:00:00,5088.0,12.4,2014-04-19,False,Saturday
5185,2,3802.314218,1014.685782,2014-04-19 00:30:00,4817.0,12.4,2014-04-19,False,Saturday
5186,3,3605.267964,1002.732036,2014-04-19 01:00:00,4608.0,12.0,2014-04-19,False,Saturday
5187,4,3402.318918,997.681082,2014-04-19 01:30:00,4400.0,11.7,2014-04-19,False,Saturday
5188,5,3232.305968,1009.694032,2014-04-19 02:00:00,4242.0,11.8,2014-04-19,False,Saturday
5189,6,3100.812574,1001.187426,2014-04-19 02:30:00,4102.0,12.2,2014-04-19,False,Saturday
5190,7,3020.390936,1010.609064,2014-04-19 03:00:00,4031.0,12.3,2014-04-19,False,Saturday
5191,8,2975.349614,1008.650386,2014-04-19 03:30:00,3984.0,12.2,2014-04-19,False,Saturday
5192,9,2962.676032,1012.323968,2014-04-19 04:00:00,3975.0,12.3,2014-04-19,False,Saturday
5193,10,2959.594182,1013.405818,2014-04-19 04:30:00,3973.0,12.6,2014-04-19,False,Saturday
5194,11,3006.685858,1012.314142,2014-04-19 05:00:00,4019.0,12.6,2014-04-19,False,Saturday
5195,12,3092.268382,1009.731618,2014-04-19 05:30:00,4102.0,12.5,2014-04-19,False,Saturday
5196,13,3219.812114,1002.187886,2014-04-19 06:00:00,4222.0,12.6,2014-04-19,False,Saturday
5197,14,3334.268282,1002.731718,2014-04-19 06:30:00,4337.0,12.5,2014-04-19,False,Saturday
5198,15,3362.600276,1001.399724,2014-04-19 07:00:00,4364.0,12.5,2014-04-19,False,Saturday
5199,16,3533.212042,1005.787958,2014-04-19 07:30:00,4539.0,12.4,2014-04-19,False,Saturday
5200,17,3712.262262,1004.737738,2014-04-19 08:00:00,4717.0,12.7,2014-04-19,False,Saturday
5201,18,3848.048494,998.951506,2014-04-19 08:30:00,4847.0,12.8,2014-04-19,False,Saturday
5202,19,3921.872678,1000.127322,2014-04-19 09:00:00,4922.0,13.2,2014-04-19,False,Saturday
5203,20,3890.57785,1004.42215,2014-04-19 09:30:00,4895.0,13.6,2014-04-19,False,Saturday
5204,21,3888.409966,1006.590034,2014-04-19 10:00:00,4895.0,14.6,2014-04-19,False,Saturday
5205,22,3884.371122,997.628878,2014-04-19 10:30:00,4882.0,15.0,2014-04-19,False,Saturday
5206,23,3854.176574,1000.823426,2014-04-19 11:00:00,4855.0,14.6,2014-04-19,False,Saturday
5207,24,3853.19149,1008.80851,2014-04-19 11:30:00,4862.0,15.6,2014-04-19,False,Saturday
5208,25,3848.54546,1010.45454,2014-04-19 12:00:00,4859.0,15.9,2014-04-19,False,Saturday
5209,26,3823.27246,1004.72754,2014-04-19 12:30:00,4828.0,17.3,2014-04-19,False,Saturday
5210,27,3821.447746,1005.552254,2014-04-19 13:00:00,4827.0,16.5,2014-04-19,False,Saturday
5211,28,3817.993776,1009.006224,2014-04-19 13:30:00,4827.0,15.9,2014-04-19,False,Saturday
5212,29,3811.321858,1002.678142,2014-04-19 14:00:00,4814.0,16.1,2014-04-19,False,Saturday
5213,30,3800.967716,998.032284,2014-04-19 14:30:00,4799.0,15.9,2014-04-19,False,Saturday
5214,31,3816.828744,999.171256,2014-04-19 15:00:00,4816.0,16.6,2014-04-19,False,Saturday
5215,32,3902.059446,1000.940554,2014-04-19 15:30:00,4903.0,16.3,2014-04-19,False,Saturday
5216,33,4031.787842,1003.212158,2014-04-19 16:00:00,5035.0,15.7,2014-04-19,False,Saturday
5217,34,4188.504204,1006.495796,2014-04-19 16:30:00,5195.0,15.3,2014-04-19,False,Saturday
5218,35,4346.730574,1003.269426,2014-04-19 17:00:00,5350.0,14.8,2014-04-19,False,Saturday
5219,36,4567.934804,996.065196,2014-04-19 17:30:00,5564.0,14.9,2014-04-19,False,Saturday
5220,37,4743.46349,991.53651,2014-04-19 18:00:00,5735.0,14.4,2014-04-19,False,Saturday
5221,38,4723.245382,992.754618,2014-04-19 18:30:00,5716.0,14.8,2014-04-19,False,Saturday
5222,39,4608.56764,991.43236,2014-04-19 19:00:00,5600.0,14.7,2014-04-19,False,Saturday
5223,40,4518.05252,992.94748,2014-04-19 19:30:00,5511.0,14.7,2014-04-19,False,Saturday
5224,41,4424.966858,994.033142,2014-04-19 20:00:00,5419.0,14.6,2014-04-19,False,Saturday
5225,42,4348.662086,990.337914,2014-04-19 20:30:00,5339.0,14.5,2014-04-19,False,Saturday
5226,43,4223.590726,994.409274,2014-04-19 21:00:00,5218.0,13.7,2014-04-19,False,Saturday
5227,44,4100.355278,988.644722,2014-04-19 21:30:00,5089.0,13.4,2014-04-19,False,Saturday
5228,45,4046.948086,987.051914,2014-04-19 22:00:00,5034.0,13.5,2014-04-19,False,Saturday
5229,46,4040.188774,987.811226,2014-04-19 22:30:00,5028.0,13.5,2014-04-19,False,Saturday
5230,47,4328.155964,985.844036,2014-04-19 23:00:00,5314.0,13.2,2014-04-19,False,Saturday
5231,48,4377.249096,989.750904,2014-04-19 23:30:00,5367.0,13.0,2014-04-19,False,Saturday
5232,1,4140.37951,992.62049,2014-04-20 00:00:00,5133.0,13.1,2014-04-20,False,Sunday
5233,2,3919.538528,999.461472,2014-04-20 00:30:00,4919.0,13.3,2014-04-20,False,Sunday
5234,3,3686.023534,991.976466,2014-04-20 01:00:00,4678.0,13.3,2014-04-20,False,Sunday
5235,4,3478.79067,995.20933,2014-04-20 01:30:00,4474.0,13.4,2014-04-20,False,Sunday
5236,5,3305.402054,997.597946,2014-04-20 02:00:00,4303.0,13.4,2014-04-20,False,Sunday
5237,6,3181.835282,999.164718,2014-04-20 02:30:00,4181.0,13.4,2014-04-20,False,Sunday
5238,7,3084.35366,997.64634,2014-04-20 03:00:00,4082.0,13.3,2014-04-20,False,Sunday
5239,8,2997.393928,999.606072,2014-04-20 03:30:00,3997.0,13.2,2014-04-20,False,Sunday
5240,9,2971.707174,999.292826,2014-04-20 04:00:00,3971.0,13.2,2014-04-20,False,Sunday
5241,10,2958.438358,1000.561642,2014-04-20 04:30:00,3959.0,13.2,2014-04-20,False,Sunday
5242,11,2994.392356,997.607644,2014-04-20 05:00:00,3992.0,12.9,2014-04-20,False,Sunday
5243,12,3025.211312,995.788688,2014-04-20 05:30:00,4021.0,12.9,2014-04-20,False,Sunday
5244,13,3110.030684,990.969316,2014-04-20 06:00:00,4101.0,12.8,2014-04-20,False,Sunday
5245,14,3228.306604,983.693396,2014-04-20 06:30:00,4212.0,13.0,2014-04-20,False,Sunday
5246,15,3245.616692,982.383308,2014-04-20 07:00:00,4228.0,12.8,2014-04-20,False,Sunday
5247,16,3427.23489,983.76511,2014-04-20 07:30:00,4411.0,12.9,2014-04-20,False,Sunday
5248,17,3611.694674,987.305326,2014-04-20 08:00:00,4599.0,13.2,2014-04-20,False,Sunday
5249,18,3733.178966,990.821034,2014-04-20 08:30:00,4724.0,13.4,2014-04-20,False,Sunday
5250,19,3836.361914,994.638086,2014-04-20 09:00:00,4831.0,13.7,2014-04-20,False,Sunday
5251,20,3838.439812,995.560188,2014-04-20 09:30:00,4834.0,14.4,2014-04-20,False,Sunday
5252,21,3800.759786,996.240214,2014-04-20 10:00:00,4797.0,15.5,2014-04-20,False,Sunday
5253,22,3743.374632,995.625368,2014-04-20 10:30:00,4739.0,16.1,2014-04-20,False,Sunday
5254,23,3725.315512,995.684488,2014-04-20 11:00:00,4721.0,16.8,2014-04-20,False,Sunday
5255,24,3711.922074,996.077926,2014-04-20 11:30:00,4708.0,17.0,2014-04-20,False,Sunday
5256,25,3699.49272,998.50728,2014-04-20 12:00:00,4698.0,17.2,2014-04-20,False,Sunday
5257,26,3653.546086,1002.453914,2014-04-20 12:30:00,4656.0,17.3,2014-04-20,False,Sunday
5258,27,3596.363638,999.636362,2014-04-20 13:00:00,4596.0,17.8,2014-04-20,False,Sunday
5259,28,3580.220608,1000.779392,2014-04-20 13:30:00,4581.0,18.0,2014-04-20,False,Sunday
5260,29,3586.63178,1001.36822,2014-04-20 14:00:00,4588.0,18.2,2014-04-20,False,Sunday
5261,30,3610.386684,1004.613316,2014-04-20 14:30:00,4615.0,18.3,2014-04-20,False,Sunday
5262,31,3641.558814,998.441186,2014-04-20 15:00:00,4640.0,18.0,2014-04-20,False,Sunday
5263,32,3673.916382,993.083618,2014-04-20 15:30:00,4667.0,18.0,2014-04-20,False,Sunday
5264,33,3738.806258,995.193742,2014-04-20 16:00:00,4734.0,18.3,2014-04-20,False,Sunday
5265,34,3898.999204,996.000796,2014-04-20 16:30:00,4895.0,18.3,2014-04-20,False,Sunday
5266,35,4062.832424,999.167576,2014-04-20 17:00:00,5062.0,18.1,2014-04-20,False,Sunday
5267,36,4299.755156,993.244844,2014-04-20 17:30:00,5293.0,17.9,2014-04-20,False,Sunday
5268,37,4562.950154,993.049846,2014-04-20 18:00:00,5556.0,16.8,2014-04-20,False,Sunday
5269,38,4594.280626,990.719374,2014-04-20 18:30:00,5585.0,16.1,2014-04-20,False,Sunday
5270,39,4503.715062,993.284938,2014-04-20 19:00:00,5497.0,15.8,2014-04-20,False,Sunday
5271,40,4421.413934,988.586066,2014-04-20 19:30:00,5410.0,15.4,2014-04-20,False,Sunday
5272,41,4331.178516,984.821484,2014-04-20 20:00:00,5316.0,15.3,2014-04-20,False,Sunday
5273,42,4232.170974,986.829026,2014-04-20 20:30:00,5219.0,15.3,2014-04-20,False,Sunday
5274,43,4107.78878,986.21122,2014-04-20 21:00:00,5094.0,15.1,2014-04-20,False,Sunday
5275,44,3991.944128,989.055872,2014-04-20 21:30:00,4981.0,15.1,2014-04-20,False,Sunday
5276,45,3929.756224,988.243776,2014-04-20 22:00:00,4918.0,14.8,2014-04-20,False,Sunday
5277,46,3941.999228,990.000772,2014-04-20 22:30:00,4932.0,14.5,2014-04-20,False,Sunday
5278,47,4228.874344,992.125656,2014-04-20 23:00:00,5221.0,14.3,2014-04-20,False,Sunday
5279,48,4305.469718,994.530282,2014-04-20 23:30:00,5300.0,14.2,2014-04-20,False,Sunday
5280,1,4031.147216,996.852784,2014-04-21 00:00:00,5028.0,14.2,2014-04-21,True,Monday
5281,2,3789.5689,990.4311,2014-04-21 00:30:00,4780.0,14.4,2014-04-21,True,Monday
5282,3,3597.736282,986.263718,2014-04-21 01:00:00,4584.0,14.3,2014-04-21,True,Monday
5283,4,3383.625612,987.374388,2014-04-21 01:30:00,4371.0,13.8,2014-04-21,True,Monday
5284,5,3193.96286,985.03714,2014-04-21 02:00:00,4179.0,13.5,2014-04-21,True,Monday
5285,6,3079.576566,989.423434,2014-04-21 02:30:00,4069.0,13.1,2014-04-21,True,Monday
5286,7,3013.017548,990.982452,2014-04-21 03:00:00,4004.0,12.8,2014-04-21,True,Monday
5287,8,2966.98153,993.01847,2014-04-21 03:30:00,3960.0,12.7,2014-04-21,True,Monday
5288,9,2958.607764,990.392236,2014-04-21 04:00:00,3949.0,12.8,2014-04-21,True,Monday
5289,10,2965.992718,987.007282,2014-04-21 04:30:00,3953.0,12.8,2014-04-21,True,Monday
5290,11,3025.037912,984.962088,2014-04-21 05:00:00,4010.0,12.8,2014-04-21,True,Monday
5291,12,3098.245192,986.754808,2014-04-21 05:30:00,4085.0,12.7,2014-04-21,True,Monday
5292,13,3231.054584,985.945416,2014-04-21 06:00:00,4217.0,12.7,2014-04-21,True,Monday
5293,14,3316.611444,990.388556,2014-04-21 06:30:00,4307.0,12.7,2014-04-21,True,Monday
5294,15,3343.713698,985.286302,2014-04-21 07:00:00,4329.0,12.6,2014-04-21,True,Monday
5295,16,3476.154038,983.845962,2014-04-21 07:30:00,4460.0,12.7,2014-04-21,True,Monday
5296,17,3605.981352,985.018648,2014-04-21 08:00:00,4591.0,13.3,2014-04-21,True,Monday
5297,18,3664.261752,988.738248,2014-04-21 08:30:00,4653.0,14.1,2014-04-21,True,Monday
5298,19,3703.818176,993.181824,2014-04-21 09:00:00,4697.0,14.3,2014-04-21,True,Monday
5299,20,3710.350628,992.649372,2014-04-21 09:30:00,4703.0,14.9,2014-04-21,True,Monday
5300,21,3702.33881,994.66119,2014-04-21 10:00:00,4697.0,15.4,2014-04-21,True,Monday
5301,22,3667.330158,999.669842,2014-04-21 10:30:00,4667.0,16.2,2014-04-21,True,Monday
5302,23,3671.219538,1000.780462,2014-04-21 11:00:00,4672.0,16.5,2014-04-21,True,Monday
5303,24,3674.101748,1001.898252,2014-04-21 11:30:00,4676.0,17.0,2014-04-21,True,Monday
5304,25,3703.088456,997.911544,2014-04-21 12:00:00,4701.0,17.5,2014-04-21,True,Monday
5305,26,3708.097646,999.902354,2014-04-21 12:30:00,4708.0,17.4,2014-04-21,True,Monday
5306,27,3748.73435,997.26565,2014-04-21 13:00:00,4746.0,17.6,2014-04-21,True,Monday
5307,28,3800.83545,997.16455,2014-04-21 13:30:00,4798.0,17.8,2014-04-21,True,Monday
5308,29,3839.004438,1002.995562,2014-04-21 14:00:00,4842.0,17.3,2014-04-21,True,Monday
5309,30,3838.337644,997.662356,2014-04-21 14:30:00,4836.0,17.5,2014-04-21,True,Monday
5310,31,3858.649786,1000.350214,2014-04-21 15:00:00,4859.0,18.0,2014-04-21,True,Monday
5311,32,3919.453284,1004.546716,2014-04-21 15:30:00,4924.0,18.1,2014-04-21,True,Monday
5312,33,4007.028796,1004.971204,2014-04-21 16:00:00,5012.0,18.1,2014-04-21,True,Monday
5313,34,4186.365276,1000.634724,2014-04-21 16:30:00,5187.0,17.7,2014-04-21,True,Monday
5314,35,4371.859918,998.140082,2014-04-21 17:00:00,5370.0,17.6,2014-04-21,True,Monday
5315,36,4659.65044,993.34956,2014-04-21 17:30:00,5653.0,17.6,2014-04-21,True,Monday
5316,37,4873.523834,993.476166,2014-04-21 18:00:00,5867.0,17.5,2014-04-21,True,Monday
5317,38,4846.970738,997.029262,2014-04-21 18:30:00,5844.0,17.3,2014-04-21,True,Monday
5318,39,4690.835866,990.164134,2014-04-21 19:00:00,5681.0,17.3,2014-04-21,True,Monday
5319,40,4561.173874,991.826126,2014-04-21 19:30:00,5553.0,17.2,2014-04-21,True,Monday
5320,41,4438.132488,993.867512,2014-04-21 20:00:00,5432.0,17.3,2014-04-21,True,Monday
5321,42,4298.367662,997.632338,2014-04-21 20:30:00,5296.0,17.2,2014-04-21,True,Monday
5322,43,4125.068418,994.931582,2014-04-21 21:00:00,5120.0,17.2,2014-04-21,True,Monday
5323,44,3962.779584,995.220416,2014-04-21 21:30:00,4958.0,17.1,2014-04-21,True,Monday
5324,45,3842.342266,1004.657734,2014-04-21 22:00:00,4847.0,17.1,2014-04-21,True,Monday
5325,46,3814.32811,999.67189,2014-04-21 22:30:00,4814.0,17.2,2014-04-21,True,Monday
5326,47,4134.014124,1005.985876,2014-04-21 23:00:00,5140.0,17.2,2014-04-21,True,Monday
5327,48,4232.907034,1014.092966,2014-04-21 23:30:00,5247.0,17.3,2014-04-21,True,Monday
5328,1,4027.181422,1019.818578,2014-04-22 00:00:00,5047.0,17.4,2014-04-22,False,Tuesday
5329,2,3828.432416,1018.567584,2014-04-22 00:30:00,4847.0,17.4,2014-04-22,False,Tuesday
5330,3,3658.718662,1016.281338,2014-04-22 01:00:00,4675.0,17.4,2014-04-22,False,Tuesday
5331,4,3457.23322,1008.76678,2014-04-22 01:30:00,4466.0,17.5,2014-04-22,False,Tuesday
5332,5,3293.759452,1007.240548,2014-04-22 02:00:00,4301.0,17.6,2014-04-22,False,Tuesday
5333,6,3192.294396,1010.705604,2014-04-22 02:30:00,4203.0,17.5,2014-04-22,False,Tuesday
5334,7,3126.78142,1006.21858,2014-04-22 03:00:00,4133.0,17.3,2014-04-22,False,Tuesday
5335,8,3099.538998,1014.461002,2014-04-22 03:30:00,4114.0,17.4,2014-04-22,False,Tuesday
5336,9,3115.725322,1010.274678,2014-04-22 04:00:00,4126.0,17.6,2014-04-22,False,Tuesday
5337,10,3160.190822,1012.809178,2014-04-22 04:30:00,4173.0,17.4,2014-04-22,False,Tuesday
5338,11,3255.458164,1014.541836,2014-04-22 05:00:00,4270.0,17.4,2014-04-22,False,Tuesday
5339,12,3455.722052,1007.277948,2014-04-22 05:30:00,4463.0,16.8,2014-04-22,False,Tuesday
5340,13,3832.523766,1017.476234,2014-04-22 06:00:00,4850.0,16.7,2014-04-22,False,Tuesday
5341,14,4247.919884,1017.080116,2014-04-22 06:30:00,5265.0,16.6,2014-04-22,False,Tuesday
5342,15,4500.48714,1008.51286,2014-04-22 07:00:00,5509.0,16.2,2014-04-22,False,Tuesday
5343,16,4783.713222,1015.286778,2014-04-22 07:30:00,5799.0,16.1,2014-04-22,False,Tuesday
5344,17,4961.65899,1009.34101,2014-04-22 08:00:00,5971.0,13.6,2014-04-22,False,Tuesday
5345,18,5021.069586,1015.930414,2014-04-22 08:30:00,6037.0,13.7,2014-04-22,False,Tuesday
5346,19,5096.342996,1013.657004,2014-04-22 09:00:00,6110.0,13.3,2014-04-22,False,Tuesday
5347,20,5121.57252,1014.42748,2014-04-22 09:30:00,6136.0,13.7,2014-04-22,False,Tuesday
5348,21,5103.767782,1018.232218,2014-04-22 10:00:00,6122.0,13.7,2014-04-22,False,Tuesday
5349,22,5085.64759,1020.35241,2014-04-22 10:30:00,6106.0,13.8,2014-04-22,False,Tuesday
5350,23,5081.17648,1022.82352,2014-04-22 11:00:00,6104.0,14.4,2014-04-22,False,Tuesday
5351,24,5102.187498,1019.812502,2014-04-22 11:30:00,6122.0,14.8,2014-04-22,False,Tuesday
5352,25,5108.433912,1017.566088,2014-04-22 12:00:00,6126.0,15.2,2014-04-22,False,Tuesday
5353,26,5102.71019,1023.28981,2014-04-22 12:30:00,6126.0,15.9,2014-04-22,False,Tuesday
5354,27,5122.63109,1021.36891,2014-04-22 13:00:00,6144.0,15.9,2014-04-22,False,Tuesday
5355,28,5136.16281,1011.83719,2014-04-22 13:30:00,6148.0,15.8,2014-04-22,False,Tuesday
5356,29,5120.750852,1014.249148,2014-04-22 14:00:00,6135.0,16.1,2014-04-22,False,Tuesday
5357,30,5113.722796,1016.277204,2014-04-22 14:30:00,6130.0,16.3,2014-04-22,False,Tuesday
5358,31,5112.723234,1013.276766,2014-04-22 15:00:00,6126.0,16.6,2014-04-22,False,Tuesday
5359,32,5153.326456,957.673544,2014-04-22 15:30:00,6111.0,16.6,2014-04-22,False,Tuesday
5360,33,5232.027756,1005.972244,2014-04-22 16:00:00,6238.0,15.2,2014-04-22,False,Tuesday
5361,34,5346.387442,1004.612558,2014-04-22 16:30:00,6351.0,15.0,2014-04-22,False,Tuesday
5362,35,5449.07311,1010.92689,2014-04-22 17:00:00,6460.0,14.9,2014-04-22,False,Tuesday
5363,36,5636.731696,1007.268304,2014-04-22 17:30:00,6644.0,15.0,2014-04-22,False,Tuesday
5364,37,5671.53607,1011.46393,2014-04-22 18:00:00,6683.0,14.8,2014-04-22,False,Tuesday
5365,38,5555.648,1012.352,2014-04-22 18:30:00,6568.0,15.0,2014-04-22,False,Tuesday
5366,39,5356.686652,1004.313348,2014-04-22 19:00:00,6361.0,14.7,2014-04-22,False,Tuesday
5367,40,5214.492816,1005.507184,2014-04-22 19:30:00,6220.0,14.5,2014-04-22,False,Tuesday
5368,41,5041.54033,1010.45967,2014-04-22 20:00:00,6052.0,14.3,2014-04-22,False,Tuesday
5369,42,4881.994284,1003.005716,2014-04-22 20:30:00,5885.0,14.8,2014-04-22,False,Tuesday
5370,43,4684.101306,1002.898694,2014-04-22 21:00:00,5687.0,14.4,2014-04-22,False,Tuesday
5371,44,4471.317406,1000.682594,2014-04-22 21:30:00,5472.0,14.4,2014-04-22,False,Tuesday
5372,45,4328.030458,993.969542,2014-04-22 22:00:00,5322.0,14.8,2014-04-22,False,Tuesday
5373,46,4271.008342,1003.991658,2014-04-22 22:30:00,5275.0,14.7,2014-04-22,False,Tuesday
5374,47,4545.624204,1016.375796,2014-04-22 23:00:00,5562.0,14.6,2014-04-22,False,Tuesday
5375,48,4579.822526,1027.177474,2014-04-22 23:30:00,5607.0,14.4,2014-04-22,False,Tuesday
5376,1,4334.958642,1000.041358,2014-04-23 00:00:00,5335.0,14.6,2014-04-23,False,Wednesday
5377,2,4121.467358,1022.532642,2014-04-23 00:30:00,5144.0,14.1,2014-04-23,False,Wednesday
5378,3,3927.294972,1017.705028,2014-04-23 01:00:00,4945.0,13.9,2014-04-23,False,Wednesday
5379,4,3733.442468,1017.557532,2014-04-23 01:30:00,4751.0,14.2,2014-04-23,False,Wednesday
5380,5,3572.6839,1023.3161,2014-04-23 02:00:00,4596.0,14.0,2014-04-23,False,Wednesday
5381,6,3445.750016,1010.249984,2014-04-23 02:30:00,4456.0,14.0,2014-04-23,False,Wednesday
5382,7,3375.739372,1008.260628,2014-04-23 03:00:00,4384.0,13.8,2014-04-23,False,Wednesday
5383,8,3328.310686,1008.689314,2014-04-23 03:30:00,4337.0,14.0,2014-04-23,False,Wednesday
5384,9,3328.431828,1011.568172,2014-04-23 04:00:00,4340.0,13.2,2014-04-23,False,Wednesday
5385,10,3387.061576,1007.938424,2014-04-23 04:30:00,4395.0,13.2,2014-04-23,False,Wednesday
5386,11,3549.747196,1009.252804,2014-04-23 05:00:00,4559.0,13.2,2014-04-23,False,Wednesday
5387,12,3756.94747,1001.05253,2014-04-23 05:30:00,4758.0,12.9,2014-04-23,False,Wednesday
5388,13,4120.587874,999.412126,2014-04-23 06:00:00,5120.0,12.6,2014-04-23,False,Wednesday
5389,14,4503.559976,989.440024,2014-04-23 06:30:00,5493.0,12.4,2014-04-23,False,Wednesday
5390,15,4708.93486,991.06514,2014-04-23 07:00:00,5700.0,12.3,2014-04-23,False,Wednesday
5391,16,4936.71154,992.28846,2014-04-23 07:30:00,5929.0,12.3,2014-04-23,False,Wednesday
5392,17,4999.537438,990.462562,2014-04-23 08:00:00,5990.0,12.3,2014-04-23,False,Wednesday
5393,18,4969.924446,995.075554,2014-04-23 08:30:00,5965.0,13.0,2014-04-23,False,Wednesday
5394,19,4957.10317,995.89683,2014-04-23 09:00:00,5953.0,13.2,2014-04-23,False,Wednesday
5395,20,4902.100292,995.899708,2014-04-23 09:30:00,5898.0,13.9,2014-04-23,False,Wednesday
5396,21,4846.604884,1001.395116,2014-04-23 10:00:00,5848.0,15.1,2014-04-23,False,Wednesday
5397,22,4818.309268,1001.690732,2014-04-23 10:30:00,5820.0,15.9,2014-04-23,False,Wednesday
5398,23,4794.73587,998.26413,2014-04-23 11:00:00,5793.0,16.5,2014-04-23,False,Wednesday
5399,24,4790.641082,996.358918,2014-04-23 11:30:00,5787.0,17.1,2014-04-23,False,Wednesday
5400,25,4795.543038,992.456962,2014-04-23 12:00:00,5788.0,18.3,2014-04-23,False,Wednesday
5401,26,4786.270578,992.729422,2014-04-23 12:30:00,5779.0,18.6,2014-04-23,False,Wednesday
5402,27,4825.263764,999.736236,2014-04-23 13:00:00,5825.0,17.5,2014-04-23,False,Wednesday
5403,28,4867.299644,997.700356,2014-04-23 13:30:00,5865.0,19.2,2014-04-23,False,Wednesday
5404,29,4900.058474,998.941526,2014-04-23 14:00:00,5899.0,17.9,2014-04-23,False,Wednesday
5405,30,4876.784622,1003.215378,2014-04-23 14:30:00,5880.0,17.9,2014-04-23,False,Wednesday
5406,31,4851.680192,1007.319808,2014-04-23 15:00:00,5859.0,18.2,2014-04-23,False,Wednesday
5407,32,4881.9257,1002.0743,2014-04-23 15:30:00,5884.0,18.1,2014-04-23,False,Wednesday
5408,33,4925.34171,997.65829,2014-04-23 16:00:00,5923.0,17.8,2014-04-23,False,Wednesday
5409,34,5018.993124,1002.006876,2014-04-23 16:30:00,6021.0,18.3,2014-04-23,False,Wednesday
5410,35,5122.78771,1000.21229,2014-04-23 17:00:00,6123.0,18.0,2014-04-23,False,Wednesday
5411,36,5357.13948,998.86052,2014-04-23 17:30:00,6356.0,17.2,2014-04-23,False,Wednesday
5412,37,5553.82704,1000.17296,2014-04-23 18:00:00,6554.0,16.7,2014-04-23,False,Wednesday
5413,38,5512.59502,1000.40498,2014-04-23 18:30:00,6513.0,15.9,2014-04-23,False,Wednesday
5414,39,5358.405776,996.594224,2014-04-23 19:00:00,6355.0,15.8,2014-04-23,False,Wednesday
5415,40,5199.837874,1001.162126,2014-04-23 19:30:00,6201.0,16.0,2014-04-23,False,Wednesday
5416,41,5039.106848,1003.893152,2014-04-23 20:00:00,6043.0,16.5,2014-04-23,False,Wednesday
5417,42,4891.13882,996.86118,2014-04-23 20:30:00,5888.0,16.4,2014-04-23,False,Wednesday
5418,43,4710.594146,998.405854,2014-04-23 21:00:00,5709.0,15.8,2014-04-23,False,Wednesday
5419,44,4506.237226,999.762774,2014-04-23 21:30:00,5506.0,15.8,2014-04-23,False,Wednesday
5420,45,4354.974566,1007.025434,2014-04-23 22:00:00,5362.0,15.7,2014-04-23,False,Wednesday
5421,46,4276.980316,1003.019684,2014-04-23 22:30:00,5280.0,15.4,2014-04-23,False,Wednesday
5422,47,4530.527046,1005.472954,2014-04-23 23:00:00,5536.0,15.1,2014-04-23,False,Wednesday
5423,48,4549.79814,1006.20186,2014-04-23 23:30:00,5556.0,15.0,2014-04-23,False,Wednesday
5424,1,4267.605496,1002.394504,2014-04-24 00:00:00,5270.0,14.5,2014-04-24,False,Thursday
5425,2,4041.348558,1003.651442,2014-04-24 00:30:00,5045.0,14.9,2014-04-24,False,Thursday
5426,3,3833.595618,1004.404382,2014-04-24 01:00:00,4838.0,15.3,2014-04-24,False,Thursday
5427,4,3604.840098,1002.159902,2014-04-24 01:30:00,4607.0,15.1,2014-04-24,False,Thursday
5428,5,3428.448604,1000.551396,2014-04-24 02:00:00,4429.0,15.3,2014-04-24,False,Thursday
5429,6,3318.435954,1002.564046,2014-04-24 02:30:00,4321.0,15.1,2014-04-24,False,Thursday
5430,7,3272.821486,1001.178514,2014-04-24 03:00:00,4274.0,15.0,2014-04-24,False,Thursday
5431,8,3264.168176,998.831824,2014-04-24 03:30:00,4263.0,14.7,2014-04-24,False,Thursday
5432,9,3272.260466,995.739534,2014-04-24 04:00:00,4268.0,14.2,2014-04-24,False,Thursday
5433,10,3278.183848,992.816152,2014-04-24 04:30:00,4271.0,13.8,2014-04-24,False,Thursday
5434,11,3403.599118,987.400882,2014-04-24 05:00:00,4391.0,13.4,2014-04-24,False,Thursday
5435,12,3605.169478,992.830522,2014-04-24 05:30:00,4598.0,12.7,2014-04-24,False,Thursday
5436,13,3998.089418,999.910582,2014-04-24 06:00:00,4998.0,13.3,2014-04-24,False,Thursday
5437,14,4423.154076,994.845924,2014-04-24 06:30:00,5418.0,13.9,2014-04-24,False,Thursday
5438,15,4653.962778,999.037222,2014-04-24 07:00:00,5653.0,14.9,2014-04-24,False,Thursday
5439,16,4973.282338,999.717662,2014-04-24 07:30:00,5973.0,14.7,2014-04-24,False,Thursday
5440,17,5138.591722,1004.408278,2014-04-24 08:00:00,6143.0,15.1,2014-04-24,False,Thursday
5441,18,5154.681186,1003.318814,2014-04-24 08:30:00,6158.0,13.8,2014-04-24,False,Thursday
5442,19,5133.590912,1001.409088,2014-04-24 09:00:00,6135.0,14.0,2014-04-24,False,Thursday
5443,20,5053.145996,999.854004,2014-04-24 09:30:00,6053.0,15.3,2014-04-24,False,Thursday
5444,21,4969.673648,1005.326352,2014-04-24 10:00:00,5975.0,15.7,2014-04-24,False,Thursday
5445,22,4912.962132,1006.037868,2014-04-24 10:30:00,5919.0,16.9,2014-04-24,False,Thursday
5446,23,4877.661362,1010.338638,2014-04-24 11:00:00,5888.0,16.8,2014-04-24,False,Thursday
5447,24,4848.769732,1007.230268,2014-04-24 11:30:00,5856.0,17.0,2014-04-24,False,Thursday
5448,25,4781.472636,1010.527364,2014-04-24 12:00:00,5792.0,18.1,2014-04-24,False,Thursday
5449,26,4735.123338,1010.876662,2014-04-24 12:30:00,5746.0,16.9,2014-04-24,False,Thursday
5450,27,4735.641202,1007.358798,2014-04-24 13:00:00,5743.0,18.3,2014-04-24,False,Thursday
5451,28,4713.443968,1006.556032,2014-04-24 13:30:00,5720.0,18.1,2014-04-24,False,Thursday
5452,29,4697.29696,1006.70304,2014-04-24 14:00:00,5704.0,17.9,2014-04-24,False,Thursday
5453,30,4693.046234,1011.953766,2014-04-24 14:30:00,5705.0,17.3,2014-04-24,False,Thursday
5454,31,4683.946888,1013.053112,2014-04-24 15:00:00,5697.0,18.0,2014-04-24,False,Thursday
5455,32,4689.16596,1004.83404,2014-04-24 15:30:00,5694.0,17.2,2014-04-24,False,Thursday
5456,33,4768.262274,999.737726,2014-04-24 16:00:00,5768.0,16.7,2014-04-24,False,Thursday
5457,34,4885.152218,1004.847782,2014-04-24 16:30:00,5890.0,15.5,2014-04-24,False,Thursday
5458,35,5023.678574,999.321426,2014-04-24 17:00:00,6023.0,14.5,2014-04-24,False,Thursday
5459,36,5290.882376,1001.117624,2014-04-24 17:30:00,6292.0,14.4,2014-04-24,False,Thursday
5460,37,5497.633006,1003.366994,2014-04-24 18:00:00,6501.0,14.4,2014-04-24,False,Thursday
5461,38,5481.203264,1004.796736,2014-04-24 18:30:00,6486.0,14.5,2014-04-24,False,Thursday
5462,39,5358.073646,1004.926354,2014-04-24 19:00:00,6363.0,14.3,2014-04-24,False,Thursday
5463,40,5235.807986,1006.192014,2014-04-24 19:30:00,6242.0,14.1,2014-04-24,False,Thursday
5464,41,5124.374116,1004.625884,2014-04-24 20:00:00,6129.0,13.9,2014-04-24,False,Thursday
5465,42,4997.178678,1004.821322,2014-04-24 20:30:00,6002.0,13.8,2014-04-24,False,Thursday
5466,43,4824.075388,984.924612,2014-04-24 21:00:00,5809.0,13.6,2014-04-24,False,Thursday
5467,44,4644.495016,960.504984,2014-04-24 21:30:00,5605.0,13.5,2014-04-24,False,Thursday
5468,45,4509.394824,1002.605176,2014-04-24 22:00:00,5512.0,13.5,2014-04-24,False,Thursday
5469,46,4451.490868,1006.509132,2014-04-24 22:30:00,5458.0,13.3,2014-04-24,False,Thursday
5470,47,4703.606744,1007.393256,2014-04-24 23:00:00,5711.0,13.0,2014-04-24,False,Thursday
5471,48,4718.278634,1019.721366,2014-04-24 23:30:00,5738.0,12.9,2014-04-24,False,Thursday
5472,1,4421.126906,1020.873094,2014-04-25 00:00:00,5442.0,12.9,2014-04-25,True,Friday
5473,2,4171.005018,1017.994982,2014-04-25 00:30:00,5189.0,12.5,2014-04-25,True,Friday
5474,3,3952.024506,1009.975494,2014-04-25 01:00:00,4962.0,11.5,2014-04-25,True,Friday
5475,4,3715.510002,1011.489998,2014-04-25 01:30:00,4727.0,10.4,2014-04-25,True,Friday
5476,5,3511.920754,1006.079246,2014-04-25 02:00:00,4518.0,9.8,2014-04-25,True,Friday
5477,6,3383.931722,1008.068278,2014-04-25 02:30:00,4392.0,9.4,2014-04-25,True,Friday
5478,7,3303.40278,1007.59722,2014-04-25 03:00:00,4311.0,9.2,2014-04-25,True,Friday
5479,8,3249.9156,1007.0844,2014-04-25 03:30:00,4257.0,8.8,2014-04-25,True,Friday
5480,9,3235.30977,1002.69023,2014-04-25 04:00:00,4238.0,8.0,2014-04-25,True,Friday
5481,10,3253.959336,1004.040664,2014-04-25 04:30:00,4258.0,8.1,2014-04-25,True,Friday
5482,11,3344.393028,999.606972,2014-04-25 05:00:00,4344.0,7.6,2014-04-25,True,Friday
5483,12,3424.290032,1002.709968,2014-04-25 05:30:00,4427.0,7.4,2014-04-25,True,Friday
5484,13,3559.379596,1009.620404,2014-04-25 06:00:00,4569.0,6.8,2014-04-25,True,Friday
5485,14,3692.421384,1002.578616,2014-04-25 06:30:00,4695.0,6.6,2014-04-25,True,Friday
5486,15,3712.587782,1005.412218,2014-04-25 07:00:00,4718.0,6.7,2014-04-25,True,Friday
5487,16,3883.812558,1006.187442,2014-04-25 07:30:00,4890.0,6.6,2014-04-25,True,Friday
5488,17,3981.982294,1003.017706,2014-04-25 08:00:00,4985.0,7.3,2014-04-25,True,Friday
5489,18,4014.932112,1003.067888,2014-04-25 08:30:00,5018.0,8.1,2014-04-25,True,Friday
5490,19,4020.57278,1007.42722,2014-04-25 09:00:00,5028.0,9.0,2014-04-25,True,Friday
5491,20,3980.545412,1001.454588,2014-04-25 09:30:00,4982.0,9.9,2014-04-25,True,Friday
5492,21,3914.186872,997.813128,2014-04-25 10:00:00,4912.0,11.4,2014-04-25,True,Friday
5493,22,3840.96903,1011.03097,2014-04-25 10:30:00,4852.0,13.4,2014-04-25,True,Friday
5494,23,3808.207976,1005.792024,2014-04-25 11:00:00,4814.0,14.0,2014-04-25,True,Friday
5495,24,3764.863678,1011.136322,2014-04-25 11:30:00,4776.0,14.6,2014-04-25,True,Friday
5496,25,3758.696592,1008.303408,2014-04-25 12:00:00,4767.0,16.8,2014-04-25,True,Friday
5497,26,3746.707182,1013.292818,2014-04-25 12:30:00,4760.0,17.6,2014-04-25,True,Friday
5498,27,3757.963012,1010.036988,2014-04-25 13:00:00,4768.0,18.6,2014-04-25,True,Friday
5499,28,3744.906046,1005.093954,2014-04-25 13:30:00,4750.0,19.4,2014-04-25,True,Friday
5500,29,3737.220138,963.779862,2014-04-25 14:00:00,4701.0,19.8,2014-04-25,True,Friday
5501,30,3708.361352,727.638648,2014-04-25 14:30:00,4436.0,20.5,2014-04-25,True,Friday
5502,31,3773.625086,970.374914,2014-04-25 15:00:00,4744.0,20.4,2014-04-25,True,Friday
5503,32,3865.112764,1013.887236,2014-04-25 15:30:00,4879.0,20.2,2014-04-25,True,Friday
5504,33,3987.223532,1006.776468,2014-04-25 16:00:00,4994.0,19.8,2014-04-25,True,Friday
5505,34,4136.278906,1003.721094,2014-04-25 16:30:00,5140.0,19.5,2014-04-25,True,Friday
5506,35,4333.48781,1011.51219,2014-04-25 17:00:00,5345.0,19.0,2014-04-25,True,Friday
5507,36,4694.349086,1012.650914,2014-04-25 17:30:00,5707.0,18.6,2014-04-25,True,Friday
5508,37,4911.378124,1015.621876,2014-04-25 18:00:00,5927.0,18.0,2014-04-25,True,Friday
5509,38,4882.458462,1015.541538,2014-04-25 18:30:00,5898.0,17.5,2014-04-25,True,Friday
5510,39,4747.70262,1012.29738,2014-04-25 19:00:00,5760.0,17.1,2014-04-25,True,Friday
5511,40,4623.25903,1008.74097,2014-04-25 19:30:00,5632.0,16.7,2014-04-25,True,Friday
5512,41,4517.9116,1008.0884,2014-04-25 20:00:00,5526.0,16.3,2014-04-25,True,Friday
5513,42,4424.433194,943.566806,2014-04-25 20:30:00,5368.0,16.2,2014-04-25,True,Friday
5514,43,4273.776214,1004.223786,2014-04-25 21:00:00,5278.0,15.5,2014-04-25,True,Friday
5515,44,4122.093456,1022.906544,2014-04-25 21:30:00,5145.0,15.3,2014-04-25,True,Friday
5516,45,4049.158876,1016.841124,2014-04-25 22:00:00,5066.0,15.1,2014-04-25,True,Friday
5517,46,4027.201116,1011.798884,2014-04-25 22:30:00,5039.0,15.0,2014-04-25,True,Friday
5518,47,4334.183074,1014.816926,2014-04-25 23:00:00,5349.0,15.2,2014-04-25,True,Friday
5519,48,4382.819362,1015.180638,2014-04-25 23:30:00,5398.0,15.5,2014-04-25,True,Friday
5520,1,4117.44029,1016.55971,2014-04-26 00:00:00,5134.0,15.4,2014-04-26,False,Saturday
5521,2,3886.197116,1013.802884,2014-04-26 00:30:00,4900.0,15.7,2014-04-26,False,Saturday
5522,3,3672.995108,1010.004892,2014-04-26 01:00:00,4683.0,16.2,2014-04-26,False,Saturday
5523,4,3473.36778,1002.63222,2014-04-26 01:30:00,4476.0,16.3,2014-04-26,False,Saturday
5524,5,3267.995046,999.004954,2014-04-26 02:00:00,4267.0,16.4,2014-04-26,False,Saturday
5525,6,3109.331464,996.668536,2014-04-26 02:30:00,4106.0,16.1,2014-04-26,False,Saturday
5526,7,3026.74803,1001.25197,2014-04-26 03:00:00,4028.0,16.4,2014-04-26,False,Saturday
5527,8,2965.945066,998.054934,2014-04-26 03:30:00,3964.0,16.8,2014-04-26,False,Saturday
5528,9,2951.854252,989.145748,2014-04-26 04:00:00,3941.0,16.9,2014-04-26,False,Saturday
5529,10,2947.99816,990.00184,2014-04-26 04:30:00,3938.0,16.8,2014-04-26,False,Saturday
5530,11,3010.643596,997.356404,2014-04-26 05:00:00,4008.0,17.1,2014-04-26,False,Saturday
5531,12,3082.167978,996.832022,2014-04-26 05:30:00,4079.0,16.9,2014-04-26,False,Saturday
5532,13,3227.198754,997.801246,2014-04-26 06:00:00,4225.0,16.6,2014-04-26,False,Saturday
5533,14,3390.991698,1001.008302,2014-04-26 06:30:00,4392.0,16.7,2014-04-26,False,Saturday
5534,15,3427.363108,999.636892,2014-04-26 07:00:00,4427.0,16.7,2014-04-26,False,Saturday
5535,16,3574.02307,992.97693,2014-04-26 07:30:00,4567.0,16.8,2014-04-26,False,Saturday
5536,17,3709.254124,998.745876,2014-04-26 08:00:00,4708.0,16.1,2014-04-26,False,Saturday
5537,18,3782.38569,998.61431,2014-04-26 08:30:00,4781.0,16.5,2014-04-26,False,Saturday
5538,19,3921.158576,1001.841424,2014-04-26 09:00:00,4923.0,17.9,2014-04-26,False,Saturday
5539,20,3988.080178,1005.919822,2014-04-26 09:30:00,4994.0,18.1,2014-04-26,False,Saturday
5540,21,4029.764322,1002.235678,2014-04-26 10:00:00,5032.0,18.7,2014-04-26,False,Saturday
5541,22,4088.128886,1000.871114,2014-04-26 10:30:00,5089.0,19.2,2014-04-26,False,Saturday
5542,23,4113.965952,1000.034048,2014-04-26 11:00:00,5114.0,16.5,2014-04-26,False,Saturday
5543,24,4133.049886,995.950114,2014-04-26 11:30:00,5129.0,15.7,2014-04-26,False,Saturday
5544,25,4151.773928,972.226072,2014-04-26 12:00:00,5124.0,15.7,2014-04-26,False,Saturday
5545,26,4143.271632,997.728368,2014-04-26 12:30:00,5141.0,15.8,2014-04-26,False,Saturday
5546,27,4095.901256,998.098744,2014-04-26 13:00:00,5094.0,15.8,2014-04-26,False,Saturday
5547,28,4068.507378,996.492622,2014-04-26 13:30:00,5065.0,16.2,2014-04-26,False,Saturday
5548,29,4046.354484,997.645516,2014-04-26 14:00:00,5044.0,16.7,2014-04-26,False,Saturday
5549,30,4024.702598,997.297402,2014-04-26 14:30:00,5022.0,16.7,2014-04-26,False,Saturday
5550,31,4033.73777,996.26223,2014-04-26 15:00:00,5030.0,16.5,2014-04-26,False,Saturday
5551,32,4061.999508,992.000492,2014-04-26 15:30:00,5054.0,16.4,2014-04-26,False,Saturday
5552,33,4123.399764,991.600236,2014-04-26 16:00:00,5115.0,16.1,2014-04-26,False,Saturday
5553,34,4255.28075,994.71925,2014-04-26 16:30:00,5250.0,16.1,2014-04-26,False,Saturday
5554,35,4417.313802,985.686198,2014-04-26 17:00:00,5403.0,15.5,2014-04-26,False,Saturday
5555,36,4703.145348,990.854652,2014-04-26 17:30:00,5694.0,14.5,2014-04-26,False,Saturday
5556,37,4945.564554,990.435446,2014-04-26 18:00:00,5936.0,13.7,2014-04-26,False,Saturday
5557,38,4907.046928,989.953072,2014-04-26 18:30:00,5897.0,13.7,2014-04-26,False,Saturday
5558,39,4773.779526,990.220474,2014-04-26 19:00:00,5764.0,13.7,2014-04-26,False,Saturday
5559,40,4668.540764,990.459236,2014-04-26 19:30:00,5659.0,13.6,2014-04-26,False,Saturday
5560,41,4567.77776,995.22224,2014-04-26 20:00:00,5563.0,13.6,2014-04-26,False,Saturday
5561,42,4482.377174,997.622826,2014-04-26 20:30:00,5480.0,13.1,2014-04-26,False,Saturday
5562,43,4375.575722,1001.424278,2014-04-26 21:00:00,5377.0,13.4,2014-04-26,False,Saturday
5563,44,4260.846636,995.153364,2014-04-26 21:30:00,5256.0,12.8,2014-04-26,False,Saturday
5564,45,4196.61636,988.38364,2014-04-26 22:00:00,5185.0,12.1,2014-04-26,False,Saturday
5565,46,4185.934654,990.065346,2014-04-26 22:30:00,5176.0,12.6,2014-04-26,False,Saturday
5566,47,4460.105012,991.894988,2014-04-26 23:00:00,5452.0,11.9,2014-04-26,False,Saturday
5567,48,4504.585684,998.414316,2014-04-26 23:30:00,5503.0,11.4,2014-04-26,False,Saturday
5568,1,4267.472058,1000.527942,2014-04-27 00:00:00,5268.0,11.6,2014-04-27,False,Sunday
5569,2,4039.18941,1002.81059,2014-04-27 00:30:00,5042.0,11.3,2014-04-27,False,Sunday
5570,3,3840.124158,998.875842,2014-04-27 01:00:00,4839.0,10.8,2014-04-27,False,Sunday
5571,4,3603.097398,993.902602,2014-04-27 01:30:00,4597.0,11.5,2014-04-27,False,Sunday
5572,5,3383.858646,992.141354,2014-04-27 02:00:00,4376.0,11.6,2014-04-27,False,Sunday
5573,6,3242.595462,995.404538,2014-04-27 02:30:00,4238.0,10.4,2014-04-27,False,Sunday
5574,7,3146.516996,996.483004,2014-04-27 03:00:00,4143.0,10.5,2014-04-27,False,Sunday
5575,8,3081.901566,997.098434,2014-04-27 03:30:00,4079.0,10.4,2014-04-27,False,Sunday
5576,9,3048.161438,992.838562,2014-04-27 04:00:00,4041.0,10.2,2014-04-27,False,Sunday
5577,10,3035.153412,990.846588,2014-04-27 04:30:00,4026.0,9.7,2014-04-27,False,Sunday
5578,11,3073.88213,994.11787,2014-04-27 05:00:00,4068.0,10.2,2014-04-27,False,Sunday
5579,12,3119.507064,998.492936,2014-04-27 05:30:00,4118.0,10.6,2014-04-27,False,Sunday
5580,13,3215.17124,995.82876,2014-04-27 06:00:00,4211.0,11.0,2014-04-27,False,Sunday
5581,14,3326.450878,994.549122,2014-04-27 06:30:00,4321.0,10.6,2014-04-27,False,Sunday
5582,15,3318.732846,995.267154,2014-04-27 07:00:00,4314.0,10.7,2014-04-27,False,Sunday
5583,16,3484.292332,987.707668,2014-04-27 07:30:00,4472.0,11.0,2014-04-27,False,Sunday
5584,17,3672.798426,990.201574,2014-04-27 08:00:00,4663.0,11.6,2014-04-27,False,Sunday
5585,18,3764.729346,996.270654,2014-04-27 08:30:00,4761.0,12.4,2014-04-27,False,Sunday
5586,19,3782.438744,995.561256,2014-04-27 09:00:00,4778.0,12.6,2014-04-27,False,Sunday
5587,20,3777.448078,996.551922,2014-04-27 09:30:00,4774.0,13.2,2014-04-27,False,Sunday
5588,21,3775.764284,990.235716,2014-04-27 10:00:00,4766.0,14.2,2014-04-27,False,Sunday
5589,22,3743.961872,992.038128,2014-04-27 10:30:00,4736.0,14.8,2014-04-27,False,Sunday
5590,23,3704.430716,992.569284,2014-04-27 11:00:00,4697.0,15.6,2014-04-27,False,Sunday
5591,24,3683.612652,996.387348,2014-04-27 11:30:00,4680.0,16.1,2014-04-27,False,Sunday
5592,25,3672.646996,992.353004,2014-04-27 12:00:00,4665.0,15.9,2014-04-27,False,Sunday
5593,26,3654.590068,994.409932,2014-04-27 12:30:00,4649.0,16.6,2014-04-27,False,Sunday
5594,27,3651.781774,989.218226,2014-04-27 13:00:00,4641.0,16.8,2014-04-27,False,Sunday
5595,28,3649.377676,988.622324,2014-04-27 13:30:00,4638.0,16.8,2014-04-27,False,Sunday
5596,29,3637.172512,990.827488,2014-04-27 14:00:00,4628.0,16.4,2014-04-27,False,Sunday
5597,30,3643.759432,989.240568,2014-04-27 14:30:00,4633.0,16.6,2014-04-27,False,Sunday
5598,31,3699.90137,991.09863,2014-04-27 15:00:00,4691.0,17.2,2014-04-27,False,Sunday
5599,32,3805.514698,987.485302,2014-04-27 15:30:00,4793.0,17.1,2014-04-27,False,Sunday
5600,33,3947.328916,987.671084,2014-04-27 16:00:00,4935.0,16.8,2014-04-27,False,Sunday
5601,34,4177.337446,984.662554,2014-04-27 16:30:00,5162.0,16.4,2014-04-27,False,Sunday
5602,35,4421.67738,994.32262,2014-04-27 17:00:00,5416.0,15.7,2014-04-27,False,Sunday
5603,36,4779.989742,991.010258,2014-04-27 17:30:00,5771.0,15.2,2014-04-27,False,Sunday
5604,37,5084.479452,990.520548,2014-04-27 18:00:00,6075.0,14.7,2014-04-27,False,Sunday
5605,38,5060.062306,992.937694,2014-04-27 18:30:00,6053.0,14.2,2014-04-27,False,Sunday
5606,39,4959.082628,993.917372,2014-04-27 19:00:00,5953.0,13.9,2014-04-27,False,Sunday
5607,40,4831.524834,992.475166,2014-04-27 19:30:00,5824.0,13.7,2014-04-27,False,Sunday
5608,41,4737.486926,987.513074,2014-04-27 20:00:00,5725.0,12.5,2014-04-27,False,Sunday
5609,42,4630.754834,992.245166,2014-04-27 20:30:00,5623.0,12.4,2014-04-27,False,Sunday
5610,43,4467.990238,995.009762,2014-04-27 21:00:00,5463.0,11.8,2014-04-27,False,Sunday
5611,44,4295.78414,990.21586,2014-04-27 21:30:00,5286.0,11.6,2014-04-27,False,Sunday
5612,45,4207.1311,996.8689,2014-04-27 22:00:00,5204.0,11.6,2014-04-27,False,Sunday
5613,46,4166.917074,1000.082926,2014-04-27 22:30:00,5167.0,10.9,2014-04-27,False,Sunday
5614,47,4423.859514,997.140486,2014-04-27 23:00:00,5421.0,10.7,2014-04-27,False,Sunday
5615,48,4438.673912,1005.326088,2014-04-27 23:30:00,5444.0,10.6,2014-04-27,False,Sunday
5616,1,4202.410304,1004.589696,2014-04-28 00:00:00,5207.0,10.1,2014-04-28,False,Monday
5617,2,3989.777646,1002.222354,2014-04-28 00:30:00,4992.0,9.6,2014-04-28,False,Monday
5618,3,3764.6254,999.3746,2014-04-28 01:00:00,4764.0,9.1,2014-04-28,False,Monday
5619,4,3555.89426,998.10574,2014-04-28 01:30:00,4554.0,8.9,2014-04-28,False,Monday
5620,5,3392.723216,997.276784,2014-04-28 02:00:00,4390.0,8.3,2014-04-28,False,Monday
5621,6,3279.222714,1000.777286,2014-04-28 02:30:00,4280.0,8.1,2014-04-28,False,Monday
5622,7,3209.996734,998.003266,2014-04-28 03:00:00,4208.0,7.7,2014-04-28,False,Monday
5623,8,3176.934544,999.065456,2014-04-28 03:30:00,4176.0,7.3,2014-04-28,False,Monday
5624,9,3203.255852,993.744148,2014-04-28 04:00:00,4197.0,7.1,2014-04-28,False,Monday
5625,10,3269.940336,994.059664,2014-04-28 04:30:00,4264.0,6.7,2014-04-28,False,Monday
5626,11,3472.820048,991.179952,2014-04-28 05:00:00,4464.0,6.8,2014-04-28,False,Monday
5627,12,3752.465054,996.534946,2014-04-28 05:30:00,4749.0,7.0,2014-04-28,False,Monday
5628,13,4195.319616,1000.680384,2014-04-28 06:00:00,5196.0,6.8,2014-04-28,False,Monday
5629,14,4671.02621,1002.97379,2014-04-28 06:30:00,5674.0,6.8,2014-04-28,False,Monday
5630,15,4975.562858,1006.437142,2014-04-28 07:00:00,5982.0,7.1,2014-04-28,False,Monday
5631,16,5266.69374,1013.30626,2014-04-28 07:30:00,6280.0,7.9,2014-04-28,False,Monday
5632,17,5329.424426,1018.575574,2014-04-28 08:00:00,6348.0,9.6,2014-04-28,False,Monday
5633,18,5274.079102,1020.920898,2014-04-28 08:30:00,6295.0,11.5,2014-04-28,False,Monday
5634,19,5261.264052,1017.735948,2014-04-28 09:00:00,6279.0,13.9,2014-04-28,False,Monday
5635,20,5204.427138,1019.572862,2014-04-28 09:30:00,6224.0,16.3,2014-04-28,False,Monday
5636,21,5135.933754,1016.066246,2014-04-28 10:00:00,6152.0,16.5,2014-04-28,False,Monday
5637,22,5070.252654,1017.747346,2014-04-28 10:30:00,6088.0,17.2,2014-04-28,False,Monday
5638,23,5009.849356,1018.150644,2014-04-28 11:00:00,6028.0,18.2,2014-04-28,False,Monday
5639,24,5000.904286,1011.095714,2014-04-28 11:30:00,6012.0,18.7,2014-04-28,False,Monday
5640,25,4994.28925,1020.71075,2014-04-28 12:00:00,6015.0,19.4,2014-04-28,False,Monday
5641,26,4994.473964,1023.526036,2014-04-28 12:30:00,6018.0,19.6,2014-04-28,False,Monday
5642,27,5015.533252,1016.466748,2014-04-28 13:00:00,6032.0,19.4,2014-04-28,False,Monday
5643,28,5046.430174,1018.569826,2014-04-28 13:30:00,6065.0,20.5,2014-04-28,False,Monday
5644,29,5044.01557,1019.98443,2014-04-28 14:00:00,6064.0,20.3,2014-04-28,False,Monday
5645,30,5044.262504,1016.737496,2014-04-28 14:30:00,6061.0,20.7,2014-04-28,False,Monday
5646,31,5018.735246,1019.264754,2014-04-28 15:00:00,6038.0,20.7,2014-04-28,False,Monday
5647,32,5036.343144,1022.656856,2014-04-28 15:30:00,6059.0,20.8,2014-04-28,False,Monday
5648,33,5125.750438,1021.249562,2014-04-28 16:00:00,6147.0,20.9,2014-04-28,False,Monday
5649,34,5234.411742,1011.588258,2014-04-28 16:30:00,6246.0,20.9,2014-04-28,False,Monday
5650,35,5401.085232,1014.914768,2014-04-28 17:00:00,6416.0,20.7,2014-04-28,False,Monday
5651,36,5641.363792,1022.636208,2014-04-28 17:30:00,6664.0,20.4,2014-04-28,False,Monday
5652,37,5677.197346,1024.802654,2014-04-28 18:00:00,6702.0,20.5,2014-04-28,False,Monday
5653,38,5579.512574,1021.487426,2014-04-28 18:30:00,6601.0,20.3,2014-04-28,False,Monday
5654,39,5371.75347,1018.24653,2014-04-28 19:00:00,6390.0,20.6,2014-04-28,False,Monday
5655,40,5205.230036,1015.769964,2014-04-28 19:30:00,6221.0,20.6,2014-04-28,False,Monday
5656,41,5030.569126,1022.430874,2014-04-28 20:00:00,6053.0,20.6,2014-04-28,False,Monday
5657,42,4867.354456,1012.645544,2014-04-28 20:30:00,5880.0,20.9,2014-04-28,False,Monday
5658,43,4673.692772,1010.307228,2014-04-28 21:00:00,5684.0,21.1,2014-04-28,False,Monday
5659,44,4457.347804,1012.652196,2014-04-28 21:30:00,5470.0,21.1,2014-04-28,False,Monday
5660,45,4306.542708,1018.457292,2014-04-28 22:00:00,5325.0,21.3,2014-04-28,False,Monday
5661,46,4235.451558,1026.548442,2014-04-28 22:30:00,5262.0,21.2,2014-04-28,False,Monday
5662,47,4502.210294,1026.789706,2014-04-28 23:00:00,5529.0,21.2,2014-04-28,False,Monday
5663,48,4556.923016,1023.076984,2014-04-28 23:30:00,5580.0,21.3,2014-04-28,False,Monday
5664,1,4288.48618,1029.51382,2014-04-29 00:00:00,5318.0,21.7,2014-04-29,False,Tuesday
5665,2,4040.442026,1031.557974,2014-04-29 00:30:00,5072.0,22.3,2014-04-29,False,Tuesday
5666,3,3838.745626,1025.254374,2014-04-29 01:00:00,4864.0,22.2,2014-04-29,False,Tuesday
5667,4,3632.913702,1026.086298,2014-04-29 01:30:00,4659.0,22.0,2014-04-29,False,Tuesday
5668,5,3477.677994,1026.322006,2014-04-29 02:00:00,4504.0,21.9,2014-04-29,False,Tuesday
5669,6,3375.970984,1024.029016,2014-04-29 02:30:00,4400.0,22.0,2014-04-29,False,Tuesday
5670,7,3315.318496,1026.681504,2014-04-29 03:00:00,4342.0,22.1,2014-04-29,False,Tuesday
5671,8,3276.264032,1020.735968,2014-04-29 03:30:00,4297.0,21.9,2014-04-29,False,Tuesday
5672,9,3267.712064,1013.287936,2014-04-29 04:00:00,4281.0,21.7,2014-04-29,False,Tuesday
5673,10,3324.66015,1006.33985,2014-04-29 04:30:00,4331.0,21.6,2014-04-29,False,Tuesday
5674,11,3477.421052,1006.578948,2014-04-29 05:00:00,4484.0,21.1,2014-04-29,False,Tuesday
5675,12,3692.776408,1023.223592,2014-04-29 05:30:00,4716.0,20.8,2014-04-29,False,Tuesday
5676,13,4072.307358,1030.692642,2014-04-29 06:00:00,5103.0,20.5,2014-04-29,False,Tuesday
5677,14,4435.358954,1028.641046,2014-04-29 06:30:00,5464.0,20.4,2014-04-29,False,Tuesday
5678,15,4667.222132,1027.777868,2014-04-29 07:00:00,5695.0,20.4,2014-04-29,False,Tuesday
5679,16,4906.63799,1024.36201,2014-04-29 07:30:00,5931.0,20.7,2014-04-29,False,Tuesday
5680,17,5029.288714,1030.711286,2014-04-29 08:00:00,6060.0,20.4,2014-04-29,False,Tuesday
5681,18,5087.316408,1028.683592,2014-04-29 08:30:00,6116.0,20.3,2014-04-29,False,Tuesday
5682,19,5166.902174,1024.097826,2014-04-29 09:00:00,6191.0,19.6,2014-04-29,False,Tuesday
5683,20,5214.048194,1032.951806,2014-04-29 09:30:00,6247.0,20.0,2014-04-29,False,Tuesday
5684,21,5232.564172,1030.435828,2014-04-29 10:00:00,6263.0,19.8,2014-04-29,False,Tuesday
5685,22,5230.702236,1028.297764,2014-04-29 10:30:00,6259.0,19.7,2014-04-29,False,Tuesday
5686,23,5248.966088,1033.033912,2014-04-29 11:00:00,6282.0,19.4,2014-04-29,False,Tuesday
5687,24,5247.465662,1028.534338,2014-04-29 11:30:00,6276.0,18.9,2014-04-29,False,Tuesday
5688,25,5273.934004,1023.065996,2014-04-29 12:00:00,6297.0,18.0,2014-04-29,False,Tuesday
5689,26,5258.61795,1026.38205,2014-04-29 12:30:00,6285.0,17.9,2014-04-29,False,Tuesday
5690,27,5273.671942,1021.328058,2014-04-29 13:00:00,6295.0,18.0,2014-04-29,False,Tuesday
5691,28,5309.33806,1020.66194,2014-04-29 13:30:00,6330.0,18.0,2014-04-29,False,Tuesday
5692,29,5297.813274,1022.186726,2014-04-29 14:00:00,6320.0,17.5,2014-04-29,False,Tuesday
5693,30,5288.620914,1028.379086,2014-04-29 14:30:00,6317.0,17.0,2014-04-29,False,Tuesday
5694,31,5263.571698,1033.428302,2014-04-29 15:00:00,6297.0,16.8,2014-04-29,False,Tuesday
5695,32,5287.789474,1028.210526,2014-04-29 15:30:00,6316.0,16.5,2014-04-29,False,Tuesday
5696,33,5383.252322,1032.747678,2014-04-29 16:00:00,6416.0,16.4,2014-04-29,False,Tuesday
5697,34,5501.139126,1033.860874,2014-04-29 16:30:00,6535.0,16.3,2014-04-29,False,Tuesday
5698,35,5636.391978,1029.608022,2014-04-29 17:00:00,6666.0,13.6,2014-04-29,False,Tuesday
5699,36,5758.709808,1027.290192,2014-04-29 17:30:00,6786.0,13.6,2014-04-29,False,Tuesday
5700,37,5757.20446,1029.79554,2014-04-29 18:00:00,6787.0,13.6,2014-04-29,False,Tuesday
5701,38,5635.937148,1028.062852,2014-04-29 18:30:00,6664.0,13.6,2014-04-29,False,Tuesday
5702,39,5449.300236,1023.699764,2014-04-29 19:00:00,6473.0,13.5,2014-04-29,False,Tuesday
5703,40,5294.712272,1018.287728,2014-04-29 19:30:00,6313.0,13.9,2014-04-29,False,Tuesday
5704,41,5145.46553,1013.53447,2014-04-29 20:00:00,6159.0,13.6,2014-04-29,False,Tuesday
5705,42,4984.512396,1020.487604,2014-04-29 20:30:00,6005.0,13.6,2014-04-29,False,Tuesday
5706,43,4801.022896,1020.977104,2014-04-29 21:00:00,5822.0,14.0,2014-04-29,False,Tuesday
5707,44,4619.89751,1015.10249,2014-04-29 21:30:00,5635.0,13.7,2014-04-29,False,Tuesday
5708,45,4488.532428,1017.467572,2014-04-29 22:00:00,5506.0,13.6,2014-04-29,False,Tuesday
5709,46,4376.43954,1021.56046,2014-04-29 22:30:00,5398.0,13.8,2014-04-29,False,Tuesday
5710,47,4626.201672,1030.798328,2014-04-29 23:00:00,5657.0,13.8,2014-04-29,False,Tuesday
5711,48,4634.742082,1034.257918,2014-04-29 23:30:00,5669.0,13.6,2014-04-29,False,Tuesday
5712,1,4354.02233,1035.97767,2014-04-30 00:00:00,5390.0,12.6,2014-04-30,False,Wednesday
5713,2,4120.711444,1023.288556,2014-04-30 00:30:00,5144.0,12.6,2014-04-30,False,Wednesday
5714,3,3928.99191,1018.00809,2014-04-30 01:00:00,4947.0,12.2,2014-04-30,False,Wednesday
5715,4,3736.82848,1026.17152,2014-04-30 01:30:00,4763.0,12.0,2014-04-30,False,Wednesday
5716,5,3576.202752,1027.797248,2014-04-30 02:00:00,4604.0,12.1,2014-04-30,False,Wednesday
5717,6,3479.59312,1018.40688,2014-04-30 02:30:00,4498.0,12.4,2014-04-30,False,Wednesday
5718,7,3411.376668,1013.623332,2014-04-30 03:00:00,4425.0,10.8,2014-04-30,False,Wednesday
5719,8,3368.182814,1008.817186,2014-04-30 03:30:00,4377.0,10.6,2014-04-30,False,Wednesday
5720,9,3381.590388,1010.409612,2014-04-30 04:00:00,4392.0,10.6,2014-04-30,False,Wednesday
5721,10,3473.216798,1004.783202,2014-04-30 04:30:00,4478.0,10.6,2014-04-30,False,Wednesday
5722,11,3633.878662,1019.121338,2014-04-30 05:00:00,4653.0,10.8,2014-04-30,False,Wednesday
5723,12,3838.444682,1014.555318,2014-04-30 05:30:00,4853.0,10.6,2014-04-30,False,Wednesday
5724,13,4234.243864,1014.756136,2014-04-30 06:00:00,5249.0,10.5,2014-04-30,False,Wednesday
5725,14,4665.924454,1015.075546,2014-04-30 06:30:00,5681.0,10.5,2014-04-30,False,Wednesday
5726,15,4924.466698,1016.533302,2014-04-30 07:00:00,5941.0,10.8,2014-04-30,False,Wednesday
5727,16,5168.327222,1010.672778,2014-04-30 07:30:00,6179.0,10.9,2014-04-30,False,Wednesday
5728,17,5256.866462,1009.133538,2014-04-30 08:00:00,6266.0,11.2,2014-04-30,False,Wednesday
5729,18,5269.663368,1001.336632,2014-04-30 08:30:00,6271.0,11.3,2014-04-30,False,Wednesday
5730,19,5290.095614,1006.904386,2014-04-30 09:00:00,6297.0,11.4,2014-04-30,False,Wednesday
5731,20,5218.578766,1008.421234,2014-04-30 09:30:00,6227.0,11.8,2014-04-30,False,Wednesday
5732,21,5136.912598,1009.087402,2014-04-30 10:00:00,6146.0,14.0,2014-04-30,False,Wednesday
5733,22,5085.04135,1007.95865,2014-04-30 10:30:00,6093.0,14.6,2014-04-30,False,Wednesday
5734,23,5038.26931,1013.73069,2014-04-30 11:00:00,6052.0,15.1,2014-04-30,False,Wednesday
5735,24,5059.195534,1005.804466,2014-04-30 11:30:00,6065.0,15.3,2014-04-30,False,Wednesday
5736,25,5052.428884,1006.571116,2014-04-30 12:00:00,6059.0,16.6,2014-04-30,False,Wednesday
5737,26,5023.42054,1006.57946,2014-04-30 12:30:00,6030.0,15.9,2014-04-30,False,Wednesday
5738,27,5023.944346,1009.055654,2014-04-30 13:00:00,6033.0,16.0,2014-04-30,False,Wednesday
5739,28,5007.006522,1007.993478,2014-04-30 13:30:00,6015.0,16.5,2014-04-30,False,Wednesday
5740,29,4979.129288,1009.870712,2014-04-30 14:00:00,5989.0,17.4,2014-04-30,False,Wednesday
5741,30,4950.35236,1012.64764,2014-04-30 14:30:00,5963.0,17.3,2014-04-30,False,Wednesday
5742,31,4912.141598,1012.858402,2014-04-30 15:00:00,5925.0,17.6,2014-04-30,False,Wednesday
5743,32,4943.503712,1004.496288,2014-04-30 15:30:00,5948.0,16.7,2014-04-30,False,Wednesday
5744,33,5021.439156,1008.560844,2014-04-30 16:00:00,6030.0,16.5,2014-04-30,False,Wednesday
5745,34,5146.686544,1007.313456,2014-04-30 16:30:00,6154.0,15.0,2014-04-30,False,Wednesday
5746,35,5315.430824,1007.569176,2014-04-30 17:00:00,6323.0,14.4,2014-04-30,False,Wednesday
5747,36,5637.072016,1005.927984,2014-04-30 17:30:00,6643.0,14.1,2014-04-30,False,Wednesday
5748,37,5851.139264,1009.860736,2014-04-30 18:00:00,6861.0,13.8,2014-04-30,False,Wednesday
5749,38,5814.12675,1008.87325,2014-04-30 18:30:00,6823.0,14.2,2014-04-30,False,Wednesday
5750,39,5667.14081,1008.85919,2014-04-30 19:00:00,6676.0,13.5,2014-04-30,False,Wednesday
5751,40,5553.520994,1010.479006,2014-04-30 19:30:00,6564.0,13.1,2014-04-30,False,Wednesday
5752,41,5410.782818,1008.217182,2014-04-30 20:00:00,6419.0,13.1,2014-04-30,False,Wednesday
5753,42,5270.451804,1012.548196,2014-04-30 20:30:00,6283.0,12.9,2014-04-30,False,Wednesday
5754,43,5051.25913,1011.74087,2014-04-30 21:00:00,6063.0,12.8,2014-04-30,False,Wednesday
5755,44,4845.717612,1016.282388,2014-04-30 21:30:00,5862.0,12.9,2014-04-30,False,Wednesday
5756,45,4650.670012,1016.329988,2014-04-30 22:00:00,5667.0,12.3,2014-04-30,False,Wednesday
5757,46,4519.960316,1025.039684,2014-04-30 22:30:00,5545.0,11.6,2014-04-30,False,Wednesday
5758,47,4769.09879,1028.90121,2014-04-30 23:00:00,5798.0,11.2,2014-04-30,False,Wednesday
5759,48,4771.201184,1037.798816,2014-04-30 23:30:00,5809.0,10.5,2014-04-30,False,Wednesday
5760,1,4512.36941,1023.63059,2014-05-01 00:00:00,5536.0,9.8,2014-05-01,False,Thursday
5761,2,4278.109138,1019.890862,2014-05-01 00:30:00,5298.0,9.5,2014-05-01,False,Thursday
5762,3,4094.203728,1022.796272,2014-05-01 01:00:00,5117.0,9.4,2014-05-01,False,Thursday
5763,4,3892.357638,1007.642362,2014-05-01 01:30:00,4900.0,9.2,2014-05-01,False,Thursday
5764,5,3742.25633,1017.74367,2014-05-01 02:00:00,4760.0,9.0,2014-05-01,False,Thursday
5765,6,3630.046312,1018.953688,2014-05-01 02:30:00,4649.0,9.0,2014-05-01,False,Thursday
5766,7,3558.73006,1012.26994,2014-05-01 03:00:00,4571.0,9.0,2014-05-01,False,Thursday
5767,8,3521.094058,1011.905942,2014-05-01 03:30:00,4533.0,7.8,2014-05-01,False,Thursday
5768,9,3543.119068,1009.880932,2014-05-01 04:00:00,4553.0,7.5,2014-05-01,False,Thursday
5769,10,3609.499784,1006.500216,2014-05-01 04:30:00,4616.0,7.5,2014-05-01,False,Thursday
5770,11,3767.749062,995.250938,2014-05-01 05:00:00,4763.0,7.1,2014-05-01,False,Thursday
5771,12,3983.538324,1001.461676,2014-05-01 05:30:00,4985.0,6.7,2014-05-01,False,Thursday
5772,13,4416.092092,1006.907908,2014-05-01 06:00:00,5423.0,6.5,2014-05-01,False,Thursday
5773,14,4906.641758,1005.358242,2014-05-01 06:30:00,5912.0,6.5,2014-05-01,False,Thursday
5774,15,5168.026458,1010.973542,2014-05-01 07:00:00,6179.0,6.6,2014-05-01,False,Thursday
5775,16,5435.357596,1021.642404,2014-05-01 07:30:00,6457.0,6.5,2014-05-01,False,Thursday
5776,17,5519.503078,1020.496922,2014-05-01 08:00:00,6540.0,7.1,2014-05-01,False,Thursday
5777,18,5458.708414,1026.291586,2014-05-01 08:30:00,6485.0,8.0,2014-05-01,False,Thursday
5778,19,5395.717964,1019.282036,2014-05-01 09:00:00,6415.0,9.1,2014-05-01,False,Thursday
5779,20,5276.415934,1026.584066,2014-05-01 09:30:00,6303.0,10.8,2014-05-01,False,Thursday
5780,21,5182.777182,1022.222818,2014-05-01 10:00:00,6205.0,12.8,2014-05-01,False,Thursday
5781,22,5114.151644,1023.848356,2014-05-01 10:30:00,6138.0,14.0,2014-05-01,False,Thursday
5782,23,5082.21741,1024.78259,2014-05-01 11:00:00,6107.0,14.6,2014-05-01,False,Thursday
5783,24,5079.16544,1019.83456,2014-05-01 11:30:00,6099.0,15.2,2014-05-01,False,Thursday
5784,25,5090.868026,1023.131974,2014-05-01 12:00:00,6114.0,15.6,2014-05-01,False,Thursday
5785,26,5086.276604,1014.723396,2014-05-01 12:30:00,6101.0,14.7,2014-05-01,False,Thursday
5786,27,5116.75191,1023.24809,2014-05-01 13:00:00,6140.0,14.4,2014-05-01,False,Thursday
5787,28,5134.908088,1014.091912,2014-05-01 13:30:00,6149.0,14.5,2014-05-01,False,Thursday
5788,29,5165.646924,1011.353076,2014-05-01 14:00:00,6177.0,14.9,2014-05-01,False,Thursday
5789,30,5156.947018,1013.052982,2014-05-01 14:30:00,6170.0,14.7,2014-05-01,False,Thursday
5790,31,5134.00521,1013.99479,2014-05-01 15:00:00,6148.0,15.1,2014-05-01,False,Thursday
5791,32,5197.595586,1011.404414,2014-05-01 15:30:00,6209.0,15.1,2014-05-01,False,Thursday
5792,33,5309.862814,1001.137186,2014-05-01 16:00:00,6311.0,14.8,2014-05-01,False,Thursday
5793,34,5433.735634,1004.264366,2014-05-01 16:30:00,6438.0,14.4,2014-05-01,False,Thursday
5794,35,5624.35488,1009.64512,2014-05-01 17:00:00,6634.0,14.2,2014-05-01,False,Thursday
5795,36,5939.1608,1003.8392,2014-05-01 17:30:00,6943.0,14.0,2014-05-01,False,Thursday
5796,37,5999.95815,1009.04185,2014-05-01 18:00:00,7009.0,13.9,2014-05-01,False,Thursday
5797,38,5938.2304,1003.7696,2014-05-01 18:30:00,6942.0,13.9,2014-05-01,False,Thursday
5798,39,5775.770948,998.229052,2014-05-01 19:00:00,6774.0,13.7,2014-05-01,False,Thursday
5799,40,5621.303466,996.696534,2014-05-01 19:30:00,6618.0,13.7,2014-05-01,False,Thursday
5800,41,5453.138634,991.861366,2014-05-01 20:00:00,6445.0,13.6,2014-05-01,False,Thursday
5801,42,5341.97308,994.02692,2014-05-01 20:30:00,6336.0,13.5,2014-05-01,False,Thursday
5802,43,5069.631724,996.368276,2014-05-01 21:00:00,6066.0,13.1,2014-05-01,False,Thursday
5803,44,4819.49577,995.50423,2014-05-01 21:30:00,5815.0,13.2,2014-05-01,False,Thursday
5804,45,4633.489002,991.510998,2014-05-01 22:00:00,5625.0,13.1,2014-05-01,False,Thursday
5805,46,4500.591276,997.408724,2014-05-01 22:30:00,5498.0,13.1,2014-05-01,False,Thursday
5806,47,4723.029222,995.970778,2014-05-01 23:00:00,5719.0,13.2,2014-05-01,False,Thursday
5807,48,4716.779382,1002.220618,2014-05-01 23:30:00,5719.0,12.9,2014-05-01,False,Thursday
5808,1,4461.942994,999.057006,2014-05-02 00:00:00,5461.0,12.7,2014-05-02,False,Friday
5809,2,4238.57581,993.42419,2014-05-02 00:30:00,5232.0,12.6,2014-05-02,False,Friday
5810,3,4024.518064,993.481936,2014-05-02 01:00:00,5018.0,12.5,2014-05-02,False,Friday
5811,4,3808.326036,994.673964,2014-05-02 01:30:00,4803.0,12.4,2014-05-02,False,Friday
5812,5,3644.561114,995.438886,2014-05-02 02:00:00,4640.0,12.2,2014-05-02,False,Friday
5813,6,3529.09725,994.90275,2014-05-02 02:30:00,4524.0,12.2,2014-05-02,False,Friday
5814,7,3451.63753,987.36247,2014-05-02 03:00:00,4439.0,12.2,2014-05-02,False,Friday
5815,8,3409.684642,989.315358,2014-05-02 03:30:00,4399.0,12.5,2014-05-02,False,Friday
5816,9,3412.501678,988.498322,2014-05-02 04:00:00,4401.0,12.1,2014-05-02,False,Friday
5817,10,3482.254712,989.745288,2014-05-02 04:30:00,4472.0,11.8,2014-05-02,False,Friday
5818,11,3661.799942,991.200058,2014-05-02 05:00:00,4653.0,11.8,2014-05-02,False,Friday
5819,12,3880.281962,992.718038,2014-05-02 05:30:00,4873.0,11.6,2014-05-02,False,Friday
5820,13,4304.07114,999.92886,2014-05-02 06:00:00,5304.0,11.4,2014-05-02,False,Friday
5821,14,4740.016266,1007.983734,2014-05-02 06:30:00,5748.0,11.4,2014-05-02,False,Friday
5822,15,4986.81657,1012.18343,2014-05-02 07:00:00,5999.0,11.4,2014-05-02,False,Friday
5823,16,5286.575778,1019.424222,2014-05-02 07:30:00,6306.0,11.5,2014-05-02,False,Friday
5824,17,5424.492916,1016.507084,2014-05-02 08:00:00,6441.0,11.7,2014-05-02,False,Friday
5825,18,5441.23932,1013.76068,2014-05-02 08:30:00,6455.0,11.9,2014-05-02,False,Friday
5826,19,5485.2882,1014.7118,2014-05-02 09:00:00,6500.0,12.0,2014-05-02,False,Friday
5827,20,5479.994282,1016.005718,2014-05-02 09:30:00,6496.0,11.7,2014-05-02,False,Friday
5828,21,5443.838866,1018.161134,2014-05-02 10:00:00,6462.0,11.8,2014-05-02,False,Friday
5829,22,5397.667232,1018.332768,2014-05-02 10:30:00,6416.0,11.6,2014-05-02,False,Friday
5830,23,5383.775252,1022.224748,2014-05-02 11:00:00,6406.0,11.5,2014-05-02,False,Friday
5831,24,5381.88817,1020.11183,2014-05-02 11:30:00,6402.0,12.1,2014-05-02,False,Friday
5832,25,5383.483352,1016.516648,2014-05-02 12:00:00,6400.0,12.4,2014-05-02,False,Friday
5833,26,5355.29993,1014.70007,2014-05-02 12:30:00,6370.0,12.4,2014-05-02,False,Friday
5834,27,5365.831058,1017.168942,2014-05-02 13:00:00,6383.0,12.9,2014-05-02,False,Friday
5835,28,5362.13677,1016.86323,2014-05-02 13:30:00,6379.0,13.5,2014-05-02,False,Friday
5836,29,5326.737294,1017.262706,2014-05-02 14:00:00,6344.0,13.8,2014-05-02,False,Friday
5837,30,5259.531998,1020.468002,2014-05-02 14:30:00,6280.0,13.9,2014-05-02,False,Friday
5838,31,5207.36204,1012.63796,2014-05-02 15:00:00,6220.0,13.8,2014-05-02,False,Friday
5839,32,5220.55885,1003.44115,2014-05-02 15:30:00,6224.0,13.9,2014-05-02,False,Friday
5840,33,5310.28757,1001.71243,2014-05-02 16:00:00,6312.0,13.6,2014-05-02,False,Friday
5841,34,5430.040278,1005.959722,2014-05-02 16:30:00,6436.0,13.4,2014-05-02,False,Friday
5842,35,5602.593616,1004.406384,2014-05-02 17:00:00,6607.0,13.3,2014-05-02,False,Friday
5843,36,5868.768238,1004.231762,2014-05-02 17:30:00,6873.0,12.8,2014-05-02,False,Friday
5844,37,5927.859292,1006.140708,2014-05-02 18:00:00,6934.0,12.5,2014-05-02,False,Friday
5845,38,5825.505334,1008.494666,2014-05-02 18:30:00,6834.0,12.4,2014-05-02,False,Friday
5846,39,5666.257668,1011.742332,2014-05-02 19:00:00,6678.0,12.2,2014-05-02,False,Friday
5847,40,5518.630594,1012.369406,2014-05-02 19:30:00,6531.0,12.1,2014-05-02,False,Friday
5848,41,5361.97972,1014.02028,2014-05-02 20:00:00,6376.0,12.1,2014-05-02,False,Friday
5849,42,5216.757112,1018.242888,2014-05-02 20:30:00,6235.0,12.0,2014-05-02,False,Friday
5850,43,5014.748472,1011.251528,2014-05-02 21:00:00,6026.0,12.0,2014-05-02,False,Friday
5851,44,4825.284992,1009.715008,2014-05-02 21:30:00,5835.0,11.9,2014-05-02,False,Friday
5852,45,4716.284088,1003.715912,2014-05-02 22:00:00,5720.0,11.7,2014-05-02,False,Friday
5853,46,4624.894744,1006.105256,2014-05-02 22:30:00,5631.0,11.5,2014-05-02,False,Friday
5854,47,4864.967512,1007.032488,2014-05-02 23:00:00,5872.0,11.6,2014-05-02,False,Friday
5855,48,4858.83335,1016.16665,2014-05-02 23:30:00,5875.0,11.6,2014-05-02,False,Friday
5856,1,4587.992454,1008.007546,2014-05-03 00:00:00,5596.0,11.5,2014-05-03,False,Saturday
5857,2,4347.687622,1005.312378,2014-05-03 00:30:00,5353.0,11.5,2014-05-03,False,Saturday
5858,3,4115.246096,1002.753904,2014-05-03 01:00:00,5118.0,11.3,2014-05-03,False,Saturday
5859,4,3852.602214,1008.397786,2014-05-03 01:30:00,4861.0,11.1,2014-05-03,False,Saturday
5860,5,3638.849394,1009.150606,2014-05-03 02:00:00,4648.0,11.1,2014-05-03,False,Saturday
5861,6,3485.637764,1011.362236,2014-05-03 02:30:00,4497.0,11.0,2014-05-03,False,Saturday
5862,7,3375.333306,1008.666694,2014-05-03 03:00:00,4384.0,10.5,2014-05-03,False,Saturday
5863,8,3312.10951,1008.89049,2014-05-03 03:30:00,4321.0,10.6,2014-05-03,False,Saturday
5864,9,3295.417876,1009.582124,2014-05-03 04:00:00,4305.0,10.2,2014-05-03,False,Saturday
5865,10,3295.728582,1007.271418,2014-05-03 04:30:00,4303.0,10.2,2014-05-03,False,Saturday
5866,11,3346.96641,1008.03359,2014-05-03 05:00:00,4355.0,10.3,2014-05-03,False,Saturday
5867,12,3420.732174,1001.267826,2014-05-03 05:30:00,4422.0,10.3,2014-05-03,False,Saturday
5868,13,3610.504578,1002.495422,2014-05-03 06:00:00,4613.0,10.7,2014-05-03,False,Saturday
5869,14,3824.267214,998.732786,2014-05-03 06:30:00,4823.0,11.0,2014-05-03,False,Saturday
5870,15,3925.996476,1007.003524,2014-05-03 07:00:00,4933.0,10.8,2014-05-03,False,Saturday
5871,16,4128.161144,947.838856,2014-05-03 07:30:00,5076.0,11.0,2014-05-03,False,Saturday
5872,17,4310.204672,995.795328,2014-05-03 08:00:00,5306.0,11.1,2014-05-03,False,Saturday
5873,18,4409.783442,1012.216558,2014-05-03 08:30:00,5422.0,10.9,2014-05-03,False,Saturday
5874,19,4468.631836,1010.368164,2014-05-03 09:00:00,5479.0,11.5,2014-05-03,False,Saturday
5875,20,4446.603166,1015.396834,2014-05-03 09:30:00,5462.0,12.0,2014-05-03,False,Saturday
5876,21,4410.401218,1018.598782,2014-05-03 10:00:00,5429.0,12.6,2014-05-03,False,Saturday
5877,22,4373.468092,1010.531908,2014-05-03 10:30:00,5384.0,13.3,2014-05-03,False,Saturday
5878,23,4338.171778,1025.828222,2014-05-03 11:00:00,5364.0,14.1,2014-05-03,False,Saturday
5879,24,4310.368292,1024.631708,2014-05-03 11:30:00,5335.0,15.9,2014-05-03,False,Saturday
5880,25,4247.001544,1025.998456,2014-05-03 12:00:00,5273.0,16.1,2014-05-03,False,Saturday
5881,26,4239.865038,1024.134962,2014-05-03 12:30:00,5264.0,16.5,2014-05-03,False,Saturday
5882,27,4305.681306,1018.318694,2014-05-03 13:00:00,5324.0,16.4,2014-05-03,False,Saturday
5883,28,4337.542476,1018.457524,2014-05-03 13:30:00,5356.0,15.4,2014-05-03,False,Saturday
5884,29,4351.346778,1018.653222,2014-05-03 14:00:00,5370.0,17.0,2014-05-03,False,Saturday
5885,30,4381.077938,1017.922062,2014-05-03 14:30:00,5399.0,14.8,2014-05-03,False,Saturday
5886,31,4409.65803,1016.34197,2014-05-03 15:00:00,5426.0,15.0,2014-05-03,False,Saturday
5887,32,4456.890662,1020.109338,2014-05-03 15:30:00,5477.0,15.3,2014-05-03,False,Saturday
5888,33,4566.282764,1018.717236,2014-05-03 16:00:00,5585.0,13.9,2014-05-03,False,Saturday
5889,34,4705.622996,1024.377004,2014-05-03 16:30:00,5730.0,13.5,2014-05-03,False,Saturday
5890,35,4856.723976,1015.276024,2014-05-03 17:00:00,5872.0,13.6,2014-05-03,False,Saturday
5891,36,5149.379216,1011.620784,2014-05-03 17:30:00,6161.0,13.9,2014-05-03,False,Saturday
5892,37,5326.947478,1012.052522,2014-05-03 18:00:00,6339.0,14.2,2014-05-03,False,Saturday
5893,38,5220.779616,1007.220384,2014-05-03 18:30:00,6228.0,13.9,2014-05-03,False,Saturday
5894,39,5056.150352,1007.849648,2014-05-03 19:00:00,6064.0,14.0,2014-05-03,False,Saturday
5895,40,4932.876758,1009.123242,2014-05-03 19:30:00,5942.0,13.9,2014-05-03,False,Saturday
5896,41,4787.548834,1008.451166,2014-05-03 20:00:00,5796.0,14.1,2014-05-03,False,Saturday
5897,42,4661.222464,1010.777536,2014-05-03 20:30:00,5672.0,14.0,2014-05-03,False,Saturday
5898,43,4540.497394,1005.502606,2014-05-03 21:00:00,5546.0,13.9,2014-05-03,False,Saturday
5899,44,4437.55658,1004.44342,2014-05-03 21:30:00,5442.0,13.8,2014-05-03,False,Saturday
5900,45,4373.378188,1003.621812,2014-05-03 22:00:00,5377.0,13.2,2014-05-03,False,Saturday
5901,46,4348.029918,1008.970082,2014-05-03 22:30:00,5357.0,13.5,2014-05-03,False,Saturday
5902,47,4612.471854,1010.528146,2014-05-03 23:00:00,5623.0,13.4,2014-05-03,False,Saturday
5903,48,4658.358778,1015.641222,2014-05-03 23:30:00,5674.0,12.1,2014-05-03,False,Saturday
5904,1,4430.209452,1012.790548,2014-05-04 00:00:00,5443.0,12.5,2014-05-04,False,Sunday
5905,2,4198.257908,1015.742092,2014-05-04 00:30:00,5214.0,11.6,2014-05-04,False,Sunday
5906,3,3972.081034,1013.918966,2014-05-04 01:00:00,4986.0,12.1,2014-05-04,False,Sunday
5907,4,3758.88669,1007.11331,2014-05-04 01:30:00,4766.0,12.1,2014-05-04,False,Sunday
5908,5,3557.901034,1012.098966,2014-05-04 02:00:00,4570.0,12.3,2014-05-04,False,Sunday
5909,6,3363.96976,1010.03024,2014-05-04 02:30:00,4374.0,12.1,2014-05-04,False,Sunday
5910,7,3267.168946,1003.831054,2014-05-04 03:00:00,4271.0,10.3,2014-05-04,False,Sunday
5911,8,3190.409912,1005.590088,2014-05-04 03:30:00,4196.0,10.0,2014-05-04,False,Sunday
5912,9,3169.380194,1011.619806,2014-05-04 04:00:00,4181.0,9.8,2014-05-04,False,Sunday
5913,10,3161.523008,1008.476992,2014-05-04 04:30:00,4170.0,9.7,2014-05-04,False,Sunday
5914,11,3195.166168,1007.833832,2014-05-04 05:00:00,4203.0,9.4,2014-05-04,False,Sunday
5915,12,3258.898264,1005.101736,2014-05-04 05:30:00,4264.0,9.1,2014-05-04,False,Sunday
5916,13,3389.654682,1005.345318,2014-05-04 06:00:00,4395.0,9.0,2014-05-04,False,Sunday
5917,14,3518.445016,1005.554984,2014-05-04 06:30:00,4524.0,8.9,2014-05-04,False,Sunday
5918,15,3542.155648,1000.844352,2014-05-04 07:00:00,4543.0,8.8,2014-05-04,False,Sunday
5919,16,3748.761174,1003.238826,2014-05-04 07:30:00,4752.0,8.9,2014-05-04,False,Sunday
5920,17,3948.433752,1003.566248,2014-05-04 08:00:00,4952.0,9.2,2014-05-04,False,Sunday
5921,18,4073.178472,1004.821528,2014-05-04 08:30:00,5078.0,9.5,2014-05-04,False,Sunday
5922,19,4167.934582,1006.065418,2014-05-04 09:00:00,5174.0,10.2,2014-05-04,False,Sunday
5923,20,4223.021062,1001.978938,2014-05-04 09:30:00,5225.0,10.9,2014-05-04,False,Sunday
5924,21,4242.071646,1001.928354,2014-05-04 10:00:00,5244.0,11.1,2014-05-04,False,Sunday
5925,22,4214.249104,1002.750896,2014-05-04 10:30:00,5217.0,11.8,2014-05-04,False,Sunday
5926,23,4225.573456,1003.426544,2014-05-04 11:00:00,5229.0,12.2,2014-05-04,False,Sunday
5927,24,4254.573272,1007.426728,2014-05-04 11:30:00,5262.0,11.1,2014-05-04,False,Sunday
5928,25,4275.711114,1003.288886,2014-05-04 12:00:00,5279.0,13.7,2014-05-04,False,Sunday
5929,26,4283.544476,1006.455524,2014-05-04 12:30:00,5290.0,12.7,2014-05-04,False,Sunday
5930,27,4311.699486,993.300514,2014-05-04 13:00:00,5305.0,13.5,2014-05-04,False,Sunday
5931,28,4364.93216,993.06784,2014-05-04 13:30:00,5358.0,12.3,2014-05-04,False,Sunday
5932,29,4362.587276,1002.412724,2014-05-04 14:00:00,5365.0,12.7,2014-05-04,False,Sunday
5933,30,4395.21205,1011.78795,2014-05-04 14:30:00,5407.0,12.8,2014-05-04,False,Sunday
5934,31,4460.713698,1013.286302,2014-05-04 15:00:00,5474.0,12.3,2014-05-04,False,Sunday
5935,32,4540.557452,1003.442548,2014-05-04 15:30:00,5544.0,12.1,2014-05-04,False,Sunday
5936,33,4628.663146,1002.336854,2014-05-04 16:00:00,5631.0,12.4,2014-05-04,False,Sunday
5937,34,4831.1638,999.8362,2014-05-04 16:30:00,5831.0,12.9,2014-05-04,False,Sunday
5938,35,5084.768418,997.231582,2014-05-04 17:00:00,6082.0,13.2,2014-05-04,False,Sunday
5939,36,5396.88966,998.11034,2014-05-04 17:30:00,6395.0,12.1,2014-05-04,False,Sunday
5940,37,5549.079642,992.920358,2014-05-04 18:00:00,6542.0,11.8,2014-05-04,False,Sunday
5941,38,5467.597036,995.402964,2014-05-04 18:30:00,6463.0,12.0,2014-05-04,False,Sunday
5942,39,5316.784376,994.215624,2014-05-04 19:00:00,6311.0,12.0,2014-05-04,False,Sunday
5943,40,5176.833616,988.166384,2014-05-04 19:30:00,6165.0,11.9,2014-05-04,False,Sunday
5944,41,5049.003406,992.996594,2014-05-04 20:00:00,6042.0,11.8,2014-05-04,False,Sunday
5945,42,4929.115986,997.884014,2014-05-04 20:30:00,5927.0,11.7,2014-05-04,False,Sunday
5946,43,4759.634588,1000.365412,2014-05-04 21:00:00,5760.0,11.6,2014-05-04,False,Sunday
5947,44,4557.298632,997.701368,2014-05-04 21:30:00,5555.0,11.4,2014-05-04,False,Sunday
5948,45,4421.026946,997.973054,2014-05-04 22:00:00,5419.0,11.5,2014-05-04,False,Sunday
5949,46,4332.612836,1003.387164,2014-05-04 22:30:00,5336.0,11.6,2014-05-04,False,Sunday
5950,47,4541.206388,1001.793612,2014-05-04 23:00:00,5543.0,11.4,2014-05-04,False,Sunday
5951,48,4558.501064,998.498936,2014-05-04 23:30:00,5557.0,11.2,2014-05-04,False,Sunday
5952,1,4354.745294,1006.254706,2014-05-05 00:00:00,5361.0,10.6,2014-05-05,False,Monday
5953,2,4124.995682,1012.004318,2014-05-05 00:30:00,5137.0,10.4,2014-05-05,False,Monday
5954,3,3923.194934,1009.805066,2014-05-05 01:00:00,4933.0,10.6,2014-05-05,False,Monday
5955,4,3708.58462,1009.41538,2014-05-05 01:30:00,4718.0,11.0,2014-05-05,False,Monday
5956,5,3536.339784,1006.660216,2014-05-05 02:00:00,4543.0,11.1,2014-05-05,False,Monday
5957,6,3416.915028,1011.084972,2014-05-05 02:30:00,4428.0,11.1,2014-05-05,False,Monday
5958,7,3344.235442,1012.764558,2014-05-05 03:00:00,4357.0,11.2,2014-05-05,False,Monday
5959,8,3311.952158,1007.047842,2014-05-05 03:30:00,4319.0,11.3,2014-05-05,False,Monday
5960,9,3350.729762,1017.270238,2014-05-05 04:00:00,4368.0,11.5,2014-05-05,False,Monday
5961,10,3460.2904,1017.7096,2014-05-05 04:30:00,4478.0,11.5,2014-05-05,False,Monday
5962,11,3656.580322,1022.419678,2014-05-05 05:00:00,4679.0,11.4,2014-05-05,False,Monday
5963,12,3891.132314,1020.867686,2014-05-05 05:30:00,4912.0,11.4,2014-05-05,False,Monday
5964,13,4318.518054,1022.481946,2014-05-05 06:00:00,5341.0,11.3,2014-05-05,False,Monday
5965,14,4793.830316,962.169684,2014-05-05 06:30:00,5756.0,11.2,2014-05-05,False,Monday
5966,15,5093.270594,1014.729406,2014-05-05 07:00:00,6108.0,11.2,2014-05-05,False,Monday
5967,16,5396.60237,1027.39763,2014-05-05 07:30:00,6424.0,11.4,2014-05-05,False,Monday
5968,17,5523.136664,1025.863336,2014-05-05 08:00:00,6549.0,12.0,2014-05-05,False,Monday
5969,18,5525.965328,1033.034672,2014-05-05 08:30:00,6559.0,12.3,2014-05-05,False,Monday
5970,19,5610.822958,1032.177042,2014-05-05 09:00:00,6643.0,13.0,2014-05-05,False,Monday
5971,20,5580.283986,1029.716014,2014-05-05 09:30:00,6610.0,13.7,2014-05-05,False,Monday
5972,21,5537.423278,1032.576722,2014-05-05 10:00:00,6570.0,13.9,2014-05-05,False,Monday
5973,22,5530.090602,1030.909398,2014-05-05 10:30:00,6561.0,14.6,2014-05-05,False,Monday
5974,23,5529.195232,1030.804768,2014-05-05 11:00:00,6560.0,13.9,2014-05-05,False,Monday
5975,24,5530.126652,1034.873348,2014-05-05 11:30:00,6565.0,13.4,2014-05-05,False,Monday
5976,25,5527.493782,924.506218,2014-05-05 12:00:00,6452.0,13.5,2014-05-05,False,Monday
5977,26,5499.929204,896.070796,2014-05-05 12:30:00,6396.0,14.3,2014-05-05,False,Monday
5978,27,5533.02109,1040.97891,2014-05-05 13:00:00,6574.0,15.7,2014-05-05,False,Monday
5979,28,5502.468184,1038.531816,2014-05-05 13:30:00,6541.0,15.6,2014-05-05,False,Monday
5980,29,5429.584644,1039.415356,2014-05-05 14:00:00,6469.0,16.0,2014-05-05,False,Monday
5981,30,5360.312626,1040.687374,2014-05-05 14:30:00,6401.0,14.1,2014-05-05,False,Monday
5982,31,5282.248134,1037.751866,2014-05-05 15:00:00,6320.0,16.3,2014-05-05,False,Monday
5983,32,5338.4427,1037.5573,2014-05-05 15:30:00,6376.0,16.4,2014-05-05,False,Monday
5984,33,5452.449632,1037.550368,2014-05-05 16:00:00,6490.0,15.8,2014-05-05,False,Monday
5985,34,5574.877454,1031.122546,2014-05-05 16:30:00,6606.0,15.6,2014-05-05,False,Monday
5986,35,5729.905284,1027.094716,2014-05-05 17:00:00,6757.0,15.0,2014-05-05,False,Monday
5987,36,6015.147656,1021.852344,2014-05-05 17:30:00,7037.0,14.4,2014-05-05,False,Monday
5988,37,6112.62539,1029.37461,2014-05-05 18:00:00,7142.0,14.8,2014-05-05,False,Monday
5989,38,6015.900338,1028.099662,2014-05-05 18:30:00,7044.0,14.1,2014-05-05,False,Monday
5990,39,5826.818086,1025.181914,2014-05-05 19:00:00,6852.0,14.4,2014-05-05,False,Monday
5991,40,5683.67318,1014.32682,2014-05-05 19:30:00,6698.0,14.0,2014-05-05,False,Monday
5992,41,5516.379984,1006.620016,2014-05-05 20:00:00,6523.0,13.5,2014-05-05,False,Monday
5993,42,5363.95687,1022.04313,2014-05-05 20:30:00,6386.0,12.9,2014-05-05,False,Monday
5994,43,5178.937578,1024.062422,2014-05-05 21:00:00,6203.0,12.4,2014-05-05,False,Monday
5995,44,4956.233558,1024.766442,2014-05-05 21:30:00,5981.0,12.5,2014-05-05,False,Monday
5996,45,4740.15407,1009.84593,2014-05-05 22:00:00,5750.0,12.5,2014-05-05,False,Monday
5997,46,4601.741874,1016.258126,2014-05-05 22:30:00,5618.0,12.6,2014-05-05,False,Monday
5998,47,4790.749862,1025.250138,2014-05-05 23:00:00,5816.0,12.6,2014-05-05,False,Monday
5999,48,4803.735276,1032.264724,2014-05-05 23:30:00,5836.0,12.3,2014-05-05,False,Monday
6000,1,4537.500322,1028.499678,2014-05-06 00:00:00,5566.0,12.2,2014-05-06,False,Tuesday
6001,2,4328.597418,1033.402582,2014-05-06 00:30:00,5362.0,11.9,2014-05-06,False,Tuesday
6002,3,4101.507566,1028.492434,2014-05-06 01:00:00,5130.0,11.6,2014-05-06,False,Tuesday
6003,4,3863.472506,1033.527494,2014-05-06 01:30:00,4897.0,11.3,2014-05-06,False,Tuesday
6004,5,3699.552984,1036.447016,2014-05-06 02:00:00,4736.0,11.2,2014-05-06,False,Tuesday
6005,6,3575.421612,1025.578388,2014-05-06 02:30:00,4601.0,11.2,2014-05-06,False,Tuesday
6006,7,3505.38481,1023.61519,2014-05-06 03:00:00,4529.0,10.9,2014-05-06,False,Tuesday
6007,8,3468.899342,1023.100658,2014-05-06 03:30:00,4492.0,10.8,2014-05-06,False,Tuesday
6008,9,3485.423678,1018.576322,2014-05-06 04:00:00,4504.0,10.9,2014-05-06,False,Tuesday
6009,10,3550.57244,1009.42756,2014-05-06 04:30:00,4560.0,11.2,2014-05-06,False,Tuesday
6010,11,3721.440378,1008.559622,2014-05-06 05:00:00,4730.0,11.1,2014-05-06,False,Tuesday
6011,12,3987.893702,1010.106298,2014-05-06 05:30:00,4998.0,11.1,2014-05-06,False,Tuesday
6012,13,4486.402794,1019.597206,2014-05-06 06:00:00,5506.0,11.3,2014-05-06,False,Tuesday
6013,14,4961.951636,1017.048364,2014-05-06 06:30:00,5979.0,11.5,2014-05-06,False,Tuesday
6014,15,5245.41583,1018.58417,2014-05-06 07:00:00,6264.0,11.7,2014-05-06,False,Tuesday
6015,16,5544.350172,1013.649828,2014-05-06 07:30:00,6558.0,11.9,2014-05-06,False,Tuesday
6016,17,5660.01194,1011.98806,2014-05-06 08:00:00,6672.0,12.0,2014-05-06,False,Tuesday
6017,18,5650.17067,1005.82933,2014-05-06 08:30:00,6656.0,12.3,2014-05-06,False,Tuesday
6018,19,5664.32789,1008.67211,2014-05-06 09:00:00,6673.0,12.8,2014-05-06,False,Tuesday
6019,20,5586.485432,1002.514568,2014-05-06 09:30:00,6589.0,12.9,2014-05-06,False,Tuesday
6020,21,5530.603922,1010.396078,2014-05-06 10:00:00,6541.0,13.3,2014-05-06,False,Tuesday
6021,22,5480.86643,1005.13357,2014-05-06 10:30:00,6486.0,12.3,2014-05-06,False,Tuesday
6022,23,5389.032812,1006.967188,2014-05-06 11:00:00,6396.0,13.1,2014-05-06,False,Tuesday
6023,24,5369.567868,1011.432132,2014-05-06 11:30:00,6381.0,14.9,2014-05-06,False,Tuesday
6024,25,5360.44667,1012.55333,2014-05-06 12:00:00,6373.0,14.3,2014-05-06,False,Tuesday
6025,26,5339.88008,1011.11992,2014-05-06 12:30:00,6351.0,14.7,2014-05-06,False,Tuesday
6026,27,5343.414774,1020.585226,2014-05-06 13:00:00,6364.0,15.3,2014-05-06,False,Tuesday
6027,28,5348.311212,1014.688788,2014-05-06 13:30:00,6363.0,14.6,2014-05-06,False,Tuesday
6028,29,5307.552558,1012.447442,2014-05-06 14:00:00,6320.0,15.1,2014-05-06,False,Tuesday
6029,30,5256.354268,1029.645732,2014-05-06 14:30:00,6286.0,15.3,2014-05-06,False,Tuesday
6030,31,5259.627184,1032.372816,2014-05-06 15:00:00,6292.0,16.0,2014-05-06,False,Tuesday
6031,32,5339.19937,1026.80063,2014-05-06 15:30:00,6366.0,14.8,2014-05-06,False,Tuesday
6032,33,5446.958848,1028.041152,2014-05-06 16:00:00,6475.0,14.7,2014-05-06,False,Tuesday
6033,34,5597.092254,1025.907746,2014-05-06 16:30:00,6623.0,13.7,2014-05-06,False,Tuesday
6034,35,5798.037882,1024.962118,2014-05-06 17:00:00,6823.0,13.4,2014-05-06,False,Tuesday
6035,36,6120.322618,1009.677382,2014-05-06 17:30:00,7130.0,13.2,2014-05-06,False,Tuesday
6036,37,6217.218398,1020.781602,2014-05-06 18:00:00,7238.0,12.7,2014-05-06,False,Tuesday
6037,38,6136.028632,1022.971368,2014-05-06 18:30:00,7159.0,12.8,2014-05-06,False,Tuesday
6038,39,5963.803938,1024.196062,2014-05-06 19:00:00,6988.0,13.2,2014-05-06,False,Tuesday
6039,40,5814.855064,1026.144936,2014-05-06 19:30:00,6841.0,13.1,2014-05-06,False,Tuesday
6040,41,5647.359608,1022.640392,2014-05-06 20:00:00,6670.0,12.2,2014-05-06,False,Tuesday
6041,42,5467.75862,1024.24138,2014-05-06 20:30:00,6492.0,12.1,2014-05-06,False,Tuesday
6042,43,5277.10545,1024.89455,2014-05-06 21:00:00,6302.0,12.0,2014-05-06,False,Tuesday
6043,44,5041.817824,1016.182176,2014-05-06 21:30:00,6058.0,11.9,2014-05-06,False,Tuesday
6044,45,4792.903698,1015.096302,2014-05-06 22:00:00,5808.0,11.7,2014-05-06,False,Tuesday
6045,46,4640.758794,1019.241206,2014-05-06 22:30:00,5660.0,12.0,2014-05-06,False,Tuesday
6046,47,4849.351508,1026.648492,2014-05-06 23:00:00,5876.0,12.1,2014-05-06,False,Tuesday
6047,48,4854.300944,1035.699056,2014-05-06 23:30:00,5890.0,11.7,2014-05-06,False,Tuesday
6048,1,4606.229052,1034.770948,2014-05-07 00:00:00,5641.0,11.7,2014-05-07,False,Wednesday
6049,2,4380.103996,1031.896004,2014-05-07 00:30:00,5412.0,11.6,2014-05-07,False,Wednesday
6050,3,4195.861212,1022.138788,2014-05-07 01:00:00,5218.0,11.4,2014-05-07,False,Wednesday
6051,4,3999.383342,1012.616658,2014-05-07 01:30:00,5012.0,11.3,2014-05-07,False,Wednesday
6052,5,3820.721766,1017.278234,2014-05-07 02:00:00,4838.0,11.5,2014-05-07,False,Wednesday
6053,6,3700.039882,1021.960118,2014-05-07 02:30:00,4722.0,11.4,2014-05-07,False,Wednesday
6054,7,3638.57364,1021.42636,2014-05-07 03:00:00,4660.0,11.2,2014-05-07,False,Wednesday
6055,8,3604.421458,1024.578542,2014-05-07 03:30:00,4629.0,10.9,2014-05-07,False,Wednesday
6056,9,3633.869334,1024.130666,2014-05-07 04:00:00,4658.0,10.5,2014-05-07,False,Wednesday
6057,10,3682.808162,1021.191838,2014-05-07 04:30:00,4704.0,10.1,2014-05-07,False,Wednesday
6058,11,3843.061354,1017.938646,2014-05-07 05:00:00,4861.0,10.1,2014-05-07,False,Wednesday
6059,12,4084.508518,1011.491482,2014-05-07 05:30:00,5096.0,10.2,2014-05-07,False,Wednesday
6060,13,4529.340624,1012.659376,2014-05-07 06:00:00,5542.0,10.3,2014-05-07,False,Wednesday
6061,14,5063.448946,1011.551054,2014-05-07 06:30:00,6075.0,11.0,2014-05-07,False,Wednesday
6062,15,5302.435404,1014.564596,2014-05-07 07:00:00,6317.0,11.3,2014-05-07,False,Wednesday
6063,16,5574.298638,1002.701362,2014-05-07 07:30:00,6577.0,11.9,2014-05-07,False,Wednesday
6064,17,5653.279172,1000.720828,2014-05-07 08:00:00,6654.0,12.2,2014-05-07,False,Wednesday
6065,18,5575.04866,999.95134,2014-05-07 08:30:00,6575.0,12.8,2014-05-07,False,Wednesday
6066,19,5543.646882,1010.353118,2014-05-07 09:00:00,6554.0,13.3,2014-05-07,False,Wednesday
6067,20,5456.452606,1012.547394,2014-05-07 09:30:00,6469.0,13.5,2014-05-07,False,Wednesday
6068,21,5391.8885,1013.1115,2014-05-07 10:00:00,6405.0,13.8,2014-05-07,False,Wednesday
6069,22,5345.991566,1015.008434,2014-05-07 10:30:00,6361.0,13.7,2014-05-07,False,Wednesday
6070,23,5300.122206,1019.877794,2014-05-07 11:00:00,6320.0,14.8,2014-05-07,False,Wednesday
6071,24,5267.38425,1015.61575,2014-05-07 11:30:00,6283.0,14.6,2014-05-07,False,Wednesday
6072,25,5247.403198,1016.596802,2014-05-07 12:00:00,6264.0,14.8,2014-05-07,False,Wednesday
6073,26,5211.1428,1011.8572,2014-05-07 12:30:00,6223.0,14.6,2014-05-07,False,Wednesday
6074,27,5221.868112,1016.131888,2014-05-07 13:00:00,6238.0,15.1,2014-05-07,False,Wednesday
6075,28,5220.2761,1021.7239,2014-05-07 13:30:00,6242.0,16.2,2014-05-07,False,Wednesday
6076,29,5186.62397,1018.37603,2014-05-07 14:00:00,6205.0,15.5,2014-05-07,False,Wednesday
6077,30,5136.786302,1015.213698,2014-05-07 14:30:00,6152.0,15.5,2014-05-07,False,Wednesday
6078,31,5110.201694,1009.798306,2014-05-07 15:00:00,6120.0,15.5,2014-05-07,False,Wednesday
6079,32,5143.253644,1009.746356,2014-05-07 15:30:00,6153.0,15.7,2014-05-07,False,Wednesday
6080,33,5235.553354,1010.446646,2014-05-07 16:00:00,6246.0,15.5,2014-05-07,False,Wednesday
6081,34,5385.628686,1007.371314,2014-05-07 16:30:00,6393.0,14.9,2014-05-07,False,Wednesday
6082,35,5636.396722,1009.603278,2014-05-07 17:00:00,6646.0,14.6,2014-05-07,False,Wednesday
6083,36,6010.853554,1014.146446,2014-05-07 17:30:00,7025.0,14.1,2014-05-07,False,Wednesday
6084,37,6152.894746,1015.105254,2014-05-07 18:00:00,7168.0,14.0,2014-05-07,False,Wednesday
6085,38,6097.081254,1026.918746,2014-05-07 18:30:00,7124.0,13.8,2014-05-07,False,Wednesday
6086,39,5974.947754,1025.052246,2014-05-07 19:00:00,7000.0,13.3,2014-05-07,False,Wednesday
6087,40,5863.820886,1018.179114,2014-05-07 19:30:00,6882.0,12.9,2014-05-07,False,Wednesday
6088,41,5720.677162,1015.322838,2014-05-07 20:00:00,6736.0,11.9,2014-05-07,False,Wednesday
6089,42,5572.21053,1016.78947,2014-05-07 20:30:00,6589.0,12.1,2014-05-07,False,Wednesday
6090,43,5386.650536,1024.349464,2014-05-07 21:00:00,6411.0,11.5,2014-05-07,False,Wednesday
6091,44,5125.47907,1018.52093,2014-05-07 21:30:00,6144.0,11.2,2014-05-07,False,Wednesday
6092,45,4903.358204,1006.641796,2014-05-07 22:00:00,5910.0,10.7,2014-05-07,False,Wednesday
6093,46,4747.103846,1015.896154,2014-05-07 22:30:00,5763.0,10.8,2014-05-07,False,Wednesday
6094,47,4940.784838,1014.215162,2014-05-07 23:00:00,5955.0,10.5,2014-05-07,False,Wednesday
6095,48,4939.472914,1032.527086,2014-05-07 23:30:00,5972.0,10.1,2014-05-07,False,Wednesday
6096,1,4699.39814,1040.60186,2014-05-08 00:00:00,5740.0,9.8,2014-05-08,False,Thursday
6097,2,4478.157938,1033.842062,2014-05-08 00:30:00,5512.0,8.5,2014-05-08,False,Thursday
6098,3,4275.18733,1032.81267,2014-05-08 01:00:00,5308.0,8.1,2014-05-08,False,Thursday
6099,4,4096.898198,1036.101802,2014-05-08 01:30:00,5133.0,7.4,2014-05-08,False,Thursday
6100,5,3931.735526,1030.264474,2014-05-08 02:00:00,4962.0,7.2,2014-05-08,False,Thursday
6101,6,3795.98014,1023.01986,2014-05-08 02:30:00,4819.0,6.5,2014-05-08,False,Thursday
6102,7,3710.829302,1027.170698,2014-05-08 03:00:00,4738.0,6.2,2014-05-08,False,Thursday
6103,8,3681.62387,1020.37613,2014-05-08 03:30:00,4702.0,5.7,2014-05-08,False,Thursday
6104,9,3709.641944,1021.358056,2014-05-08 04:00:00,4731.0,5.0,2014-05-08,False,Thursday
6105,10,3801.042202,1020.957798,2014-05-08 04:30:00,4822.0,4.7,2014-05-08,False,Thursday
6106,11,3996.139746,1018.860254,2014-05-08 05:00:00,5015.0,4.9,2014-05-08,False,Thursday
6107,12,4262.424758,1021.575242,2014-05-08 05:30:00,5284.0,5.1,2014-05-08,False,Thursday
6108,13,4709.45871,1025.54129,2014-05-08 06:00:00,5735.0,5.1,2014-05-08,False,Thursday
6109,14,5260.3675,1029.6325,2014-05-08 06:30:00,6290.0,4.4,2014-05-08,False,Thursday
6110,15,5538.428322,1032.571678,2014-05-08 07:00:00,6571.0,4.4,2014-05-08,False,Thursday
6111,16,5860.665256,1027.334744,2014-05-08 07:30:00,6888.0,4.8,2014-05-08,False,Thursday
6112,17,5943.772874,1025.227126,2014-05-08 08:00:00,6969.0,5.0,2014-05-08,False,Thursday
6113,18,5859.726922,1024.273078,2014-05-08 08:30:00,6884.0,5.7,2014-05-08,False,Thursday
6114,19,5783.678738,1026.321262,2014-05-08 09:00:00,6810.0,7.1,2014-05-08,False,Thursday
6115,20,5616.630674,1027.369326,2014-05-08 09:30:00,6644.0,8.7,2014-05-08,False,Thursday
6116,21,5468.768062,1023.231938,2014-05-08 10:00:00,6492.0,11.2,2014-05-08,False,Thursday
6117,22,5350.001318,1027.998682,2014-05-08 10:30:00,6378.0,12.3,2014-05-08,False,Thursday
6118,23,5246.319554,1029.680446,2014-05-08 11:00:00,6276.0,14.0,2014-05-08,False,Thursday
6119,24,5158.877484,1020.122516,2014-05-08 11:30:00,6179.0,14.7,2014-05-08,False,Thursday
6120,25,5083.02234,1024.97766,2014-05-08 12:00:00,6108.0,16.3,2014-05-08,False,Thursday
6121,26,5012.716458,1026.283542,2014-05-08 12:30:00,6039.0,16.4,2014-05-08,False,Thursday
6122,27,5028.139472,1025.860528,2014-05-08 13:00:00,6054.0,16.8,2014-05-08,False,Thursday
6123,28,5043.35317,1024.64683,2014-05-08 13:30:00,6068.0,18.0,2014-05-08,False,Thursday
6124,29,5031.470002,1026.529998,2014-05-08 14:00:00,6058.0,17.6,2014-05-08,False,Thursday
6125,30,5018.762456,1028.237544,2014-05-08 14:30:00,6047.0,18.4,2014-05-08,False,Thursday
6126,31,5007.997282,1025.002718,2014-05-08 15:00:00,6033.0,18.2,2014-05-08,False,Thursday
6127,32,5052.926446,1033.073554,2014-05-08 15:30:00,6086.0,17.8,2014-05-08,False,Thursday
6128,33,5161.754908,1026.245092,2014-05-08 16:00:00,6188.0,17.8,2014-05-08,False,Thursday
6129,34,5287.8927,1030.1073,2014-05-08 16:30:00,6318.0,17.3,2014-05-08,False,Thursday
6130,35,5492.844138,1026.155862,2014-05-08 17:00:00,6519.0,16.7,2014-05-08,False,Thursday
6131,36,5895.975016,1027.024984,2014-05-08 17:30:00,6923.0,16.3,2014-05-08,False,Thursday
6132,37,6045.578264,1024.421736,2014-05-08 18:00:00,7070.0,15.5,2014-05-08,False,Thursday
6133,38,6022.355404,1021.644596,2014-05-08 18:30:00,7044.0,15.0,2014-05-08,False,Thursday
6134,39,5899.458252,1023.541748,2014-05-08 19:00:00,6923.0,14.2,2014-05-08,False,Thursday
6135,40,5800.453346,1027.546654,2014-05-08 19:30:00,6828.0,13.3,2014-05-08,False,Thursday
6136,41,5662.311182,1029.688818,2014-05-08 20:00:00,6692.0,12.8,2014-05-08,False,Thursday
6137,42,5552.843296,1030.156704,2014-05-08 20:30:00,6583.0,12.9,2014-05-08,False,Thursday
6138,43,5345.225644,1025.774356,2014-05-08 21:00:00,6371.0,11.7,2014-05-08,False,Thursday
6139,44,5113.597222,1024.402778,2014-05-08 21:30:00,6138.0,10.4,2014-05-08,False,Thursday
6140,45,4905.04129,1015.95871,2014-05-08 22:00:00,5921.0,10.3,2014-05-08,False,Thursday
6141,46,4770.179438,1030.820562,2014-05-08 22:30:00,5801.0,9.7,2014-05-08,False,Thursday
6142,47,4954.024624,1034.975376,2014-05-08 23:00:00,5989.0,9.4,2014-05-08,False,Thursday
6143,48,4926.517568,1038.482432,2014-05-08 23:30:00,5965.0,9.1,2014-05-08,False,Thursday
6144,1,4679.711646,1040.288354,2014-05-09 00:00:00,5720.0,8.8,2014-05-09,False,Friday
6145,2,4451.573804,1038.426196,2014-05-09 00:30:00,5490.0,7.9,2014-05-09,False,Friday
6146,3,4232.722464,1024.277536,2014-05-09 01:00:00,5257.0,7.8,2014-05-09,False,Friday
6147,4,4019.80783,1026.19217,2014-05-09 01:30:00,5046.0,8.4,2014-05-09,False,Friday
6148,5,3850.721224,1023.278776,2014-05-09 02:00:00,4874.0,8.5,2014-05-09,False,Friday
6149,6,3726.727828,1016.272172,2014-05-09 02:30:00,4743.0,8.5,2014-05-09,False,Friday
6150,7,3653.234338,1018.765662,2014-05-09 03:00:00,4672.0,8.9,2014-05-09,False,Friday
6151,8,3610.89341,1025.10659,2014-05-09 03:30:00,4636.0,8.8,2014-05-09,False,Friday
6152,9,3628.30577,1021.69423,2014-05-09 04:00:00,4650.0,7.5,2014-05-09,False,Friday
6153,10,3685.448008,1015.551992,2014-05-09 04:30:00,4701.0,8.8,2014-05-09,False,Friday
6154,11,3863.58829,1020.41171,2014-05-09 05:00:00,4884.0,8.3,2014-05-09,False,Friday
6155,12,4116.280474,1022.719526,2014-05-09 05:30:00,5139.0,8.7,2014-05-09,False,Friday
6156,13,4585.886352,1020.113648,2014-05-09 06:00:00,5606.0,7.9,2014-05-09,False,Friday
6157,14,5042.144534,1041.855466,2014-05-09 06:30:00,6084.0,8.3,2014-05-09,False,Friday
6158,15,5345.178226,1053.821774,2014-05-09 07:00:00,6399.0,8.3,2014-05-09,False,Friday
6159,16,5672.012168,1042.987832,2014-05-09 07:30:00,6715.0,8.4,2014-05-09,False,Friday
6160,17,5768.199752,1067.800248,2014-05-09 08:00:00,6836.0,8.9,2014-05-09,False,Friday
6161,18,5691.147908,1041.852092,2014-05-09 08:30:00,6733.0,10.8,2014-05-09,False,Friday
6162,19,5636.71435,1085.28565,2014-05-09 09:00:00,6722.0,12.1,2014-05-09,False,Friday
6163,20,5558.43468,1062.56532,2014-05-09 09:30:00,6621.0,13.5,2014-05-09,False,Friday
6164,21,5489.380314,1068.619686,2014-05-09 10:00:00,6558.0,14.2,2014-05-09,False,Friday
6165,22,5427.032574,1073.967426,2014-05-09 10:30:00,6501.0,15.7,2014-05-09,False,Friday
6166,23,5368.281378,1040.718622,2014-05-09 11:00:00,6409.0,15.9,2014-05-09,False,Friday
6167,24,5292.569366,1074.430634,2014-05-09 11:30:00,6367.0,16.8,2014-05-09,False,Friday
6168,25,5206.075074,1073.924926,2014-05-09 12:00:00,6280.0,17.4,2014-05-09,False,Friday
6169,26,5178.94745,1074.05255,2014-05-09 12:30:00,6253.0,17.6,2014-05-09,False,Friday
6170,27,5183.320546,1070.679454,2014-05-09 13:00:00,6254.0,17.3,2014-05-09,False,Friday
6171,28,5155.542128,1087.457872,2014-05-09 13:30:00,6243.0,18.3,2014-05-09,False,Friday
6172,29,5142.797416,1080.202584,2014-05-09 14:00:00,6223.0,17.5,2014-05-09,False,Friday
6173,30,5125.528414,1081.471586,2014-05-09 14:30:00,6207.0,17.6,2014-05-09,False,Friday
6174,31,5090.26787,1070.73213,2014-05-09 15:00:00,6161.0,17.5,2014-05-09,False,Friday
6175,32,5125.402902,1079.597098,2014-05-09 15:30:00,6205.0,17.3,2014-05-09,False,Friday
6176,33,5208.743808,1069.256192,2014-05-09 16:00:00,6278.0,17.1,2014-05-09,False,Friday
6177,34,5331.770106,1080.229894,2014-05-09 16:30:00,6412.0,17.4,2014-05-09,False,Friday
6178,35,5530.531012,1071.468988,2014-05-09 17:00:00,6602.0,17.3,2014-05-09,False,Friday
6179,36,5787.206856,1060.793144,2014-05-09 17:30:00,6848.0,17.1,2014-05-09,False,Friday
6180,37,5798.127596,1051.872404,2014-05-09 18:00:00,6850.0,17.1,2014-05-09,False,Friday
6181,38,5716.450354,1085.549646,2014-05-09 18:30:00,6802.0,17.2,2014-05-09,False,Friday
6182,39,5547.471828,1060.528172,2014-05-09 19:00:00,6608.0,17.1,2014-05-09,False,Friday
6183,40,5422.13634,1068.86366,2014-05-09 19:30:00,6491.0,17.1,2014-05-09,False,Friday
6184,41,5280.045658,1082.954342,2014-05-09 20:00:00,6363.0,17.2,2014-05-09,False,Friday
6185,42,5136.177636,1059.822364,2014-05-09 20:30:00,6196.0,17.2,2014-05-09,False,Friday
6186,43,4939.954318,1077.045682,2014-05-09 21:00:00,6017.0,17.6,2014-05-09,False,Friday
6187,44,4743.544096,1067.455904,2014-05-09 21:30:00,5811.0,17.4,2014-05-09,False,Friday
6188,45,4622.635284,1078.364716,2014-05-09 22:00:00,5701.0,17.3,2014-05-09,False,Friday
6189,46,4546.73171,1072.26829,2014-05-09 22:30:00,5619.0,17.3,2014-05-09,False,Friday
6190,47,4761.74847,1071.25153,2014-05-09 23:00:00,5833.0,16.7,2014-05-09,False,Friday
6191,48,4772.548772,1084.451228,2014-05-09 23:30:00,5857.0,16.0,2014-05-09,False,Friday
6192,1,4513.909854,1070.090146,2014-05-10 00:00:00,5584.0,15.0,2014-05-10,False,Saturday
6193,2,4278.403862,1078.596138,2014-05-10 00:30:00,5357.0,14.2,2014-05-10,False,Saturday
6194,3,4044.954204,1060.045796,2014-05-10 01:00:00,5105.0,14.2,2014-05-10,False,Saturday
6195,4,3791.943804,1077.056196,2014-05-10 01:30:00,4869.0,14.3,2014-05-10,False,Saturday
6196,5,3551.738156,1036.261844,2014-05-10 02:00:00,4588.0,14.3,2014-05-10,False,Saturday
6197,6,3395.916242,1072.083758,2014-05-10 02:30:00,4468.0,14.3,2014-05-10,False,Saturday
6198,7,3304.737902,1065.262098,2014-05-10 03:00:00,4370.0,14.1,2014-05-10,False,Saturday
6199,8,3259.063474,1068.936526,2014-05-10 03:30:00,4328.0,14.6,2014-05-10,False,Saturday
6200,9,3252.771338,1050.228662,2014-05-10 04:00:00,4303.0,14.9,2014-05-10,False,Saturday
6201,10,3263.222582,1050.777418,2014-05-10 04:30:00,4314.0,15.2,2014-05-10,False,Saturday
6202,11,3318.018446,1063.981554,2014-05-10 05:00:00,4382.0,14.4,2014-05-10,False,Saturday
6203,12,3408.13993,1060.86007,2014-05-10 05:30:00,4469.0,14.0,2014-05-10,False,Saturday
6204,13,3608.518344,1059.481656,2014-05-10 06:00:00,4668.0,13.9,2014-05-10,False,Saturday
6205,14,3804.689904,1050.310096,2014-05-10 06:30:00,4855.0,13.9,2014-05-10,False,Saturday
6206,15,3921.579596,1063.420404,2014-05-10 07:00:00,4985.0,13.6,2014-05-10,False,Saturday
6207,16,4113.366534,1053.633466,2014-05-10 07:30:00,5167.0,13.6,2014-05-10,False,Saturday
6208,17,4307.759944,1059.240056,2014-05-10 08:00:00,5367.0,13.7,2014-05-10,False,Saturday
6209,18,4459.1871,1066.8129,2014-05-10 08:30:00,5526.0,13.9,2014-05-10,False,Saturday
6210,19,4576.393,1043.607,2014-05-10 09:00:00,5620.0,14.2,2014-05-10,False,Saturday
6211,20,4630.671602,1060.328398,2014-05-10 09:30:00,5691.0,14.3,2014-05-10,False,Saturday
6212,21,4663.37513,1031.62487,2014-05-10 10:00:00,5695.0,14.5,2014-05-10,False,Saturday
6213,22,4658.12153,1058.87847,2014-05-10 10:30:00,5717.0,14.8,2014-05-10,False,Saturday
6214,23,4642.585978,1017.414022,2014-05-10 11:00:00,5660.0,15.1,2014-05-10,False,Saturday
6215,24,4625.418322,1021.581678,2014-05-10 11:30:00,5647.0,14.8,2014-05-10,False,Saturday
6216,25,4589.946714,1068.053286,2014-05-10 12:00:00,5658.0,14.7,2014-05-10,False,Saturday
6217,26,4545.353144,1050.646856,2014-05-10 12:30:00,5596.0,15.0,2014-05-10,False,Saturday
6218,27,4518.097054,1075.902946,2014-05-10 13:00:00,5594.0,15.2,2014-05-10,False,Saturday
6219,28,4493.068262,1059.931738,2014-05-10 13:30:00,5553.0,15.4,2014-05-10,False,Saturday
6220,29,4437.6824,1079.3176,2014-05-10 14:00:00,5517.0,15.9,2014-05-10,False,Saturday
6221,30,4393.897804,1064.102196,2014-05-10 14:30:00,5458.0,16.0,2014-05-10,False,Saturday
6222,31,4388.118816,1066.881184,2014-05-10 15:00:00,5455.0,15.9,2014-05-10,False,Saturday
6223,32,4384.197758,1075.802242,2014-05-10 15:30:00,5460.0,16.0,2014-05-10,False,Saturday
6224,33,4408.187656,1064.812344,2014-05-10 16:00:00,5473.0,16.3,2014-05-10,False,Saturday
6225,34,4527.88217,1044.11783,2014-05-10 16:30:00,5572.0,15.7,2014-05-10,False,Saturday
6226,35,4708.637562,1067.362438,2014-05-10 17:00:00,5776.0,15.0,2014-05-10,False,Saturday
6227,36,5049.641148,1061.358852,2014-05-10 17:30:00,6111.0,14.4,2014-05-10,False,Saturday
6228,37,5185.749432,1075.250568,2014-05-10 18:00:00,6261.0,14.0,2014-05-10,False,Saturday
6229,38,5106.475978,1040.524022,2014-05-10 18:30:00,6147.0,13.9,2014-05-10,False,Saturday
6230,39,4958.682918,1052.317082,2014-05-10 19:00:00,6011.0,13.8,2014-05-10,False,Saturday
6231,40,4834.343688,1059.656312,2014-05-10 19:30:00,5894.0,13.2,2014-05-10,False,Saturday
6232,41,4732.816026,1028.183974,2014-05-10 20:00:00,5761.0,13.1,2014-05-10,False,Saturday
6233,42,4648.518028,1053.481972,2014-05-10 20:30:00,5702.0,12.7,2014-05-10,False,Saturday
6234,43,4544.990762,1021.009238,2014-05-10 21:00:00,5566.0,13.0,2014-05-10,False,Saturday
6235,44,4452.452218,1043.547782,2014-05-10 21:30:00,5496.0,12.9,2014-05-10,False,Saturday
6236,45,4392.507938,1040.492062,2014-05-10 22:00:00,5433.0,12.6,2014-05-10,False,Saturday
6237,46,4373.237284,1045.762716,2014-05-10 22:30:00,5419.0,12.4,2014-05-10,False,Saturday
6238,47,4616.168156,1039.831844,2014-05-10 23:00:00,5656.0,12.1,2014-05-10,False,Saturday
6239,48,4660.362236,1060.637764,2014-05-10 23:30:00,5721.0,12.0,2014-05-10,False,Saturday
6240,1,4436.044276,1005.955724,2014-05-11 00:00:00,5442.0,11.6,2014-05-11,False,Sunday
6241,2,4189.924806,1031.075194,2014-05-11 00:30:00,5221.0,11.7,2014-05-11,False,Sunday
6242,3,3978.722162,1048.277838,2014-05-11 01:00:00,5027.0,11.5,2014-05-11,False,Sunday
6243,4,3735.816996,1044.183004,2014-05-11 01:30:00,4780.0,11.1,2014-05-11,False,Sunday
6244,5,3520.162006,1048.837994,2014-05-11 02:00:00,4569.0,10.8,2014-05-11,False,Sunday
6245,6,3379.30141,1058.69859,2014-05-11 02:30:00,4438.0,10.3,2014-05-11,False,Sunday
6246,7,3284.1282,1057.8718,2014-05-11 03:00:00,4342.0,10.4,2014-05-11,False,Sunday
6247,8,3220.011516,1064.988484,2014-05-11 03:30:00,4285.0,10.4,2014-05-11,False,Sunday
6248,9,3180.539192,1072.460808,2014-05-11 04:00:00,4253.0,10.3,2014-05-11,False,Sunday
6249,10,3154.949106,1054.050894,2014-05-11 04:30:00,4209.0,9.8,2014-05-11,False,Sunday
6250,11,3179.202976,1028.797024,2014-05-11 05:00:00,4208.0,10.2,2014-05-11,False,Sunday
6251,12,3222.891888,1054.108112,2014-05-11 05:30:00,4277.0,10.2,2014-05-11,False,Sunday
6252,13,3369.81869,1042.18131,2014-05-11 06:00:00,4412.0,10.2,2014-05-11,False,Sunday
6253,14,3544.626318,1065.373682,2014-05-11 06:30:00,4610.0,10.3,2014-05-11,False,Sunday
6254,15,3590.891698,1044.108302,2014-05-11 07:00:00,4635.0,10.6,2014-05-11,False,Sunday
6255,16,3768.914336,1053.085664,2014-05-11 07:30:00,4822.0,10.5,2014-05-11,False,Sunday
6256,17,3943.166598,1047.833402,2014-05-11 08:00:00,4991.0,10.9,2014-05-11,False,Sunday
6257,18,4045.349248,1054.650752,2014-05-11 08:30:00,5100.0,11.8,2014-05-11,False,Sunday
6258,19,4111.803398,1056.196602,2014-05-11 09:00:00,5168.0,12.8,2014-05-11,False,Sunday
6259,20,4079.32338,1034.67662,2014-05-11 09:30:00,5114.0,12.6,2014-05-11,False,Sunday
6260,21,4071.839054,1035.160946,2014-05-11 10:00:00,5107.0,14.1,2014-05-11,False,Sunday
6261,22,4035.262102,1028.737898,2014-05-11 10:30:00,5064.0,15.8,2014-05-11,False,Sunday
6262,23,4029.821404,1012.178596,2014-05-11 11:00:00,5042.0,16.2,2014-05-11,False,Sunday
6263,24,3977.542278,1019.457722,2014-05-11 11:30:00,4997.0,17.3,2014-05-11,False,Sunday
6264,25,3923.689758,1014.310242,2014-05-11 12:00:00,4938.0,18.0,2014-05-11,False,Sunday
6265,26,3898.180812,1009.819188,2014-05-11 12:30:00,4908.0,17.8,2014-05-11,False,Sunday
6266,27,3888.774912,1004.225088,2014-05-11 13:00:00,4893.0,19.7,2014-05-11,False,Sunday
6267,28,3858.08132,1006.91868,2014-05-11 13:30:00,4865.0,18.5,2014-05-11,False,Sunday
6268,29,3850.160358,1007.839642,2014-05-11 14:00:00,4858.0,19.0,2014-05-11,False,Sunday
6269,30,3848.050004,1007.949996,2014-05-11 14:30:00,4856.0,18.9,2014-05-11,False,Sunday
6270,31,3860.417084,1009.582916,2014-05-11 15:00:00,4870.0,18.8,2014-05-11,False,Sunday
6271,32,3892.98852,1005.01148,2014-05-11 15:30:00,4898.0,18.5,2014-05-11,False,Sunday
6272,33,4001.249838,1005.750162,2014-05-11 16:00:00,5007.0,18.5,2014-05-11,False,Sunday
6273,34,4174.400134,1011.599866,2014-05-11 16:30:00,5186.0,18.1,2014-05-11,False,Sunday
6274,35,4401.878678,1009.121322,2014-05-11 17:00:00,5411.0,17.8,2014-05-11,False,Sunday
6275,36,4798.484724,1007.515276,2014-05-11 17:30:00,5806.0,16.6,2014-05-11,False,Sunday
6276,37,4977.641236,1005.358764,2014-05-11 18:00:00,5983.0,15.8,2014-05-11,False,Sunday
6277,38,4949.554772,1006.445228,2014-05-11 18:30:00,5956.0,15.2,2014-05-11,False,Sunday
6278,39,4858.656668,1004.343332,2014-05-11 19:00:00,5863.0,15.0,2014-05-11,False,Sunday
6279,40,4786.19526,998.80474,2014-05-11 19:30:00,5785.0,14.7,2014-05-11,False,Sunday
6280,41,4712.328026,1021.671974,2014-05-11 20:00:00,5734.0,15.4,2014-05-11,False,Sunday
6281,42,4650.432664,1036.567336,2014-05-11 20:30:00,5687.0,14.6,2014-05-11,False,Sunday
6282,43,4514.817098,1042.182902,2014-05-11 21:00:00,5557.0,14.2,2014-05-11,False,Sunday
6283,44,4383.23878,1029.76122,2014-05-11 21:30:00,5413.0,13.7,2014-05-11,False,Sunday
6284,45,4267.035398,1019.964602,2014-05-11 22:00:00,5287.0,13.4,2014-05-11,False,Sunday
6285,46,4207.297458,1041.702542,2014-05-11 22:30:00,5249.0,12.8,2014-05-11,False,Sunday
6286,47,4454.73538,1032.26462,2014-05-11 23:00:00,5487.0,11.8,2014-05-11,False,Sunday
6287,48,4507.611232,1054.388768,2014-05-11 23:30:00,5562.0,11.7,2014-05-11,False,Sunday
6288,1,4304.859224,1060.140776,2014-05-12 00:00:00,5365.0,12.1,2014-05-12,False,Monday
6289,2,4116.736698,1061.263302,2014-05-12 00:30:00,5178.0,11.7,2014-05-12,False,Monday
6290,3,3920.221444,1052.778556,2014-05-12 01:00:00,4973.0,11.1,2014-05-12,False,Monday
6291,4,3737.00908,1050.99092,2014-05-12 01:30:00,4788.0,11.2,2014-05-12,False,Monday
6292,5,3555.536364,1048.463636,2014-05-12 02:00:00,4604.0,10.9,2014-05-12,False,Monday
6293,6,3444.547832,1059.452168,2014-05-12 02:30:00,4504.0,9.7,2014-05-12,False,Monday
6294,7,3380.886772,1068.113228,2014-05-12 03:00:00,4449.0,9.2,2014-05-12,False,Monday
6295,8,3349.173076,1065.826924,2014-05-12 03:30:00,4415.0,9.2,2014-05-12,False,Monday
6296,9,3383.056074,1058.943926,2014-05-12 04:00:00,4442.0,8.7,2014-05-12,False,Monday
6297,10,3465.199328,1057.800672,2014-05-12 04:30:00,4523.0,8.8,2014-05-12,False,Monday
6298,11,3658.136312,1071.863688,2014-05-12 05:00:00,4730.0,8.9,2014-05-12,False,Monday
6299,12,3892.499934,1073.500066,2014-05-12 05:30:00,4966.0,8.7,2014-05-12,False,Monday
6300,13,4329.19856,1056.80144,2014-05-12 06:00:00,5386.0,8.4,2014-05-12,False,Monday
6301,14,4864.7035,1065.2965,2014-05-12 06:30:00,5930.0,8.4,2014-05-12,False,Monday
6302,15,5166.807986,1078.192014,2014-05-12 07:00:00,6245.0,8.1,2014-05-12,False,Monday
6303,16,5481.580184,1058.419816,2014-05-12 07:30:00,6540.0,7.8,2014-05-12,False,Monday
6304,17,5578.336944,1064.663056,2014-05-12 08:00:00,6643.0,7.9,2014-05-12,False,Monday
6305,18,5518.86531,1078.13469,2014-05-12 08:30:00,6597.0,8.3,2014-05-12,False,Monday
6306,19,5458.273592,1061.726408,2014-05-12 09:00:00,6520.0,9.0,2014-05-12,False,Monday
6307,20,5348.789636,1085.210364,2014-05-12 09:30:00,6434.0,10.8,2014-05-12,False,Monday
6308,21,5239.686638,1068.313362,2014-05-12 10:00:00,6308.0,12.2,2014-05-12,False,Monday
6309,22,5146.573382,1084.426618,2014-05-12 10:30:00,6231.0,14.0,2014-05-12,False,Monday
6310,23,5056.092606,1071.907394,2014-05-12 11:00:00,6128.0,15.4,2014-05-12,False,Monday
6311,24,5012.344838,1074.655162,2014-05-12 11:30:00,6087.0,17.1,2014-05-12,False,Monday
6312,25,4953.588038,1087.411962,2014-05-12 12:00:00,6041.0,17.0,2014-05-12,False,Monday
6313,26,4891.3444,1032.6556,2014-05-12 12:30:00,5924.0,18.2,2014-05-12,False,Monday
6314,27,4907.686932,1035.313068,2014-05-12 13:00:00,5943.0,17.9,2014-05-12,False,Monday
6315,28,4914.16678,1073.83322,2014-05-12 13:30:00,5988.0,19.4,2014-05-12,False,Monday
6316,29,4905.922002,1072.077998,2014-05-12 14:00:00,5978.0,19.9,2014-05-12,False,Monday
6317,30,4892.037146,1082.962854,2014-05-12 14:30:00,5975.0,18.8,2014-05-12,False,Monday
6318,31,4900.726792,1065.273208,2014-05-12 15:00:00,5966.0,19.0,2014-05-12,False,Monday
6319,32,4947.461978,1087.538022,2014-05-12 15:30:00,6035.0,17.8,2014-05-12,False,Monday
6320,33,5053.268792,1075.731208,2014-05-12 16:00:00,6129.0,18.0,2014-05-12,False,Monday
6321,34,5203.634412,1052.365588,2014-05-12 16:30:00,6256.0,17.1,2014-05-12,False,Monday
6322,35,5435.825742,1048.174258,2014-05-12 17:00:00,6484.0,16.5,2014-05-12,False,Monday
6323,36,5785.78852,1078.21148,2014-05-12 17:30:00,6864.0,15.4,2014-05-12,False,Monday
6324,37,5885.555048,1077.444952,2014-05-12 18:00:00,6963.0,16.0,2014-05-12,False,Monday
6325,38,5825.413764,1081.586236,2014-05-12 18:30:00,6907.0,15.9,2014-05-12,False,Monday
6326,39,5693.245482,1064.754518,2014-05-12 19:00:00,6758.0,15.6,2014-05-12,False,Monday
6327,40,5563.326436,1088.673564,2014-05-12 19:30:00,6652.0,15.2,2014-05-12,False,Monday
6328,41,5409.55464,1064.44536,2014-05-12 20:00:00,6474.0,14.3,2014-05-12,False,Monday
6329,42,5277.769718,1087.230282,2014-05-12 20:30:00,6365.0,13.4,2014-05-12,False,Monday
6330,43,5094.293038,1083.706962,2014-05-12 21:00:00,6178.0,13.4,2014-05-12,False,Monday
6331,44,4847.513192,1075.486808,2014-05-12 21:30:00,5923.0,12.9,2014-05-12,False,Monday
6332,45,4629.05231,1076.94769,2014-05-12 22:00:00,5706.0,12.9,2014-05-12,False,Monday
6333,46,4503.467482,1078.532518,2014-05-12 22:30:00,5582.0,11.6,2014-05-12,False,Monday
6334,47,4708.545124,1095.454876,2014-05-12 23:00:00,5804.0,11.4,2014-05-12,False,Monday
6335,48,4716.08786,1076.91214,2014-05-12 23:30:00,5793.0,11.2,2014-05-12,False,Monday
6336,1,4464.986032,1083.013968,2014-05-13 00:00:00,5548.0,10.8,2014-05-13,False,Tuesday
6337,2,4248.664604,1101.335396,2014-05-13 00:30:00,5350.0,10.5,2014-05-13,False,Tuesday
6338,3,4065.453964,1079.546036,2014-05-13 01:00:00,5145.0,10.0,2014-05-13,False,Tuesday
6339,4,3890.50305,1076.49695,2014-05-13 01:30:00,4967.0,9.8,2014-05-13,False,Tuesday
6340,5,3712.05977,1084.94023,2014-05-13 02:00:00,4797.0,9.6,2014-05-13,False,Tuesday
6341,6,3563.427638,1076.572362,2014-05-13 02:30:00,4640.0,9.1,2014-05-13,False,Tuesday
6342,7,3498.766724,1097.233276,2014-05-13 03:00:00,4596.0,8.5,2014-05-13,False,Tuesday
6343,8,3463.528182,1082.471818,2014-05-13 03:30:00,4546.0,8.5,2014-05-13,False,Tuesday
6344,9,3496.039236,1078.960764,2014-05-13 04:00:00,4575.0,8.4,2014-05-13,False,Tuesday
6345,10,3567.304966,1067.695034,2014-05-13 04:30:00,4635.0,8.4,2014-05-13,False,Tuesday
6346,11,3739.083304,1031.916696,2014-05-13 05:00:00,4771.0,8.5,2014-05-13,False,Tuesday
6347,12,4005.010128,1081.989872,2014-05-13 05:30:00,5087.0,8.5,2014-05-13,False,Tuesday
6348,13,4482.354234,1080.645766,2014-05-13 06:00:00,5563.0,8.4,2014-05-13,False,Tuesday
6349,14,4997.553438,1078.446562,2014-05-13 06:30:00,6076.0,8.7,2014-05-13,False,Tuesday
6350,15,5278.332334,1089.667666,2014-05-13 07:00:00,6368.0,8.6,2014-05-13,False,Tuesday
6351,16,5571.111032,1084.888968,2014-05-13 07:30:00,6656.0,8.5,2014-05-13,False,Tuesday
6352,17,5614.779472,1100.220528,2014-05-13 08:00:00,6715.0,8.5,2014-05-13,False,Tuesday
6353,18,5519.250954,1098.749046,2014-05-13 08:30:00,6618.0,10.6,2014-05-13,False,Tuesday
6354,19,5443.289948,1056.710052,2014-05-13 09:00:00,6500.0,12.5,2014-05-13,False,Tuesday
6355,20,5313.23904,1092.76096,2014-05-13 09:30:00,6406.0,14.4,2014-05-13,False,Tuesday
6356,21,5180.843552,1074.156448,2014-05-13 10:00:00,6255.0,15.7,2014-05-13,False,Tuesday
6357,22,5084.763292,1084.236708,2014-05-13 10:30:00,6169.0,17.1,2014-05-13,False,Tuesday
6358,23,5008.248062,1090.751938,2014-05-13 11:00:00,6099.0,17.8,2014-05-13,False,Tuesday
6359,24,4977.69768,1079.30232,2014-05-13 11:30:00,6057.0,18.0,2014-05-13,False,Tuesday
6360,25,4943.183608,1080.816392,2014-05-13 12:00:00,6024.0,19.4,2014-05-13,False,Tuesday
6361,26,4916.46389,1091.53611,2014-05-13 12:30:00,6008.0,18.9,2014-05-13,False,Tuesday
6362,27,4952.042788,1064.957212,2014-05-13 13:00:00,6017.0,19.0,2014-05-13,False,Tuesday
6363,28,4951.404414,1080.595586,2014-05-13 13:30:00,6032.0,19.6,2014-05-13,False,Tuesday
6364,29,4944.053326,1057.946674,2014-05-13 14:00:00,6002.0,19.5,2014-05-13,False,Tuesday
6365,30,4918.782584,1078.217416,2014-05-13 14:30:00,5997.0,20.1,2014-05-13,False,Tuesday
6366,31,4902.193578,1072.806422,2014-05-13 15:00:00,5975.0,20.0,2014-05-13,False,Tuesday
6367,32,4944.333086,1084.666914,2014-05-13 15:30:00,6029.0,20.0,2014-05-13,False,Tuesday
6368,33,5028.694748,1092.305252,2014-05-13 16:00:00,6121.0,19.7,2014-05-13,False,Tuesday
6369,34,5136.589382,1095.410618,2014-05-13 16:30:00,6232.0,19.4,2014-05-13,False,Tuesday
6370,35,5353.483182,1083.516818,2014-05-13 17:00:00,6437.0,19.0,2014-05-13,False,Tuesday
6371,36,5744.026128,1082.973872,2014-05-13 17:30:00,6827.0,18.4,2014-05-13,False,Tuesday
6372,37,5820.26212,1091.73788,2014-05-13 18:00:00,6912.0,17.9,2014-05-13,False,Tuesday
6373,38,5762.111694,1082.888306,2014-05-13 18:30:00,6845.0,17.2,2014-05-13,False,Tuesday
6374,39,5605.285518,1094.714482,2014-05-13 19:00:00,6700.0,17.1,2014-05-13,False,Tuesday
6375,40,5462.828648,1060.171352,2014-05-13 19:30:00,6523.0,16.4,2014-05-13,False,Tuesday
6376,41,5304.107188,1081.892812,2014-05-13 20:00:00,6386.0,16.5,2014-05-13,False,Tuesday
6377,42,5153.619716,1067.380284,2014-05-13 20:30:00,6221.0,16.0,2014-05-13,False,Tuesday
6378,43,4966.173248,1087.826752,2014-05-13 21:00:00,6054.0,14.6,2014-05-13,False,Tuesday
6379,44,4756.629096,1095.370904,2014-05-13 21:30:00,5852.0,14.5,2014-05-13,False,Tuesday
6380,45,4557.89527,1070.10473,2014-05-13 22:00:00,5628.0,13.5,2014-05-13,False,Tuesday
6381,46,4421.003764,1093.996236,2014-05-13 22:30:00,5515.0,13.2,2014-05-13,False,Tuesday
6382,47,4638.046606,1077.953394,2014-05-13 23:00:00,5716.0,12.5,2014-05-13,False,Tuesday
6383,48,4646.900438,1093.099562,2014-05-13 23:30:00,5740.0,12.4,2014-05-13,False,Tuesday
6384,1,4396.87356,1087.12644,2014-05-14 00:00:00,5484.0,12.3,2014-05-14,False,Wednesday
6385,2,4175.777344,1097.222656,2014-05-14 00:30:00,5273.0,12.1,2014-05-14,False,Wednesday
6386,3,3991.030492,1096.969508,2014-05-14 01:00:00,5088.0,10.5,2014-05-14,False,Wednesday
6387,4,3813.145378,1085.854622,2014-05-14 01:30:00,4899.0,10.7,2014-05-14,False,Wednesday
6388,5,3653.498044,1107.501956,2014-05-14 02:00:00,4761.0,10.4,2014-05-14,False,Wednesday
6389,6,3538.61318,1087.38682,2014-05-14 02:30:00,4626.0,9.9,2014-05-14,False,Wednesday
6390,7,3469.926522,1090.073478,2014-05-14 03:00:00,4560.0,9.6,2014-05-14,False,Wednesday
6391,8,3430.625088,1045.374912,2014-05-14 03:30:00,4476.0,9.4,2014-05-14,False,Wednesday
6392,9,3454.636754,1035.363246,2014-05-14 04:00:00,4490.0,8.9,2014-05-14,False,Wednesday
6393,10,3512.379706,1028.620294,2014-05-14 04:30:00,4541.0,9.0,2014-05-14,False,Wednesday
6394,11,3679.431034,1037.568966,2014-05-14 05:00:00,4717.0,8.8,2014-05-14,False,Wednesday
6395,12,3918.572904,1036.427096,2014-05-14 05:30:00,4955.0,9.4,2014-05-14,False,Wednesday
6396,13,4378.97244,1038.02756,2014-05-14 06:00:00,5417.0,9.5,2014-05-14,False,Wednesday
6397,14,4903.079244,1037.920756,2014-05-14 06:30:00,5941.0,9.8,2014-05-14,False,Wednesday
6398,15,5171.74168,1035.25832,2014-05-14 07:00:00,6207.0,10.7,2014-05-14,False,Wednesday
6399,16,5455.34638,1045.65362,2014-05-14 07:30:00,6501.0,10.8,2014-05-14,False,Wednesday
6400,17,5486.51058,1046.48942,2014-05-14 08:00:00,6533.0,11.5,2014-05-14,False,Wednesday
6401,18,5382.731496,1042.268504,2014-05-14 08:30:00,6425.0,13.0,2014-05-14,False,Wednesday
6402,19,5300.508734,1042.491266,2014-05-14 09:00:00,6343.0,13.9,2014-05-14,False,Wednesday
6403,20,5174.515514,1036.484486,2014-05-14 09:30:00,6211.0,14.8,2014-05-14,False,Wednesday
6404,21,5046.25813,1036.74187,2014-05-14 10:00:00,6083.0,16.0,2014-05-14,False,Wednesday
6405,22,4968.28886,1033.71114,2014-05-14 10:30:00,6002.0,16.9,2014-05-14,False,Wednesday
6406,23,4898.093558,843.906442,2014-05-14 11:00:00,5742.0,17.5,2014-05-14,False,Wednesday
6407,24,4839.213446,1031.786554,2014-05-14 11:30:00,5871.0,18.4,2014-05-14,False,Wednesday
6408,25,4814.624678,1033.375322,2014-05-14 12:00:00,5848.0,18.9,2014-05-14,False,Wednesday
6409,26,4790.137428,1036.862572,2014-05-14 12:30:00,5827.0,19.8,2014-05-14,False,Wednesday
6410,27,4809.157138,1033.842862,2014-05-14 13:00:00,5843.0,19.8,2014-05-14,False,Wednesday
6411,28,4824.457212,1030.542788,2014-05-14 13:30:00,5855.0,19.9,2014-05-14,False,Wednesday
6412,29,4843.696082,1030.303918,2014-05-14 14:00:00,5874.0,20.2,2014-05-14,False,Wednesday
6413,30,4857.679798,1035.320202,2014-05-14 14:30:00,5893.0,19.7,2014-05-14,False,Wednesday
6414,31,4845.701594,1034.298406,2014-05-14 15:00:00,5880.0,19.5,2014-05-14,False,Wednesday
6415,32,4856.854004,1038.145996,2014-05-14 15:30:00,5895.0,19.4,2014-05-14,False,Wednesday
6416,33,4931.158816,1029.841184,2014-05-14 16:00:00,5961.0,19.5,2014-05-14,False,Wednesday
6417,34,5037.737942,1034.262058,2014-05-14 16:30:00,6072.0,19.8,2014-05-14,False,Wednesday
6418,35,5267.046512,1032.953488,2014-05-14 17:00:00,6300.0,19.6,2014-05-14,False,Wednesday
6419,36,5613.801414,1027.198586,2014-05-14 17:30:00,6641.0,19.1,2014-05-14,False,Wednesday
6420,37,5666.427598,1027.572402,2014-05-14 18:00:00,6694.0,18.8,2014-05-14,False,Wednesday
6421,38,5574.887596,1029.112404,2014-05-14 18:30:00,6604.0,18.4,2014-05-14,False,Wednesday
6422,39,5385.794784,1022.205216,2014-05-14 19:00:00,6408.0,18.1,2014-05-14,False,Wednesday
6423,40,5260.568484,1024.431516,2014-05-14 19:30:00,6285.0,17.7,2014-05-14,False,Wednesday
6424,41,5116.86322,1024.13678,2014-05-14 20:00:00,6141.0,17.4,2014-05-14,False,Wednesday
6425,42,4954.400056,1030.599944,2014-05-14 20:30:00,5985.0,17.0,2014-05-14,False,Wednesday
6426,43,4783.01604,1028.98396,2014-05-14 21:00:00,5812.0,16.3,2014-05-14,False,Wednesday
6427,44,4585.53286,1038.46714,2014-05-14 21:30:00,5624.0,16.2,2014-05-14,False,Wednesday
6428,45,4373.70843,1046.29157,2014-05-14 22:00:00,5420.0,16.2,2014-05-14,False,Wednesday
6429,46,4265.464412,1044.535588,2014-05-14 22:30:00,5310.0,15.9,2014-05-14,False,Wednesday
6430,47,4477.003172,1046.996828,2014-05-14 23:00:00,5524.0,15.9,2014-05-14,False,Wednesday
6431,48,4488.221622,1053.778378,2014-05-14 23:30:00,5542.0,16.4,2014-05-14,False,Wednesday
6432,1,4236.900568,1044.099432,2014-05-15 00:00:00,5281.0,16.3,2014-05-15,False,Thursday
6433,2,4009.295606,1037.704394,2014-05-15 00:30:00,5047.0,15.9,2014-05-15,False,Thursday
6434,3,3819.008098,1032.991902,2014-05-15 01:00:00,4852.0,15.3,2014-05-15,False,Thursday
6435,4,3630.690678,1040.309322,2014-05-15 01:30:00,4671.0,15.9,2014-05-15,False,Thursday
6436,5,3481.69022,1045.30978,2014-05-15 02:00:00,4527.0,16.3,2014-05-15,False,Thursday
6437,6,3367.39676,1046.60324,2014-05-15 02:30:00,4414.0,16.4,2014-05-15,False,Thursday
6438,7,3304.139236,1034.860764,2014-05-15 03:00:00,4339.0,16.1,2014-05-15,False,Thursday
6439,8,3264.16058,1027.83942,2014-05-15 03:30:00,4292.0,16.0,2014-05-15,False,Thursday
6440,9,3272.248958,1029.751042,2014-05-15 04:00:00,4302.0,16.1,2014-05-15,False,Thursday
6441,10,3316.140782,1024.859218,2014-05-15 04:30:00,4341.0,16.1,2014-05-15,False,Thursday
6442,11,3480.03877,1032.96123,2014-05-15 05:00:00,4513.0,15.9,2014-05-15,False,Thursday
6443,12,3704.883786,1033.116214,2014-05-15 05:30:00,4738.0,16.0,2014-05-15,False,Thursday
6444,13,4125.432868,1029.567132,2014-05-15 06:00:00,5155.0,15.9,2014-05-15,False,Thursday
6445,14,4583.580858,1032.419142,2014-05-15 06:30:00,5616.0,15.9,2014-05-15,False,Thursday
6446,15,4844.480336,1026.519664,2014-05-15 07:00:00,5871.0,15.9,2014-05-15,False,Thursday
6447,16,5067.47692,1023.52308,2014-05-15 07:30:00,6091.0,16.0,2014-05-15,False,Thursday
6448,17,5092.180558,1017.819442,2014-05-15 08:00:00,6110.0,16.4,2014-05-15,False,Thursday
6449,18,5003.325114,1017.674886,2014-05-15 08:30:00,6021.0,17.0,2014-05-15,False,Thursday
6450,19,4983.189168,1014.810832,2014-05-15 09:00:00,5998.0,17.1,2014-05-15,False,Thursday
6451,20,4905.092718,1010.907282,2014-05-15 09:30:00,5916.0,18.1,2014-05-15,False,Thursday
6452,21,4845.733178,1010.266822,2014-05-15 10:00:00,5856.0,18.8,2014-05-15,False,Thursday
6453,22,4811.146492,1003.853508,2014-05-15 10:30:00,5815.0,19.6,2014-05-15,False,Thursday
6454,23,4772.957856,1013.042144,2014-05-15 11:00:00,5786.0,19.9,2014-05-15,False,Thursday
6455,24,4764.568408,1020.431592,2014-05-15 11:30:00,5785.0,20.3,2014-05-15,False,Thursday
6456,25,4744.440174,1027.559826,2014-05-15 12:00:00,5772.0,20.8,2014-05-15,False,Thursday
6457,26,4735.939242,1033.060758,2014-05-15 12:30:00,5769.0,21.2,2014-05-15,False,Thursday
6458,27,4779.392436,1024.607564,2014-05-15 13:00:00,5804.0,21.7,2014-05-15,False,Thursday
6459,28,4791.562736,1024.437264,2014-05-15 13:30:00,5816.0,22.2,2014-05-15,False,Thursday
6460,29,4810.73622,1028.26378,2014-05-15 14:00:00,5839.0,22.3,2014-05-15,False,Thursday
6461,30,4823.64538,1020.35462,2014-05-15 14:30:00,5844.0,22.4,2014-05-15,False,Thursday
6462,31,4829.989186,1024.010814,2014-05-15 15:00:00,5854.0,22.3,2014-05-15,False,Thursday
6463,32,4864.242984,1016.757016,2014-05-15 15:30:00,5881.0,21.6,2014-05-15,False,Thursday
6464,33,4931.775222,1009.224778,2014-05-15 16:00:00,5941.0,21.3,2014-05-15,False,Thursday
6465,34,4982.026438,1007.973562,2014-05-15 16:30:00,5990.0,20.8,2014-05-15,False,Thursday
6466,35,5132.659298,1011.340702,2014-05-15 17:00:00,6144.0,20.3,2014-05-15,False,Thursday
6467,36,5444.422504,1012.577496,2014-05-15 17:30:00,6457.0,19.6,2014-05-15,False,Thursday
6468,37,5480.398214,1015.601786,2014-05-15 18:00:00,6496.0,19.3,2014-05-15,False,Thursday
6469,38,5373.002224,1018.997776,2014-05-15 18:30:00,6392.0,19.0,2014-05-15,False,Thursday
6470,39,5211.588754,1023.411246,2014-05-15 19:00:00,6235.0,18.9,2014-05-15,False,Thursday
6471,40,5106.667978,1020.332022,2014-05-15 19:30:00,6127.0,18.7,2014-05-15,False,Thursday
6472,41,4986.132424,1018.867576,2014-05-15 20:00:00,6005.0,18.4,2014-05-15,False,Thursday
6473,42,4837.375274,1024.624726,2014-05-15 20:30:00,5862.0,18.5,2014-05-15,False,Thursday
6474,43,4631.314674,1022.685326,2014-05-15 21:00:00,5654.0,18.5,2014-05-15,False,Thursday
6475,44,4430.299778,1027.700222,2014-05-15 21:30:00,5458.0,18.2,2014-05-15,False,Thursday
6476,45,4274.110148,1021.889852,2014-05-15 22:00:00,5296.0,18.2,2014-05-15,False,Thursday
6477,46,4196.112688,1026.887312,2014-05-15 22:30:00,5223.0,18.0,2014-05-15,False,Thursday
6478,47,4430.416978,1032.583022,2014-05-15 23:00:00,5463.0,18.3,2014-05-15,False,Thursday
6479,48,4445.195614,1036.804386,2014-05-15 23:30:00,5482.0,18.6,2014-05-15,False,Thursday
6480,1,4178.757118,1036.242882,2014-05-16 00:00:00,5215.0,18.5,2014-05-16,False,Friday
6481,2,3953.254292,1035.745708,2014-05-16 00:30:00,4989.0,18.4,2014-05-16,False,Friday
6482,3,3765.811414,1038.188586,2014-05-16 01:00:00,4804.0,18.2,2014-05-16,False,Friday
6483,4,3580.726094,1026.273906,2014-05-16 01:30:00,4607.0,17.9,2014-05-16,False,Friday
6484,5,3434.276326,1023.723674,2014-05-16 02:00:00,4458.0,17.5,2014-05-16,False,Friday
6485,6,3316.95035,1021.04965,2014-05-16 02:30:00,4338.0,17.4,2014-05-16,False,Friday
6486,7,3254.285696,1013.714304,2014-05-16 03:00:00,4268.0,17.3,2014-05-16,False,Friday
6487,8,3221.071744,1012.928256,2014-05-16 03:30:00,4234.0,17.4,2014-05-16,False,Friday
6488,9,3231.045112,1009.954888,2014-05-16 04:00:00,4241.0,17.2,2014-05-16,False,Friday
6489,10,3287.998828,1008.001172,2014-05-16 04:30:00,4296.0,17.2,2014-05-16,False,Friday
6490,11,3412.905654,1014.094346,2014-05-16 05:00:00,4427.0,17.1,2014-05-16,False,Friday
6491,12,3612.113774,1014.886226,2014-05-16 05:30:00,4627.0,17.2,2014-05-16,False,Friday
6492,13,4015.505796,1016.494204,2014-05-16 06:00:00,5032.0,17.1,2014-05-16,False,Friday
6493,14,4406.439746,1016.560254,2014-05-16 06:30:00,5423.0,17.1,2014-05-16,False,Friday
6494,15,4634.441514,1055.558486,2014-05-16 07:00:00,5690.0,16.9,2014-05-16,False,Friday
6495,16,4868.245688,1068.754312,2014-05-16 07:30:00,5937.0,16.8,2014-05-16,False,Friday
6496,17,4898.002476,1042.997524,2014-05-16 08:00:00,5941.0,17.0,2014-05-16,False,Friday
6497,18,4876.950956,1041.049044,2014-05-16 08:30:00,5918.0,17.3,2014-05-16,False,Friday
6498,19,4862.749948,1048.250052,2014-05-16 09:00:00,5911.0,17.7,2014-05-16,False,Friday
6499,20,4829.956786,1033.043214,2014-05-16 09:30:00,5863.0,18.5,2014-05-16,False,Friday
6500,21,4792.67735,1057.32265,2014-05-16 10:00:00,5850.0,19.1,2014-05-16,False,Friday
6501,22,4782.222184,1072.777816,2014-05-16 10:30:00,5855.0,19.7,2014-05-16,False,Friday
6502,23,4771.870304,1058.129696,2014-05-16 11:00:00,5830.0,21.3,2014-05-16,False,Friday
6503,24,4775.349786,1079.650214,2014-05-16 11:30:00,5855.0,21.3,2014-05-16,False,Friday
6504,25,4768.807798,1062.192202,2014-05-16 12:00:00,5831.0,21.7,2014-05-16,False,Friday
6505,26,4759.438804,1085.561196,2014-05-16 12:30:00,5845.0,22.5,2014-05-16,False,Friday
6506,27,4787.781646,1072.218354,2014-05-16 13:00:00,5860.0,22.0,2014-05-16,False,Friday
6507,28,4809.147176,1071.852824,2014-05-16 13:30:00,5881.0,22.8,2014-05-16,False,Friday
6508,29,4781.868602,1064.131398,2014-05-16 14:00:00,5846.0,21.7,2014-05-16,False,Friday
6509,30,4729.63276,1086.36724,2014-05-16 14:30:00,5816.0,21.1,2014-05-16,False,Friday
6510,31,4700.033988,1058.966012,2014-05-16 15:00:00,5759.0,21.2,2014-05-16,False,Friday
6511,32,4721.148082,1050.851918,2014-05-16 15:30:00,5772.0,21.0,2014-05-16,False,Friday
6512,33,4805.910682,1067.089318,2014-05-16 16:00:00,5873.0,20.7,2014-05-16,False,Friday
6513,34,4893.842618,1082.157382,2014-05-16 16:30:00,5976.0,20.4,2014-05-16,False,Friday
6514,35,5051.12769,1048.87231,2014-05-16 17:00:00,6100.0,20.2,2014-05-16,False,Friday
6515,36,5316.731704,1081.268296,2014-05-16 17:30:00,6398.0,19.9,2014-05-16,False,Friday
6516,37,5298.391256,1055.608744,2014-05-16 18:00:00,6354.0,19.7,2014-05-16,False,Friday
6517,38,5172.15106,1070.84894,2014-05-16 18:30:00,6243.0,19.4,2014-05-16,False,Friday
6518,39,5023.47042,1065.52958,2014-05-16 19:00:00,6089.0,19.1,2014-05-16,False,Friday
6519,40,4892.145168,1075.854832,2014-05-16 19:30:00,5968.0,19.2,2014-05-16,False,Friday
6520,41,4745.682608,1085.317392,2014-05-16 20:00:00,5831.0,19.2,2014-05-16,False,Friday
6521,42,4621.839938,1061.160062,2014-05-16 20:30:00,5683.0,19.3,2014-05-16,False,Friday
6522,43,4449.936534,1074.063466,2014-05-16 21:00:00,5524.0,18.9,2014-05-16,False,Friday
6523,44,4295.014068,1074.985932,2014-05-16 21:30:00,5370.0,18.7,2014-05-16,False,Friday
6524,45,4211.546364,1047.453636,2014-05-16 22:00:00,5259.0,18.6,2014-05-16,False,Friday
6525,46,4167.251934,1074.748066,2014-05-16 22:30:00,5242.0,18.5,2014-05-16,False,Friday
6526,47,4425.659808,1036.340192,2014-05-16 23:00:00,5462.0,18.4,2014-05-16,False,Friday
6527,48,4438.36679,1073.63321,2014-05-16 23:30:00,5512.0,18.3,2014-05-16,False,Friday
6528,1,4163.159616,1059.840384,2014-05-17 00:00:00,5223.0,18.1,2014-05-17,False,Saturday
6529,2,3908.960756,1063.039244,2014-05-17 00:30:00,4972.0,18.2,2014-05-17,False,Saturday
6530,3,3727.368326,1072.631674,2014-05-17 01:00:00,4800.0,18.3,2014-05-17,False,Saturday
6531,4,3543.834068,1051.165932,2014-05-17 01:30:00,4595.0,17.7,2014-05-17,False,Saturday
6532,5,3369.937956,1062.062044,2014-05-17 02:00:00,4432.0,17.7,2014-05-17,False,Saturday
6533,6,3261.938204,1051.061796,2014-05-17 02:30:00,4313.0,17.7,2014-05-17,False,Saturday
6534,7,3189.079142,1049.920858,2014-05-17 03:00:00,4239.0,17.7,2014-05-17,False,Saturday
6535,8,3145.468006,1068.531994,2014-05-17 03:30:00,4214.0,17.5,2014-05-17,False,Saturday
6536,9,3122.038914,1048.961086,2014-05-17 04:00:00,4171.0,17.5,2014-05-17,False,Saturday
6537,10,3133.300508,1061.699492,2014-05-17 04:30:00,4195.0,17.4,2014-05-17,False,Saturday
6538,11,3179.292064,1062.707936,2014-05-17 05:00:00,4242.0,17.4,2014-05-17,False,Saturday
6539,12,3257.348934,1059.651066,2014-05-17 05:30:00,4317.0,17.3,2014-05-17,False,Saturday
6540,13,3409.547982,1065.452018,2014-05-17 06:00:00,4475.0,16.9,2014-05-17,False,Saturday
6541,14,3563.558472,1051.441528,2014-05-17 06:30:00,4615.0,17.0,2014-05-17,False,Saturday
6542,15,3618.404728,1041.595272,2014-05-17 07:00:00,4660.0,16.9,2014-05-17,False,Saturday
6543,16,3750.416372,1051.583628,2014-05-17 07:30:00,4802.0,17.0,2014-05-17,False,Saturday
6544,17,3904.892828,1051.107172,2014-05-17 08:00:00,4956.0,17.0,2014-05-17,False,Saturday
6545,18,4026.451304,1061.548696,2014-05-17 08:30:00,5088.0,17.1,2014-05-17,False,Saturday
6546,19,4112.911142,1068.088858,2014-05-17 09:00:00,5181.0,17.3,2014-05-17,False,Saturday
6547,20,4116.440568,1064.559432,2014-05-17 09:30:00,5181.0,17.7,2014-05-17,False,Saturday
6548,21,4124.749926,1066.250074,2014-05-17 10:00:00,5191.0,18.4,2014-05-17,False,Saturday
6549,22,4126.637884,1064.362116,2014-05-17 10:30:00,5191.0,18.5,2014-05-17,False,Saturday
6550,23,4086.892762,1071.107238,2014-05-17 11:00:00,5158.0,19.0,2014-05-17,False,Saturday
6551,24,4073.069356,1083.930644,2014-05-17 11:30:00,5157.0,19.2,2014-05-17,False,Saturday
6552,25,4050.361128,1063.638872,2014-05-17 12:00:00,5114.0,19.4,2014-05-17,False,Saturday
6553,26,4032.64797,1071.35203,2014-05-17 12:30:00,5104.0,19.4,2014-05-17,False,Saturday
6554,27,4018.259494,1073.740506,2014-05-17 13:00:00,5092.0,19.7,2014-05-17,False,Saturday
6555,28,4009.526868,1058.473132,2014-05-17 13:30:00,5068.0,19.7,2014-05-17,False,Saturday
6556,29,3968.137602,1065.862398,2014-05-17 14:00:00,5034.0,19.8,2014-05-17,False,Saturday
6557,30,3961.76976,1083.23024,2014-05-17 14:30:00,5045.0,19.7,2014-05-17,False,Saturday
6558,31,3986.202162,1051.797838,2014-05-17 15:00:00,5038.0,19.8,2014-05-17,False,Saturday
6559,32,4068.37868,1069.62132,2014-05-17 15:30:00,5138.0,19.7,2014-05-17,False,Saturday
6560,33,4147.966022,1078.033978,2014-05-17 16:00:00,5226.0,20.0,2014-05-17,False,Saturday
6561,34,4283.03666,1053.96334,2014-05-17 16:30:00,5337.0,20.0,2014-05-17,False,Saturday
6562,35,4494.182396,1050.817604,2014-05-17 17:00:00,5545.0,19.9,2014-05-17,False,Saturday
6563,36,4775.027622,1064.972378,2014-05-17 17:30:00,5840.0,19.8,2014-05-17,False,Saturday
6564,37,4798.325868,1058.674132,2014-05-17 18:00:00,5857.0,19.6,2014-05-17,False,Saturday
6565,38,4668.20972,1056.79028,2014-05-17 18:30:00,5725.0,19.6,2014-05-17,False,Saturday
6566,39,4515.50208,1048.49792,2014-05-17 19:00:00,5564.0,19.6,2014-05-17,False,Saturday
6567,40,4376.554246,1048.445754,2014-05-17 19:30:00,5425.0,19.7,2014-05-17,False,Saturday
6568,41,4275.975442,1052.024558,2014-05-17 20:00:00,5328.0,19.5,2014-05-17,False,Saturday
6569,42,4185.472796,1035.527204,2014-05-17 20:30:00,5221.0,19.3,2014-05-17,False,Saturday
6570,43,4092.959676,1045.040324,2014-05-17 21:00:00,5138.0,19.1,2014-05-17,False,Saturday
6571,44,3983.781372,1047.218628,2014-05-17 21:30:00,5031.0,18.8,2014-05-17,False,Saturday
6572,45,3953.114052,1037.885948,2014-05-17 22:00:00,4991.0,18.4,2014-05-17,False,Saturday
6573,46,3942.752522,1034.247478,2014-05-17 22:30:00,4977.0,18.3,2014-05-17,False,Saturday
6574,47,4218.652666,1044.347334,2014-05-17 23:00:00,5263.0,18.2,2014-05-17,False,Saturday
6575,48,4276.569196,1011.430804,2014-05-17 23:30:00,5288.0,18.2,2014-05-17,False,Saturday
6576,1,4050.63333,1014.36667,2014-05-18 00:00:00,5065.0,18.1,2014-05-18,False,Sunday
6577,2,3825.866994,1046.133006,2014-05-18 00:30:00,4872.0,18.4,2014-05-18,False,Sunday
6578,3,3600.314832,1058.685168,2014-05-18 01:00:00,4659.0,18.6,2014-05-18,False,Sunday
6579,4,3387.499204,1039.500796,2014-05-18 01:30:00,4427.0,18.4,2014-05-18,False,Sunday
6580,5,3229.346532,1068.653468,2014-05-18 02:00:00,4298.0,18.2,2014-05-18,False,Sunday
6581,6,3112.702632,1032.297368,2014-05-18 02:30:00,4145.0,18.2,2014-05-18,False,Sunday
6582,7,3036.378792,1064.621208,2014-05-18 03:00:00,4101.0,18.1,2014-05-18,False,Sunday
6583,8,2977.246564,1041.753436,2014-05-18 03:30:00,4019.0,17.8,2014-05-18,False,Sunday
6584,9,2963.305526,1051.694474,2014-05-18 04:00:00,4015.0,18.1,2014-05-18,False,Sunday
6585,10,2948.956998,1049.043002,2014-05-18 04:30:00,3998.0,18.0,2014-05-18,False,Sunday
6586,11,2980.879942,1056.120058,2014-05-18 05:00:00,4037.0,18.0,2014-05-18,False,Sunday
6587,12,3023.131968,1062.868032,2014-05-18 05:30:00,4086.0,17.8,2014-05-18,False,Sunday
6588,13,3109.955886,1043.044114,2014-05-18 06:00:00,4153.0,17.8,2014-05-18,False,Sunday
6589,14,3196.777044,1048.222956,2014-05-18 06:30:00,4245.0,17.8,2014-05-18,False,Sunday
6590,15,3258.258258,1060.741742,2014-05-18 07:00:00,4319.0,17.6,2014-05-18,False,Sunday
6591,16,3360.83205,1022.16795,2014-05-18 07:30:00,4383.0,17.5,2014-05-18,False,Sunday
6592,17,3500.413876,1010.586124,2014-05-18 08:00:00,4511.0,17.4,2014-05-18,False,Sunday
6593,18,3598.80564,1006.19436,2014-05-18 08:30:00,4605.0,17.4,2014-05-18,False,Sunday
6594,19,3721.975618,1005.024382,2014-05-18 09:00:00,4727.0,17.6,2014-05-18,False,Sunday
6595,20,3785.677458,1009.322542,2014-05-18 09:30:00,4795.0,17.9,2014-05-18,False,Sunday
6596,21,3843.755114,1004.244886,2014-05-18 10:00:00,4848.0,18.5,2014-05-18,False,Sunday
6597,22,3848.955744,1008.044256,2014-05-18 10:30:00,4857.0,18.8,2014-05-18,False,Sunday
6598,23,3841.184184,1009.815816,2014-05-18 11:00:00,4851.0,18.9,2014-05-18,False,Sunday
6599,24,3835.489964,1024.510036,2014-05-18 11:30:00,4860.0,19.1,2014-05-18,False,Sunday
6600,25,3846.407338,1063.592662,2014-05-18 12:00:00,4910.0,19.8,2014-05-18,False,Sunday
6601,26,3824.150642,1041.849358,2014-05-18 12:30:00,4866.0,20.1,2014-05-18,False,Sunday
6602,27,3797.02556,1051.97444,2014-05-18 13:00:00,4849.0,20.8,2014-05-18,False,Sunday
6603,28,3800.501302,1059.498698,2014-05-18 13:30:00,4860.0,21.4,2014-05-18,False,Sunday
6604,29,3796.060508,1056.939492,2014-05-18 14:00:00,4853.0,20.9,2014-05-18,False,Sunday
6605,30,3803.029218,1025.970782,2014-05-18 14:30:00,4829.0,20.9,2014-05-18,False,Sunday
6606,31,3863.333666,1067.666334,2014-05-18 15:00:00,4931.0,21.0,2014-05-18,False,Sunday
6607,32,3944.585178,1055.414822,2014-05-18 15:30:00,5000.0,21.1,2014-05-18,False,Sunday
6608,33,4041.784482,1063.215518,2014-05-18 16:00:00,5105.0,20.3,2014-05-18,False,Sunday
6609,34,4174.049408,1067.950592,2014-05-18 16:30:00,5242.0,19.6,2014-05-18,False,Sunday
6610,35,4456.67092,1033.32908,2014-05-18 17:00:00,5490.0,19.3,2014-05-18,False,Sunday
6611,36,4772.702278,1062.297722,2014-05-18 17:30:00,5835.0,19.0,2014-05-18,False,Sunday
6612,37,4837.017486,1042.982514,2014-05-18 18:00:00,5880.0,18.8,2014-05-18,False,Sunday
6613,38,4747.2201,1054.7799,2014-05-18 18:30:00,5802.0,18.9,2014-05-18,False,Sunday
6614,39,4585.767368,1060.232632,2014-05-18 19:00:00,5646.0,18.8,2014-05-18,False,Sunday
6615,40,4474.343568,1031.656432,2014-05-18 19:30:00,5506.0,18.6,2014-05-18,False,Sunday
6616,41,4369.134766,1050.865234,2014-05-18 20:00:00,5420.0,18.2,2014-05-18,False,Sunday
6617,42,4247.077478,1056.922522,2014-05-18 20:30:00,5304.0,18.0,2014-05-18,False,Sunday
6618,43,4098.280152,1067.719848,2014-05-18 21:00:00,5166.0,18.2,2014-05-18,False,Sunday
6619,44,3958.32376,1050.67624,2014-05-18 21:30:00,5009.0,18.3,2014-05-18,False,Sunday
6620,45,3880.591,1054.409,2014-05-18 22:00:00,4935.0,17.8,2014-05-18,False,Sunday
6621,46,3844.78947,1067.21053,2014-05-18 22:30:00,4912.0,17.7,2014-05-18,False,Sunday
6622,47,4114.29972,1042.70028,2014-05-18 23:00:00,5157.0,17.8,2014-05-18,False,Sunday
6623,48,4191.978566,1069.021434,2014-05-18 23:30:00,5261.0,17.8,2014-05-18,False,Sunday
6624,1,3984.407158,1061.592842,2014-05-19 00:00:00,5046.0,18.3,2014-05-19,False,Monday
6625,2,3781.75795,1062.24205,2014-05-19 00:30:00,4844.0,18.3,2014-05-19,False,Monday
6626,3,3629.72524,1067.27476,2014-05-19 01:00:00,4697.0,18.4,2014-05-19,False,Monday
6627,4,3454.653288,1058.346712,2014-05-19 01:30:00,4513.0,18.2,2014-05-19,False,Monday
6628,5,3298.751414,1049.248586,2014-05-19 02:00:00,4348.0,18.0,2014-05-19,False,Monday
6629,6,3204.608764,1064.391236,2014-05-19 02:30:00,4269.0,17.9,2014-05-19,False,Monday
6630,7,3153.232518,1046.767482,2014-05-19 03:00:00,4200.0,17.7,2014-05-19,False,Monday
6631,8,3123.584854,1061.415146,2014-05-19 03:30:00,4185.0,17.5,2014-05-19,False,Monday
6632,9,3142.914102,1073.085898,2014-05-19 04:00:00,4216.0,17.5,2014-05-19,False,Monday
6633,10,3195.791212,1065.208788,2014-05-19 04:30:00,4261.0,17.4,2014-05-19,False,Monday
6634,11,3350.679972,1068.320028,2014-05-19 05:00:00,4419.0,17.5,2014-05-19,False,Monday
6635,12,3534.962298,1072.037702,2014-05-19 05:30:00,4607.0,17.7,2014-05-19,False,Monday
6636,13,3921.323334,1051.676666,2014-05-19 06:00:00,4973.0,17.5,2014-05-19,False,Monday
6637,14,4361.962722,1086.037278,2014-05-19 06:30:00,5448.0,17.6,2014-05-19,False,Monday
6638,15,4631.65806,1077.34194,2014-05-19 07:00:00,5709.0,17.5,2014-05-19,False,Monday
6639,16,4883.26613,1084.73387,2014-05-19 07:30:00,5968.0,17.5,2014-05-19,False,Monday
6640,17,4987.656918,1091.343082,2014-05-19 08:00:00,6079.0,17.6,2014-05-19,False,Monday
6641,18,4981.947364,1089.052636,2014-05-19 08:30:00,6071.0,17.7,2014-05-19,False,Monday
6642,19,5001.619442,1078.380558,2014-05-19 09:00:00,6080.0,17.6,2014-05-19,False,Monday
6643,20,4933.359424,1092.640576,2014-05-19 09:30:00,6026.0,18.2,2014-05-19,False,Monday
6644,21,4893.572608,1074.427392,2014-05-19 10:00:00,5968.0,19.2,2014-05-19,False,Monday
6645,22,4872.420304,1084.579696,2014-05-19 10:30:00,5957.0,19.8,2014-05-19,False,Monday
6646,23,4867.209436,1043.790564,2014-05-19 11:00:00,5911.0,20.9,2014-05-19,False,Monday
6647,24,4880.465046,1087.534954,2014-05-19 11:30:00,5968.0,20.8,2014-05-19,False,Monday
6648,25,4889.990278,1100.009722,2014-05-19 12:00:00,5990.0,21.8,2014-05-19,False,Monday
6649,26,4932.223386,1078.776614,2014-05-19 12:30:00,6011.0,22.2,2014-05-19,False,Monday
6650,27,4995.352806,1096.647194,2014-05-19 13:00:00,6092.0,22.3,2014-05-19,False,Monday
6651,28,5046.690438,1097.309562,2014-05-19 13:30:00,6144.0,22.8,2014-05-19,False,Monday
6652,29,5065.126476,1071.873524,2014-05-19 14:00:00,6137.0,22.7,2014-05-19,False,Monday
6653,30,5047.499884,1082.500116,2014-05-19 14:30:00,6130.0,22.3,2014-05-19,False,Monday
6654,31,5027.336904,1096.663096,2014-05-19 15:00:00,6124.0,22.3,2014-05-19,False,Monday
6655,32,5068.47724,1075.52276,2014-05-19 15:30:00,6144.0,22.2,2014-05-19,False,Monday
6656,33,5164.374412,1086.625588,2014-05-19 16:00:00,6251.0,21.7,2014-05-19,False,Monday
6657,34,5272.44737,1095.55263,2014-05-19 16:30:00,6368.0,21.2,2014-05-19,False,Monday
6658,35,5440.596804,1076.403196,2014-05-19 17:00:00,6517.0,21.0,2014-05-19,False,Monday
6659,36,5630.805294,1086.194706,2014-05-19 17:30:00,6717.0,20.5,2014-05-19,False,Monday
6660,37,5540.175918,1093.824082,2014-05-19 18:00:00,6634.0,19.7,2014-05-19,False,Monday
6661,38,5377.106054,1057.893946,2014-05-19 18:30:00,6435.0,19.9,2014-05-19,False,Monday
6662,39,5203.553454,1078.446546,2014-05-19 19:00:00,6282.0,19.3,2014-05-19,False,Monday
6663,40,5065.098252,1088.901748,2014-05-19 19:30:00,6154.0,19.0,2014-05-19,False,Monday
6664,41,4888.34345,1055.65655,2014-05-19 20:00:00,5944.0,19.0,2014-05-19,False,Monday
6665,42,4765.162462,1071.837538,2014-05-19 20:30:00,5837.0,18.8,2014-05-19,False,Monday
6666,43,4591.707808,1067.292192,2014-05-19 21:00:00,5659.0,18.4,2014-05-19,False,Monday
6667,44,4437.149952,1057.850048,2014-05-19 21:30:00,5495.0,18.0,2014-05-19,False,Monday
6668,45,4295.550558,1058.449442,2014-05-19 22:00:00,5354.0,17.7,2014-05-19,False,Monday
6669,46,4242.647032,1079.352968,2014-05-19 22:30:00,5322.0,17.5,2014-05-19,False,Monday
6670,47,4491.183214,1069.816786,2014-05-19 23:00:00,5561.0,17.7,2014-05-19,False,Monday
6671,48,4512.19026,1074.80974,2014-05-19 23:30:00,5587.0,17.7,2014-05-19,False,Monday
6672,1,4254.466342,1095.533658,2014-05-20 00:00:00,5350.0,17.8,2014-05-20,False,Tuesday
6673,2,4031.494712,1076.505288,2014-05-20 00:30:00,5108.0,17.8,2014-05-20,False,Tuesday
6674,3,3846.556418,1090.443582,2014-05-20 01:00:00,4937.0,17.4,2014-05-20,False,Tuesday
6675,4,3644.668804,1093.331196,2014-05-20 01:30:00,4738.0,17.0,2014-05-20,False,Tuesday
6676,5,3511.051344,1076.948656,2014-05-20 02:00:00,4588.0,16.7,2014-05-20,False,Tuesday
6677,6,3406.432742,1085.567258,2014-05-20 02:30:00,4492.0,16.5,2014-05-20,False,Tuesday
6678,7,3348.889184,1060.110816,2014-05-20 03:00:00,4409.0,16.2,2014-05-20,False,Tuesday
6679,8,3314.145532,1071.854468,2014-05-20 03:30:00,4386.0,16.1,2014-05-20,False,Tuesday
6680,9,3328.36029,1078.63971,2014-05-20 04:00:00,4407.0,15.8,2014-05-20,False,Tuesday
6681,10,3377.810372,1030.189628,2014-05-20 04:30:00,4408.0,15.4,2014-05-20,False,Tuesday
6682,11,3529.371192,1056.628808,2014-05-20 05:00:00,4586.0,14.7,2014-05-20,False,Tuesday
6683,12,3760.99075,1068.00925,2014-05-20 05:30:00,4829.0,15.1,2014-05-20,False,Tuesday
6684,13,4182.263324,1083.736676,2014-05-20 06:00:00,5266.0,15.2,2014-05-20,False,Tuesday
6685,14,4560.95601,1086.04399,2014-05-20 06:30:00,5647.0,15.2,2014-05-20,False,Tuesday
6686,15,4811.374012,1083.625988,2014-05-20 07:00:00,5895.0,15.3,2014-05-20,False,Tuesday
6687,16,5050.15367,1079.84633,2014-05-20 07:30:00,6130.0,15.2,2014-05-20,False,Tuesday
6688,17,5152.494196,1043.505804,2014-05-20 08:00:00,6196.0,15.5,2014-05-20,False,Tuesday
6689,18,5150.099078,1057.900922,2014-05-20 08:30:00,6208.0,15.8,2014-05-20,False,Tuesday
6690,19,5140.02111,1078.97889,2014-05-20 09:00:00,6219.0,16.3,2014-05-20,False,Tuesday
6691,20,5105.696426,1071.303574,2014-05-20 09:30:00,6177.0,17.0,2014-05-20,False,Tuesday
6692,21,5017.330134,1097.669866,2014-05-20 10:00:00,6115.0,17.7,2014-05-20,False,Tuesday
6693,22,4996.100266,1069.899734,2014-05-20 10:30:00,6066.0,19.0,2014-05-20,False,Tuesday
6694,23,5020.945066,1067.054934,2014-05-20 11:00:00,6088.0,21.0,2014-05-20,False,Tuesday
6695,24,5066.02355,1073.97645,2014-05-20 11:30:00,6140.0,20.9,2014-05-20,False,Tuesday
6696,25,5091.299962,1068.700038,2014-05-20 12:00:00,6160.0,21.0,2014-05-20,False,Tuesday
6697,26,5124.100406,1086.899594,2014-05-20 12:30:00,6211.0,21.6,2014-05-20,False,Tuesday
6698,27,5141.794542,902.205458,2014-05-20 13:00:00,6044.0,21.5,2014-05-20,False,Tuesday
6699,28,5172.365504,1051.634496,2014-05-20 13:30:00,6224.0,21.4,2014-05-20,False,Tuesday
6700,29,5169.59842,1080.40158,2014-05-20 14:00:00,6250.0,19.5,2014-05-20,False,Tuesday
6701,30,5139.548822,1078.451178,2014-05-20 14:30:00,6218.0,18.1,2014-05-20,False,Tuesday
6702,31,5082.047314,1067.952686,2014-05-20 15:00:00,6150.0,17.2,2014-05-20,False,Tuesday
6703,32,5079.06692,1063.93308,2014-05-20 15:30:00,6143.0,17.7,2014-05-20,False,Tuesday
6704,33,5153.121532,1033.878468,2014-05-20 16:00:00,6187.0,18.0,2014-05-20,False,Tuesday
6705,34,5216.920464,1068.079536,2014-05-20 16:30:00,6285.0,18.0,2014-05-20,False,Tuesday
6706,35,5416.526652,1058.473348,2014-05-20 17:00:00,6475.0,17.4,2014-05-20,False,Tuesday
6707,36,5685.87721,1067.12279,2014-05-20 17:30:00,6753.0,16.5,2014-05-20,False,Tuesday
6708,37,5666.474062,1057.525938,2014-05-20 18:00:00,6724.0,16.0,2014-05-20,False,Tuesday
6709,38,5548.704622,1069.295378,2014-05-20 18:30:00,6618.0,15.6,2014-05-20,False,Tuesday
6710,39,5378.232632,1064.767368,2014-05-20 19:00:00,6443.0,15.9,2014-05-20,False,Tuesday
6711,40,5260.937654,1042.062346,2014-05-20 19:30:00,6303.0,15.9,2014-05-20,False,Tuesday
6712,41,5087.59269,1064.40731,2014-05-20 20:00:00,6152.0,15.9,2014-05-20,False,Tuesday
6713,42,4930.12435,1057.87565,2014-05-20 20:30:00,5988.0,16.0,2014-05-20,False,Tuesday
6714,43,4769.943822,1048.056178,2014-05-20 21:00:00,5818.0,15.6,2014-05-20,False,Tuesday
6715,44,4576.641606,1074.358394,2014-05-20 21:30:00,5651.0,15.6,2014-05-20,False,Tuesday
6716,45,4457.468802,1053.531198,2014-05-20 22:00:00,5511.0,15.3,2014-05-20,False,Tuesday
6717,46,4375.628608,1069.371392,2014-05-20 22:30:00,5445.0,15.1,2014-05-20,False,Tuesday
6718,47,4611.916662,1079.083338,2014-05-20 23:00:00,5691.0,15.1,2014-05-20,False,Tuesday
6719,48,4633.436094,1071.563906,2014-05-20 23:30:00,5705.0,15.0,2014-05-20,False,Tuesday
6720,1,4391.853838,1080.146162,2014-05-21 00:00:00,5472.0,14.9,2014-05-21,False,Wednesday
6721,2,4167.68722,1072.31278,2014-05-21 00:30:00,5240.0,14.6,2014-05-21,False,Wednesday
6722,3,3970.520936,1086.479064,2014-05-21 01:00:00,5057.0,14.6,2014-05-21,False,Wednesday
6723,4,3770.775582,1104.224418,2014-05-21 01:30:00,4875.0,14.6,2014-05-21,False,Wednesday
6724,5,3605.278648,1066.721352,2014-05-21 02:00:00,4672.0,14.4,2014-05-21,False,Wednesday
6725,6,3488.630452,1055.369548,2014-05-21 02:30:00,4544.0,14.0,2014-05-21,False,Wednesday
6726,7,3429.263912,1108.736088,2014-05-21 03:00:00,4538.0,12.9,2014-05-21,False,Wednesday
6727,8,3400.502994,1051.497006,2014-05-21 03:30:00,4452.0,12.4,2014-05-21,False,Wednesday
6728,9,3408.32062,1046.67938,2014-05-21 04:00:00,4455.0,12.2,2014-05-21,False,Wednesday
6729,10,3455.200988,1043.799012,2014-05-21 04:30:00,4499.0,12.0,2014-05-21,False,Wednesday
6730,11,3578.830626,1053.169374,2014-05-21 05:00:00,4632.0,11.6,2014-05-21,False,Wednesday
6731,12,3797.93847,1046.06153,2014-05-21 05:30:00,4844.0,11.6,2014-05-21,False,Wednesday
6732,13,4212.597026,1049.402974,2014-05-21 06:00:00,5262.0,11.1,2014-05-21,False,Wednesday
6733,14,4658.636754,1046.363246,2014-05-21 06:30:00,5705.0,11.0,2014-05-21,False,Wednesday
6734,15,4926.166906,1048.833094,2014-05-21 07:00:00,5975.0,11.0,2014-05-21,False,Wednesday
6735,16,5198.852014,1045.147986,2014-05-21 07:30:00,6244.0,11.3,2014-05-21,False,Wednesday
6736,17,5261.807956,1047.192044,2014-05-21 08:00:00,6309.0,11.3,2014-05-21,False,Wednesday
6737,18,5163.233968,1052.766032,2014-05-21 08:30:00,6216.0,11.6,2014-05-21,False,Wednesday
6738,19,5113.117456,1042.882544,2014-05-21 09:00:00,6156.0,12.5,2014-05-21,False,Wednesday
6739,20,5031.600038,1046.399962,2014-05-21 09:30:00,6078.0,14.3,2014-05-21,False,Wednesday
6740,21,4950.220734,1049.779266,2014-05-21 10:00:00,6000.0,15.7,2014-05-21,False,Wednesday
6741,22,4918.453576,1051.546424,2014-05-21 10:30:00,5970.0,17.2,2014-05-21,False,Wednesday
6742,23,4877.721258,1051.278742,2014-05-21 11:00:00,5929.0,19.1,2014-05-21,False,Wednesday
6743,24,4874.172464,1041.827536,2014-05-21 11:30:00,5916.0,19.8,2014-05-21,False,Wednesday
6744,25,4871.63129,1039.36871,2014-05-21 12:00:00,5911.0,20.7,2014-05-21,False,Wednesday
6745,26,4865.16069,1049.83931,2014-05-21 12:30:00,5915.0,21.2,2014-05-21,False,Wednesday
6746,27,4916.30495,1056.69505,2014-05-21 13:00:00,5973.0,22.1,2014-05-21,False,Wednesday
6747,28,4956.97021,1058.02979,2014-05-21 13:30:00,6015.0,22.5,2014-05-21,False,Wednesday
6748,29,4965.307914,1054.692086,2014-05-21 14:00:00,6020.0,23.1,2014-05-21,False,Wednesday
6749,30,4955.019102,1051.980898,2014-05-21 14:30:00,6007.0,22.9,2014-05-21,False,Wednesday
6750,31,4951.29597,1046.70403,2014-05-21 15:00:00,5998.0,22.8,2014-05-21,False,Wednesday
6751,32,5007.746968,1009.253032,2014-05-21 15:30:00,6017.0,22.8,2014-05-21,False,Wednesday
6752,33,5064.970392,1032.029608,2014-05-21 16:00:00,6097.0,22.5,2014-05-21,False,Wednesday
6753,34,5140.243486,1038.756514,2014-05-21 16:30:00,6179.0,22.3,2014-05-21,False,Wednesday
6754,35,5315.581792,1043.418208,2014-05-21 17:00:00,6359.0,21.4,2014-05-21,False,Wednesday
6755,36,5588.650478,1037.349522,2014-05-21 17:30:00,6626.0,20.8,2014-05-21,False,Wednesday
6756,37,5582.214926,1034.785074,2014-05-21 18:00:00,6617.0,20.6,2014-05-21,False,Wednesday
6757,38,5454.690834,1045.309166,2014-05-21 18:30:00,6500.0,20.2,2014-05-21,False,Wednesday
6758,39,5257.451314,1046.548686,2014-05-21 19:00:00,6304.0,19.6,2014-05-21,False,Wednesday
6759,40,5115.933424,1043.066576,2014-05-21 19:30:00,6159.0,19.5,2014-05-21,False,Wednesday
6760,41,4951.273918,1046.726082,2014-05-21 20:00:00,5998.0,19.4,2014-05-21,False,Wednesday
6761,42,4813.031086,1051.968914,2014-05-21 20:30:00,5865.0,19.0,2014-05-21,False,Wednesday
6762,43,4631.16443,1056.83557,2014-05-21 21:00:00,5688.0,19.0,2014-05-21,False,Wednesday
6763,44,4449.339268,1053.660732,2014-05-21 21:30:00,5503.0,18.9,2014-05-21,False,Wednesday
6764,45,4288.87525,1048.12475,2014-05-21 22:00:00,5337.0,18.9,2014-05-21,False,Wednesday
6765,46,4212.299256,1056.700744,2014-05-21 22:30:00,5269.0,18.6,2014-05-21,False,Wednesday
6766,47,4460.127484,1054.872516,2014-05-21 23:00:00,5515.0,18.4,2014-05-21,False,Wednesday
6767,48,4474.296592,1051.703408,2014-05-21 23:30:00,5526.0,18.1,2014-05-21,False,Wednesday
6768,1,4220.845854,1048.154146,2014-05-22 00:00:00,5269.0,18.2,2014-05-22,False,Thursday
6769,2,4012.674394,1059.325606,2014-05-22 00:30:00,5072.0,18.5,2014-05-22,False,Thursday
6770,3,3823.011298,1055.988702,2014-05-22 01:00:00,4879.0,18.6,2014-05-22,False,Thursday
6771,4,3673.300742,1049.699258,2014-05-22 01:30:00,4723.0,18.4,2014-05-22,False,Thursday
6772,5,3553.597644,1050.402356,2014-05-22 02:00:00,4604.0,18.3,2014-05-22,False,Thursday
6773,6,3427.966304,1040.033696,2014-05-22 02:30:00,4468.0,18.0,2014-05-22,False,Thursday
6774,7,3371.770984,1046.229016,2014-05-22 03:00:00,4418.0,17.9,2014-05-22,False,Thursday
6775,8,3344.638212,1039.361788,2014-05-22 03:30:00,4384.0,17.8,2014-05-22,False,Thursday
6776,9,3337.398024,1029.601976,2014-05-22 04:00:00,4367.0,17.8,2014-05-22,False,Thursday
6777,10,3392.090934,1035.909066,2014-05-22 04:30:00,4428.0,17.4,2014-05-22,False,Thursday
6778,11,3529.6848,1052.3152,2014-05-22 05:00:00,4582.0,17.1,2014-05-22,False,Thursday
6779,12,3730.013822,1042.986178,2014-05-22 05:30:00,4773.0,16.9,2014-05-22,False,Thursday
6780,13,4082.869426,1038.130574,2014-05-22 06:00:00,5121.0,16.8,2014-05-22,False,Thursday
6781,14,4478.583448,1042.416552,2014-05-22 06:30:00,5521.0,16.9,2014-05-22,False,Thursday
6782,15,4718.656268,1038.343732,2014-05-22 07:00:00,5757.0,17.0,2014-05-22,False,Thursday
6783,16,4966.799202,1038.200798,2014-05-22 07:30:00,6005.0,16.8,2014-05-22,False,Thursday
6784,17,5056.81976,1048.18024,2014-05-22 08:00:00,6105.0,17.0,2014-05-22,False,Thursday
6785,18,5031.687856,1052.312144,2014-05-22 08:30:00,6084.0,17.4,2014-05-22,False,Thursday
6786,19,5025.191502,1053.808498,2014-05-22 09:00:00,6079.0,17.6,2014-05-22,False,Thursday
6787,20,5013.921532,1045.078468,2014-05-22 09:30:00,6059.0,18.1,2014-05-22,False,Thursday
6788,21,4977.372936,1043.627064,2014-05-22 10:00:00,6021.0,18.9,2014-05-22,False,Thursday
6789,22,4971.467356,1046.532644,2014-05-22 10:30:00,6018.0,19.4,2014-05-22,False,Thursday
6790,23,4968.945834,1049.054166,2014-05-22 11:00:00,6018.0,19.6,2014-05-22,False,Thursday
6791,24,4961.100236,1044.899764,2014-05-22 11:30:00,6006.0,20.2,2014-05-22,False,Thursday
6792,25,4954.83124,1049.16876,2014-05-22 12:00:00,6004.0,20.2,2014-05-22,False,Thursday
6793,26,4954.19945,1049.80055,2014-05-22 12:30:00,6004.0,20.2,2014-05-22,False,Thursday
6794,27,5024.285136,1043.714864,2014-05-22 13:00:00,6068.0,20.0,2014-05-22,False,Thursday
6795,28,5073.089992,1035.910008,2014-05-22 13:30:00,6109.0,20.5,2014-05-22,False,Thursday
6796,29,5088.191868,1040.808132,2014-05-22 14:00:00,6129.0,20.9,2014-05-22,False,Thursday
6797,30,5056.833508,1043.166492,2014-05-22 14:30:00,6100.0,20.0,2014-05-22,False,Thursday
6798,31,5045.387784,1041.612216,2014-05-22 15:00:00,6087.0,19.6,2014-05-22,False,Thursday
6799,32,5073.525282,1042.474718,2014-05-22 15:30:00,6116.0,19.4,2014-05-22,False,Thursday
6800,33,5146.278624,1045.721376,2014-05-22 16:00:00,6192.0,19.6,2014-05-22,False,Thursday
6801,34,5270.909588,1043.090412,2014-05-22 16:30:00,6314.0,19.5,2014-05-22,False,Thursday
6802,35,5517.1258,1037.8742,2014-05-22 17:00:00,6555.0,19.6,2014-05-22,False,Thursday
6803,36,5724.044574,1044.955426,2014-05-22 17:30:00,6769.0,20.0,2014-05-22,False,Thursday
6804,37,5661.476536,1033.523464,2014-05-22 18:00:00,6695.0,20.1,2014-05-22,False,Thursday
6805,38,5541.044298,1035.955702,2014-05-22 18:30:00,6577.0,20.0,2014-05-22,False,Thursday
6806,39,5368.199954,1024.800046,2014-05-22 19:00:00,6393.0,19.9,2014-05-22,False,Thursday
6807,40,5223.800438,1028.199562,2014-05-22 19:30:00,6252.0,19.5,2014-05-22,False,Thursday
6808,41,5069.749262,1030.250738,2014-05-22 20:00:00,6100.0,19.4,2014-05-22,False,Thursday
6809,42,4911.610634,1033.389366,2014-05-22 20:30:00,5945.0,19.0,2014-05-22,False,Thursday
6810,43,4718.752978,1037.247022,2014-05-22 21:00:00,5756.0,18.5,2014-05-22,False,Thursday
6811,44,4533.923724,1032.076276,2014-05-22 21:30:00,5566.0,18.4,2014-05-22,False,Thursday
6812,45,4412.004978,1039.995022,2014-05-22 22:00:00,5452.0,18.2,2014-05-22,False,Thursday
6813,46,4342.19793,1047.80207,2014-05-22 22:30:00,5390.0,17.7,2014-05-22,False,Thursday
6814,47,4547.81142,1045.18858,2014-05-22 23:00:00,5593.0,18.0,2014-05-22,False,Thursday
6815,48,4560.24332,1047.75668,2014-05-22 23:30:00,5608.0,17.8,2014-05-22,False,Thursday
6816,1,4315.621304,1047.378696,2014-05-23 00:00:00,5363.0,17.4,2014-05-23,False,Friday
6817,2,4097.955376,1044.044624,2014-05-23 00:30:00,5142.0,17.1,2014-05-23,False,Friday
6818,3,3901.672576,1046.327424,2014-05-23 01:00:00,4948.0,17.0,2014-05-23,False,Friday
6819,4,3751.749556,1041.250444,2014-05-23 01:30:00,4793.0,16.9,2014-05-23,False,Friday
6820,5,3613.591336,1047.408664,2014-05-23 02:00:00,4661.0,17.1,2014-05-23,False,Friday
6821,6,3483.416846,1047.583154,2014-05-23 02:30:00,4531.0,17.5,2014-05-23,False,Friday
6822,7,3381.138358,1040.861642,2014-05-23 03:00:00,4422.0,18.7,2014-05-23,False,Friday
6823,8,3339.574798,1043.425202,2014-05-23 03:30:00,4383.0,18.3,2014-05-23,False,Friday
6824,9,3353.260626,1035.739374,2014-05-23 04:00:00,4389.0,17.3,2014-05-23,False,Friday
6825,10,3394.7489,1034.2511,2014-05-23 04:30:00,4429.0,17.5,2014-05-23,False,Friday
6826,11,3578.95518,1021.04482,2014-05-23 05:00:00,4600.0,17.0,2014-05-23,False,Friday
6827,12,3805.184138,985.815862,2014-05-23 05:30:00,4791.0,16.3,2014-05-23,False,Friday
6828,13,4133.742306,1006.257694,2014-05-23 06:00:00,5140.0,15.6,2014-05-23,False,Friday
6829,14,4514.577978,1029.422022,2014-05-23 06:30:00,5544.0,15.8,2014-05-23,False,Friday
6830,15,4789.660756,1028.339244,2014-05-23 07:00:00,5818.0,15.7,2014-05-23,False,Friday
6831,16,5071.206846,1046.793154,2014-05-23 07:30:00,6118.0,15.8,2014-05-23,False,Friday
6832,17,5188.23107,1060.76893,2014-05-23 08:00:00,6249.0,16.1,2014-05-23,False,Friday
6833,18,5229.984842,1078.015158,2014-05-23 08:30:00,6308.0,16.3,2014-05-23,False,Friday
6834,19,5299.012468,1088.987532,2014-05-23 09:00:00,6388.0,16.3,2014-05-23,False,Friday
6835,20,5289.78759,1076.21241,2014-05-23 09:30:00,6366.0,16.5,2014-05-23,False,Friday
6836,21,5260.85306,1078.14694,2014-05-23 10:00:00,6339.0,16.8,2014-05-23,False,Friday
6837,22,5220.488742,1044.511258,2014-05-23 10:30:00,6265.0,16.9,2014-05-23,False,Friday
6838,23,5171.76461,1068.23539,2014-05-23 11:00:00,6240.0,17.4,2014-05-23,False,Friday
6839,24,5159.891334,1072.108666,2014-05-23 11:30:00,6232.0,17.8,2014-05-23,False,Friday
6840,25,5135.7695,1056.2305,2014-05-23 12:00:00,6192.0,18.2,2014-05-23,False,Friday
6841,26,5038.065164,1060.934836,2014-05-23 12:30:00,6099.0,19.5,2014-05-23,False,Friday
6842,27,4996.047172,1062.952828,2014-05-23 13:00:00,6059.0,19.6,2014-05-23,False,Friday
6843,28,4956.072134,1065.927866,2014-05-23 13:30:00,6022.0,19.5,2014-05-23,False,Friday
6844,29,4906.989616,1071.010384,2014-05-23 14:00:00,5978.0,20.3,2014-05-23,False,Friday
6845,30,4860.59709,1071.40291,2014-05-23 14:30:00,5932.0,18.4,2014-05-23,False,Friday
6846,31,4815.976468,1064.023532,2014-05-23 15:00:00,5880.0,18.1,2014-05-23,False,Friday
6847,32,4815.070088,1067.929912,2014-05-23 15:30:00,5883.0,18.3,2014-05-23,False,Friday
6848,33,4873.866978,1057.133022,2014-05-23 16:00:00,5931.0,18.6,2014-05-23,False,Friday
6849,34,4957.729082,1068.270918,2014-05-23 16:30:00,6026.0,18.8,2014-05-23,False,Friday
6850,35,5127.136898,1060.863102,2014-05-23 17:00:00,6188.0,17.7,2014-05-23,False,Friday
6851,36,5423.94002,1060.05998,2014-05-23 17:30:00,6484.0,17.3,2014-05-23,False,Friday
6852,37,5412.029958,1079.970042,2014-05-23 18:00:00,6492.0,17.1,2014-05-23,False,Friday
6853,38,5302.572632,1065.427368,2014-05-23 18:30:00,6368.0,16.5,2014-05-23,False,Friday
6854,39,5145.086342,1071.913658,2014-05-23 19:00:00,6217.0,16.2,2014-05-23,False,Friday
6855,40,5017.054148,1081.945852,2014-05-23 19:30:00,6099.0,16.0,2014-05-23,False,Friday
6856,41,4896.632552,1049.367448,2014-05-23 20:00:00,5946.0,15.6,2014-05-23,False,Friday
6857,42,4780.91693,1084.08307,2014-05-23 20:30:00,5865.0,15.5,2014-05-23,False,Friday
6858,43,4625.090098,1047.909902,2014-05-23 21:00:00,5673.0,14.9,2014-05-23,False,Friday
6859,44,4452.93714,1088.06286,2014-05-23 21:30:00,5541.0,14.5,2014-05-23,False,Friday
6860,45,4336.989454,1061.010546,2014-05-23 22:00:00,5398.0,14.0,2014-05-23,False,Friday
6861,46,4285.16293,1064.83707,2014-05-23 22:30:00,5350.0,14.3,2014-05-23,False,Friday
6862,47,4525.156866,1058.843134,2014-05-23 23:00:00,5584.0,14.4,2014-05-23,False,Friday
6863,48,4532.913088,1077.086912,2014-05-23 23:30:00,5610.0,14.3,2014-05-23,False,Friday
6864,1,4277.123538,1082.876462,2014-05-24 00:00:00,5360.0,13.9,2014-05-24,False,Saturday
6865,2,4042.367222,1057.632778,2014-05-24 00:30:00,5100.0,13.8,2014-05-24,False,Saturday
6866,3,3843.402876,1070.597124,2014-05-24 01:00:00,4914.0,13.6,2014-05-24,False,Saturday
6867,4,3651.696272,1080.303728,2014-05-24 01:30:00,4732.0,13.2,2014-05-24,False,Saturday
6868,5,3510.312036,1060.687964,2014-05-24 02:00:00,4571.0,12.8,2014-05-24,False,Saturday
6869,6,3386.014104,1069.985896,2014-05-24 02:30:00,4456.0,12.6,2014-05-24,False,Saturday
6870,7,3310.481264,1068.518736,2014-05-24 03:00:00,4379.0,12.5,2014-05-24,False,Saturday
6871,8,3250.586768,1058.413232,2014-05-24 03:30:00,4309.0,12.1,2014-05-24,False,Saturday
6872,9,3236.283296,1057.716704,2014-05-24 04:00:00,4294.0,11.9,2014-05-24,False,Saturday
6873,10,3244.539094,1062.460906,2014-05-24 04:30:00,4307.0,12.2,2014-05-24,False,Saturday
6874,11,3307.71846,1059.28154,2014-05-24 05:00:00,4367.0,12.2,2014-05-24,False,Saturday
6875,12,3412.649514,1036.350486,2014-05-24 05:30:00,4449.0,12.3,2014-05-24,False,Saturday
6876,13,3590.634984,1062.365016,2014-05-24 06:00:00,4653.0,11.7,2014-05-24,False,Saturday
6877,14,3774.370166,1047.629834,2014-05-24 06:30:00,4822.0,11.3,2014-05-24,False,Saturday
6878,15,3778.425958,1050.574042,2014-05-24 07:00:00,4829.0,11.5,2014-05-24,False,Saturday
6879,16,3953.792072,1056.207928,2014-05-24 07:30:00,5010.0,11.1,2014-05-24,False,Saturday
6880,17,4146.13441,1036.86559,2014-05-24 08:00:00,5183.0,11.3,2014-05-24,False,Saturday
6881,18,4249.1365,1049.8635,2014-05-24 08:30:00,5299.0,11.4,2014-05-24,False,Saturday
6882,19,4301.816002,1053.183998,2014-05-24 09:00:00,5355.0,12.2,2014-05-24,False,Saturday
6883,20,4273.773388,1033.226612,2014-05-24 09:30:00,5307.0,14.1,2014-05-24,False,Saturday
6884,21,4236.939504,1057.060496,2014-05-24 10:00:00,5294.0,14.2,2014-05-24,False,Saturday
6885,22,4193.918254,1056.081746,2014-05-24 10:30:00,5250.0,15.5,2014-05-24,False,Saturday
6886,23,4160.194904,1061.805096,2014-05-24 11:00:00,5222.0,16.3,2014-05-24,False,Saturday
6887,24,4127.848866,1066.151134,2014-05-24 11:30:00,5194.0,15.4,2014-05-24,False,Saturday
6888,25,4083.603214,1049.396786,2014-05-24 12:00:00,5133.0,15.5,2014-05-24,False,Saturday
6889,26,4042.78496,1056.21504,2014-05-24 12:30:00,5099.0,16.6,2014-05-24,False,Saturday
6890,27,4033.243278,1057.756722,2014-05-24 13:00:00,5091.0,16.3,2014-05-24,False,Saturday
6891,28,4033.345794,1050.654206,2014-05-24 13:30:00,5084.0,16.8,2014-05-24,False,Saturday
6892,29,4025.63634,1055.36366,2014-05-24 14:00:00,5081.0,17.1,2014-05-24,False,Saturday
6893,30,4018.28397,1068.71603,2014-05-24 14:30:00,5087.0,16.9,2014-05-24,False,Saturday
6894,31,4057.009858,1048.990142,2014-05-24 15:00:00,5106.0,16.6,2014-05-24,False,Saturday
6895,32,4119.191602,1052.808398,2014-05-24 15:30:00,5172.0,16.0,2014-05-24,False,Saturday
6896,33,4224.82887,1060.17113,2014-05-24 16:00:00,5285.0,16.1,2014-05-24,False,Saturday
6897,34,4378.950818,1012.049182,2014-05-24 16:30:00,5391.0,15.6,2014-05-24,False,Saturday
6898,35,4664.042,1033.958,2014-05-24 17:00:00,5698.0,15.6,2014-05-24,False,Saturday
6899,36,4980.372556,1053.627444,2014-05-24 17:30:00,6034.0,15.4,2014-05-24,False,Saturday
6900,37,5013.328022,1045.671978,2014-05-24 18:00:00,6059.0,15.3,2014-05-24,False,Saturday
6901,38,4880.214128,1059.785872,2014-05-24 18:30:00,5940.0,15.3,2014-05-24,False,Saturday
6902,39,4749.093336,1047.906664,2014-05-24 19:00:00,5797.0,15.4,2014-05-24,False,Saturday
6903,40,4643.02215,1059.97785,2014-05-24 19:30:00,5703.0,14.9,2014-05-24,False,Saturday
6904,41,4515.117708,1062.882292,2014-05-24 20:00:00,5578.0,15.0,2014-05-24,False,Saturday
6905,42,4408.328212,1054.671788,2014-05-24 20:30:00,5463.0,15.0,2014-05-24,False,Saturday
6906,43,4297.995844,1063.004156,2014-05-24 21:00:00,5361.0,14.8,2014-05-24,False,Saturday
6907,44,4163.363598,1053.636402,2014-05-24 21:30:00,5217.0,14.4,2014-05-24,False,Saturday
6908,45,4124.231422,1058.768578,2014-05-24 22:00:00,5183.0,14.4,2014-05-24,False,Saturday
6909,46,4107.056526,1056.943474,2014-05-24 22:30:00,5164.0,14.1,2014-05-24,False,Saturday
6910,47,4389.445648,1054.554352,2014-05-24 23:00:00,5444.0,13.7,2014-05-24,False,Saturday
6911,48,4454.209364,1026.790636,2014-05-24 23:30:00,5481.0,13.7,2014-05-24,False,Saturday
6912,1,4242.733026,1012.266974,2014-05-25 00:00:00,5255.0,13.5,2014-05-25,False,Sunday
6913,2,4019.288984,890.711016,2014-05-25 00:30:00,4910.0,13.3,2014-05-25,False,Sunday
6914,3,3822.539656,1002.460344,2014-05-25 01:00:00,4825.0,13.2,2014-05-25,False,Sunday
6915,4,3600.627344,1001.372656,2014-05-25 01:30:00,4602.0,13.5,2014-05-25,False,Sunday
6916,5,3433.698748,1007.301252,2014-05-25 02:00:00,4441.0,13.3,2014-05-25,False,Sunday
6917,6,3293.141732,1063.858268,2014-05-25 02:30:00,4357.0,13.3,2014-05-25,False,Sunday
6918,7,3219.273102,1064.726898,2014-05-25 03:00:00,4284.0,13.8,2014-05-25,False,Sunday
6919,8,3154.806186,1053.193814,2014-05-25 03:30:00,4208.0,13.9,2014-05-25,False,Sunday
6920,9,3125.551986,1051.448014,2014-05-25 04:00:00,4177.0,13.7,2014-05-25,False,Sunday
6921,10,3118.134128,1063.865872,2014-05-25 04:30:00,4182.0,14.0,2014-05-25,False,Sunday
6922,11,3145.816302,1049.183698,2014-05-25 05:00:00,4195.0,13.9,2014-05-25,False,Sunday
6923,12,3178.23849,1050.76151,2014-05-25 05:30:00,4229.0,13.9,2014-05-25,False,Sunday
6924,13,3281.946286,1060.053714,2014-05-25 06:00:00,4342.0,13.9,2014-05-25,False,Sunday
6925,14,3411.16824,1046.83176,2014-05-25 06:30:00,4458.0,14.0,2014-05-25,False,Sunday
6926,15,3429.853216,1045.146784,2014-05-25 07:00:00,4475.0,14.1,2014-05-25,False,Sunday
6927,16,3577.674668,1047.325332,2014-05-25 07:30:00,4625.0,14.7,2014-05-25,False,Sunday
6928,17,3786.267186,1025.732814,2014-05-25 08:00:00,4812.0,14.3,2014-05-25,False,Sunday
6929,18,3939.199736,1056.800264,2014-05-25 08:30:00,4996.0,14.4,2014-05-25,False,Sunday
6930,19,3940.224402,1032.775598,2014-05-25 09:00:00,4973.0,15.1,2014-05-25,False,Sunday
6931,20,3937.992306,1049.007694,2014-05-25 09:30:00,4987.0,15.7,2014-05-25,False,Sunday
6932,21,3947.849526,1038.150474,2014-05-25 10:00:00,4986.0,16.4,2014-05-25,False,Sunday
6933,22,3924.871122,1031.128878,2014-05-25 10:30:00,4956.0,17.3,2014-05-25,False,Sunday
6934,23,3903.355288,1021.644712,2014-05-25 11:00:00,4925.0,18.2,2014-05-25,False,Sunday
6935,24,3879.318366,1044.681634,2014-05-25 11:30:00,4924.0,18.8,2014-05-25,False,Sunday
6936,25,3903.105874,1028.894126,2014-05-25 12:00:00,4932.0,19.5,2014-05-25,False,Sunday
6937,26,3934.704102,1044.295898,2014-05-25 12:30:00,4979.0,20.2,2014-05-25,False,Sunday
6938,27,3983.389444,1052.610556,2014-05-25 13:00:00,5036.0,19.7,2014-05-25,False,Sunday
6939,28,3997.040122,1048.959878,2014-05-25 13:30:00,5046.0,20.2,2014-05-25,False,Sunday
6940,29,3992.670574,1056.329426,2014-05-25 14:00:00,5049.0,19.3,2014-05-25,False,Sunday
6941,30,3985.421432,1045.578568,2014-05-25 14:30:00,5031.0,19.2,2014-05-25,False,Sunday
6942,31,4002.797214,1058.202786,2014-05-25 15:00:00,5061.0,19.2,2014-05-25,False,Sunday
6943,32,4086.11848,1064.88152,2014-05-25 15:30:00,5151.0,19.3,2014-05-25,False,Sunday
6944,33,4217.081644,1040.918356,2014-05-25 16:00:00,5258.0,19.1,2014-05-25,False,Sunday
6945,34,4447.444522,1053.555478,2014-05-25 16:30:00,5501.0,19.0,2014-05-25,False,Sunday
6946,35,4723.323306,1052.676694,2014-05-25 17:00:00,5776.0,18.7,2014-05-25,False,Sunday
6947,36,5008.614892,1054.385108,2014-05-25 17:30:00,6063.0,18.5,2014-05-25,False,Sunday
6948,37,5055.274744,1065.725256,2014-05-25 18:00:00,6121.0,18.0,2014-05-25,False,Sunday
6949,38,4949.884656,1043.115344,2014-05-25 18:30:00,5993.0,17.5,2014-05-25,False,Sunday
6950,39,4794.888912,1043.111088,2014-05-25 19:00:00,5838.0,17.7,2014-05-25,False,Sunday
6951,40,4699.557932,1053.442068,2014-05-25 19:30:00,5753.0,17.2,2014-05-25,False,Sunday
6952,41,4587.425038,1036.574962,2014-05-25 20:00:00,5624.0,17.2,2014-05-25,False,Sunday
6953,42,4475.861422,1055.138578,2014-05-25 20:30:00,5531.0,16.8,2014-05-25,False,Sunday
6954,43,4311.9187,1053.0813,2014-05-25 21:00:00,5365.0,16.1,2014-05-25,False,Sunday
6955,44,4128.481948,1072.518052,2014-05-25 21:30:00,5201.0,15.7,2014-05-25,False,Sunday
6956,45,4031.796904,1051.203096,2014-05-25 22:00:00,5083.0,15.6,2014-05-25,False,Sunday
6957,46,4016.996654,1066.003346,2014-05-25 22:30:00,5083.0,15.6,2014-05-25,False,Sunday
6958,47,4284.762266,1078.237734,2014-05-25 23:00:00,5363.0,15.4,2014-05-25,False,Sunday
6959,48,4378.988702,1070.011298,2014-05-25 23:30:00,5449.0,15.3,2014-05-25,False,Sunday
6960,1,4146.361784,1076.638216,2014-05-26 00:00:00,5223.0,14.7,2014-05-26,False,Monday
6961,2,3950.213328,1068.786672,2014-05-26 00:30:00,5019.0,14.1,2014-05-26,False,Monday
6962,3,3772.259936,1072.740064,2014-05-26 01:00:00,4845.0,13.5,2014-05-26,False,Monday
6963,4,3611.203378,1082.796622,2014-05-26 01:30:00,4694.0,13.3,2014-05-26,False,Monday
6964,5,3443.370142,1066.629858,2014-05-26 02:00:00,4510.0,14.2,2014-05-26,False,Monday
6965,6,3345.148484,1065.851516,2014-05-26 02:30:00,4411.0,13.8,2014-05-26,False,Monday
6966,7,3282.55255,1064.44745,2014-05-26 03:00:00,4347.0,14.1,2014-05-26,False,Monday
6967,8,3262.015308,1072.984692,2014-05-26 03:30:00,4335.0,13.8,2014-05-26,False,Monday
6968,9,3290.046438,1081.953562,2014-05-26 04:00:00,4372.0,14.3,2014-05-26,False,Monday
6969,10,3348.107564,1050.892436,2014-05-26 04:30:00,4399.0,13.8,2014-05-26,False,Monday
6970,11,3530.611738,1071.388262,2014-05-26 05:00:00,4602.0,14.0,2014-05-26,False,Monday
6971,12,3755.56699,1075.43301,2014-05-26 05:30:00,4831.0,13.6,2014-05-26,False,Monday
6972,13,4155.851938,1062.148062,2014-05-26 06:00:00,5218.0,12.9,2014-05-26,False,Monday
6973,14,4593.304304,1067.695696,2014-05-26 06:30:00,5661.0,12.6,2014-05-26,False,Monday
6974,15,4928.779292,1082.220708,2014-05-26 07:00:00,6011.0,12.4,2014-05-26,False,Monday
6975,16,5212.599696,1074.400304,2014-05-26 07:30:00,6287.0,13.6,2014-05-26,False,Monday
6976,17,5282.602782,1075.397218,2014-05-26 08:00:00,6358.0,14.4,2014-05-26,False,Monday
6977,18,5259.42566,1054.57434,2014-05-26 08:30:00,6314.0,15.0,2014-05-26,False,Monday
6978,19,5292.012644,1087.987356,2014-05-26 09:00:00,6380.0,15.8,2014-05-26,False,Monday
6979,20,5251.03262,1046.96738,2014-05-26 09:30:00,6298.0,16.4,2014-05-26,False,Monday
6980,21,5192.384484,1088.615516,2014-05-26 10:00:00,6281.0,17.3,2014-05-26,False,Monday
6981,22,5180.258518,1065.741482,2014-05-26 10:30:00,6246.0,17.9,2014-05-26,False,Monday
6982,23,5186.19467,1083.80533,2014-05-26 11:00:00,6270.0,18.6,2014-05-26,False,Monday
6983,24,5188.138612,1080.861388,2014-05-26 11:30:00,6269.0,19.3,2014-05-26,False,Monday
6984,25,5209.690638,1072.309362,2014-05-26 12:00:00,6282.0,19.5,2014-05-26,False,Monday
6985,26,5195.71938,1034.28062,2014-05-26 12:30:00,6230.0,19.8,2014-05-26,False,Monday
6986,27,5220.242846,1050.757154,2014-05-26 13:00:00,6271.0,20.2,2014-05-26,False,Monday
6987,28,5229.439956,1052.560044,2014-05-26 13:30:00,6282.0,20.4,2014-05-26,False,Monday
6988,29,5204.447264,1077.552736,2014-05-26 14:00:00,6282.0,20.6,2014-05-26,False,Monday
6989,30,5177.467176,1053.532824,2014-05-26 14:30:00,6231.0,20.4,2014-05-26,False,Monday
6990,31,5138.305328,1082.694672,2014-05-26 15:00:00,6221.0,20.3,2014-05-26,False,Monday
6991,32,5168.846884,1053.153116,2014-05-26 15:30:00,6222.0,20.4,2014-05-26,False,Monday
6992,33,5231.03871,1083.96129,2014-05-26 16:00:00,6315.0,20.5,2014-05-26,False,Monday
6993,34,5339.258806,1079.741194,2014-05-26 16:30:00,6419.0,20.5,2014-05-26,False,Monday
6994,35,5594.022902,1067.977098,2014-05-26 17:00:00,6662.0,20.1,2014-05-26,False,Monday
6995,36,5808.07609,1070.92391,2014-05-26 17:30:00,6879.0,19.8,2014-05-26,False,Monday
6996,37,5731.09196,1063.90804,2014-05-26 18:00:00,6795.0,19.6,2014-05-26,False,Monday
6997,38,5580.51463,1056.48537,2014-05-26 18:30:00,6637.0,19.5,2014-05-26,False,Monday
6998,39,5391.991986,1069.008014,2014-05-26 19:00:00,6461.0,19.1,2014-05-26,False,Monday
6999,40,5250.005272,1067.994728,2014-05-26 19:30:00,6318.0,18.9,2014-05-26,False,Monday
7000,41,5055.787288,1083.212712,2014-05-26 20:00:00,6139.0,18.9,2014-05-26,False,Monday
7001,42,4925.656422,1088.343578,2014-05-26 20:30:00,6014.0,19.5,2014-05-26,False,Monday
7002,43,4740.173808,1099.826192,2014-05-26 21:00:00,5840.0,19.5,2014-05-26,False,Monday
7003,44,4549.181574,1081.818426,2014-05-26 21:30:00,5631.0,19.5,2014-05-26,False,Monday
7004,45,4390.167096,1072.832904,2014-05-26 22:00:00,5463.0,20.4,2014-05-26,False,Monday
7005,46,4303.768002,1096.231998,2014-05-26 22:30:00,5400.0,20.6,2014-05-26,False,Monday
7006,47,4566.956094,1078.043906,2014-05-26 23:00:00,5645.0,20.8,2014-05-26,False,Monday
7007,48,4589.096754,1099.903246,2014-05-26 23:30:00,5689.0,20.4,2014-05-26,False,Monday
7008,1,4318.21878,1091.78122,2014-05-27 00:00:00,5410.0,20.2,2014-05-27,False,Tuesday
7009,2,4083.946774,1085.053226,2014-05-27 00:30:00,5169.0,20.3,2014-05-27,False,Tuesday
7010,3,3870.744252,1046.255748,2014-05-27 01:00:00,4917.0,20.4,2014-05-27,False,Tuesday
7011,4,3687.31307,1087.68693,2014-05-27 01:30:00,4775.0,20.6,2014-05-27,False,Tuesday
7012,5,3531.805484,1094.194516,2014-05-27 02:00:00,4626.0,20.7,2014-05-27,False,Tuesday
7013,6,3428.97375,1099.02625,2014-05-27 02:30:00,4528.0,21.0,2014-05-27,False,Tuesday
7014,7,3350.05038,1080.94962,2014-05-27 03:00:00,4431.0,20.8,2014-05-27,False,Tuesday
7015,8,3324.981956,1080.018044,2014-05-27 03:30:00,4405.0,20.4,2014-05-27,False,Tuesday
7016,9,3334.014384,1092.985616,2014-05-27 04:00:00,4427.0,20.9,2014-05-27,False,Tuesday
7017,10,3374.415666,1075.584334,2014-05-27 04:30:00,4450.0,21.7,2014-05-27,False,Tuesday
7018,11,3524.59172,1088.40828,2014-05-27 05:00:00,4613.0,20.5,2014-05-27,False,Tuesday
7019,12,3682.387568,1092.612432,2014-05-27 05:30:00,4775.0,19.8,2014-05-27,False,Tuesday
7020,13,4033.249176,1090.750824,2014-05-27 06:00:00,5124.0,19.4,2014-05-27,False,Tuesday
7021,14,4427.490524,1099.509476,2014-05-27 06:30:00,5527.0,18.4,2014-05-27,False,Tuesday
7022,15,4752.991666,1103.008334,2014-05-27 07:00:00,5856.0,17.5,2014-05-27,False,Tuesday
7023,16,5065.016436,1081.983564,2014-05-27 07:30:00,6147.0,17.6,2014-05-27,False,Tuesday
7024,17,5225.402716,1097.597284,2014-05-27 08:00:00,6323.0,17.6,2014-05-27,False,Tuesday
7025,18,5250.580218,1091.419782,2014-05-27 08:30:00,6342.0,17.4,2014-05-27,False,Tuesday
7026,19,5291.352142,1091.647858,2014-05-27 09:00:00,6383.0,17.5,2014-05-27,False,Tuesday
7027,20,5283.410022,1107.589978,2014-05-27 09:30:00,6391.0,17.6,2014-05-27,False,Tuesday
7028,21,5285.10915,1080.89085,2014-05-27 10:00:00,6366.0,17.9,2014-05-27,False,Tuesday
7029,22,5285.272344,1117.727656,2014-05-27 10:30:00,6403.0,18.2,2014-05-27,False,Tuesday
7030,23,5274.271606,1088.728394,2014-05-27 11:00:00,6363.0,18.1,2014-05-27,False,Tuesday
7031,24,5286.707062,1095.292938,2014-05-27 11:30:00,6382.0,17.6,2014-05-27,False,Tuesday
7032,25,5288.317008,1099.682992,2014-05-27 12:00:00,6388.0,17.7,2014-05-27,False,Tuesday
7033,26,5313.91836,1088.08164,2014-05-27 12:30:00,6402.0,17.5,2014-05-27,False,Tuesday
7034,27,5325.447274,1099.552726,2014-05-27 13:00:00,6425.0,17.4,2014-05-27,False,Tuesday
7035,28,5279.446756,1078.553244,2014-05-27 13:30:00,6358.0,17.6,2014-05-27,False,Tuesday
7036,29,5205.366342,1100.633658,2014-05-27 14:00:00,6306.0,18.4,2014-05-27,False,Tuesday
7037,30,5161.392894,1105.607106,2014-05-27 14:30:00,6267.0,18.9,2014-05-27,False,Tuesday
7038,31,5093.6939,1084.3061,2014-05-27 15:00:00,6178.0,19.7,2014-05-27,False,Tuesday
7039,32,5092.432204,1104.567796,2014-05-27 15:30:00,6197.0,19.8,2014-05-27,False,Tuesday
7040,33,5155.992568,1071.007432,2014-05-27 16:00:00,6227.0,19.5,2014-05-27,False,Tuesday
7041,34,5269.49288,1080.50712,2014-05-27 16:30:00,6350.0,19.7,2014-05-27,False,Tuesday
7042,35,5468.775868,1069.224132,2014-05-27 17:00:00,6538.0,18.9,2014-05-27,False,Tuesday
7043,36,5737.503058,1084.496942,2014-05-27 17:30:00,6822.0,18.4,2014-05-27,False,Tuesday
7044,37,5695.231332,1081.768668,2014-05-27 18:00:00,6777.0,18.3,2014-05-27,False,Tuesday
7045,38,5598.93764,1078.06236,2014-05-27 18:30:00,6677.0,17.7,2014-05-27,False,Tuesday
7046,39,5433.112278,1046.887722,2014-05-27 19:00:00,6480.0,16.0,2014-05-27,False,Tuesday
7047,40,5281.808238,1080.191762,2014-05-27 19:30:00,6362.0,15.8,2014-05-27,False,Tuesday
7048,41,5133.973062,1057.026938,2014-05-27 20:00:00,6191.0,16.5,2014-05-27,False,Tuesday
7049,42,5000.333478,1097.666522,2014-05-27 20:30:00,6098.0,16.0,2014-05-27,False,Tuesday
7050,43,4822.468458,1107.531542,2014-05-27 21:00:00,5930.0,15.2,2014-05-27,False,Tuesday
7051,44,4620.24142,1092.75858,2014-05-27 21:30:00,5713.0,15.1,2014-05-27,False,Tuesday
7052,45,4453.488554,1100.511446,2014-05-27 22:00:00,5554.0,15.0,2014-05-27,False,Tuesday
7053,46,4330.838618,1089.161382,2014-05-27 22:30:00,5420.0,14.9,2014-05-27,False,Tuesday
7054,47,4582.12765,1102.87235,2014-05-27 23:00:00,5685.0,14.9,2014-05-27,False,Tuesday
7055,48,4600.823898,1107.176102,2014-05-27 23:30:00,5708.0,14.8,2014-05-27,False,Tuesday
7056,1,4357.189484,1099.810516,2014-05-28 00:00:00,5457.0,14.8,2014-05-28,False,Wednesday
7057,2,4140.220064,1109.779936,2014-05-28 00:30:00,5250.0,14.8,2014-05-28,False,Wednesday
7058,3,3933.788662,1083.211338,2014-05-28 01:00:00,5017.0,14.6,2014-05-28,False,Wednesday
7059,4,3735.7633,1097.2367,2014-05-28 01:30:00,4833.0,14.2,2014-05-28,False,Wednesday
7060,5,3585.060986,1099.939014,2014-05-28 02:00:00,4685.0,13.7,2014-05-28,False,Wednesday
7061,6,3474.400566,1056.599434,2014-05-28 02:30:00,4531.0,13.4,2014-05-28,False,Wednesday
7062,7,3401.987446,1095.012554,2014-05-28 03:00:00,4497.0,13.3,2014-05-28,False,Wednesday
7063,8,3353.777628,1047.222372,2014-05-28 03:30:00,4401.0,13.5,2014-05-28,False,Wednesday
7064,9,3352.918622,1038.081378,2014-05-28 04:00:00,4391.0,13.3,2014-05-28,False,Wednesday
7065,10,3410.632582,1028.367418,2014-05-28 04:30:00,4439.0,13.0,2014-05-28,False,Wednesday
7066,11,3576.932852,1024.067148,2014-05-28 05:00:00,4601.0,13.3,2014-05-28,False,Wednesday
7067,12,3823.462804,1017.537196,2014-05-28 05:30:00,4841.0,13.2,2014-05-28,False,Wednesday
7068,13,4208.992438,1035.007562,2014-05-28 06:00:00,5244.0,13.2,2014-05-28,False,Wednesday
7069,14,4632.41318,1033.58682,2014-05-28 06:30:00,5666.0,13.3,2014-05-28,False,Wednesday
7070,15,4954.264984,1031.735016,2014-05-28 07:00:00,5986.0,13.5,2014-05-28,False,Wednesday
7071,16,5262.321826,1027.678174,2014-05-28 07:30:00,6290.0,13.5,2014-05-28,False,Wednesday
7072,17,5348.615552,1035.384448,2014-05-28 08:00:00,6384.0,13.6,2014-05-28,False,Wednesday
7073,18,5321.8529,1037.1471,2014-05-28 08:30:00,6359.0,14.0,2014-05-28,False,Wednesday
7074,19,5352.595346,1037.404654,2014-05-28 09:00:00,6390.0,14.4,2014-05-28,False,Wednesday
7075,20,5329.728388,1032.271612,2014-05-28 09:30:00,6362.0,14.6,2014-05-28,False,Wednesday
7076,21,5243.294028,1028.705972,2014-05-28 10:00:00,6272.0,15.0,2014-05-28,False,Wednesday
7077,22,5200.558974,1030.441026,2014-05-28 10:30:00,6231.0,16.2,2014-05-28,False,Wednesday
7078,23,5144.859954,1035.140046,2014-05-28 11:00:00,6180.0,16.5,2014-05-28,False,Wednesday
7079,24,5158.017518,1030.982482,2014-05-28 11:30:00,6189.0,17.1,2014-05-28,False,Wednesday
7080,25,5154.309078,1029.690922,2014-05-28 12:00:00,6184.0,18.0,2014-05-28,False,Wednesday
7081,26,5166.79039,1031.20961,2014-05-28 12:30:00,6198.0,18.0,2014-05-28,False,Wednesday
7082,27,5190.810122,1021.189878,2014-05-28 13:00:00,6212.0,17.2,2014-05-28,False,Wednesday
7083,28,5193.715468,1024.284532,2014-05-28 13:30:00,6218.0,17.4,2014-05-28,False,Wednesday
7084,29,5168.089882,1026.910118,2014-05-28 14:00:00,6195.0,17.1,2014-05-28,False,Wednesday
7085,30,5122.887452,1029.112548,2014-05-28 14:30:00,6152.0,17.7,2014-05-28,False,Wednesday
7086,31,5129.959952,1035.040048,2014-05-28 15:00:00,6165.0,18.0,2014-05-28,False,Wednesday
7087,32,5156.303266,1041.696734,2014-05-28 15:30:00,6198.0,17.9,2014-05-28,False,Wednesday
7088,33,5266.96339,1032.03661,2014-05-28 16:00:00,6299.0,17.0,2014-05-28,False,Wednesday
7089,34,5409.031746,1035.968254,2014-05-28 16:30:00,6445.0,15.6,2014-05-28,False,Wednesday
7090,35,5646.169494,1030.830506,2014-05-28 17:00:00,6677.0,15.9,2014-05-28,False,Wednesday
7091,36,5896.356382,1027.643618,2014-05-28 17:30:00,6924.0,16.1,2014-05-28,False,Wednesday
7092,37,5862.419884,1029.580116,2014-05-28 18:00:00,6892.0,15.8,2014-05-28,False,Wednesday
7093,38,5748.027968,1028.972032,2014-05-28 18:30:00,6777.0,15.5,2014-05-28,False,Wednesday
7094,39,5576.537304,1026.462696,2014-05-28 19:00:00,6603.0,14.0,2014-05-28,False,Wednesday
7095,40,5443.74751,1017.25249,2014-05-28 19:30:00,6461.0,14.0,2014-05-28,False,Wednesday
7096,41,5299.221242,1021.778758,2014-05-28 20:00:00,6321.0,13.9,2014-05-28,False,Wednesday
7097,42,5142.334964,1024.665036,2014-05-28 20:30:00,6167.0,13.8,2014-05-28,False,Wednesday
7098,43,4971.680792,1029.319208,2014-05-28 21:00:00,6001.0,13.6,2014-05-28,False,Wednesday
7099,44,4779.341694,1037.658306,2014-05-28 21:30:00,5817.0,13.1,2014-05-28,False,Wednesday
7100,45,4629.64658,1037.35342,2014-05-28 22:00:00,5667.0,13.2,2014-05-28,False,Wednesday
7101,46,4522.783856,1038.216144,2014-05-28 22:30:00,5561.0,12.7,2014-05-28,False,Wednesday
7102,47,4756.747142,1039.252858,2014-05-28 23:00:00,5796.0,12.5,2014-05-28,False,Wednesday
7103,48,4755.155784,1043.844216,2014-05-28 23:30:00,5799.0,12.8,2014-05-28,False,Wednesday
7104,1,4507.04448,1043.95552,2014-05-29 00:00:00,5551.0,12.2,2014-05-29,False,Thursday
7105,2,4287.628304,1040.371696,2014-05-29 00:30:00,5328.0,11.5,2014-05-29,False,Thursday
7106,3,4080.447376,1046.552624,2014-05-29 01:00:00,5127.0,12.2,2014-05-29,False,Thursday
7107,4,3870.40459,1045.59541,2014-05-29 01:30:00,4916.0,11.6,2014-05-29,False,Thursday
7108,5,3675.921472,1041.078528,2014-05-29 02:00:00,4717.0,11.4,2014-05-29,False,Thursday
7109,6,3553.55429,1031.44571,2014-05-29 02:30:00,4585.0,11.3,2014-05-29,False,Thursday
7110,7,3477.994338,1020.005662,2014-05-29 03:00:00,4498.0,11.2,2014-05-29,False,Thursday
7111,8,3446.566876,1023.433124,2014-05-29 03:30:00,4470.0,10.7,2014-05-29,False,Thursday
7112,9,3455.79055,1025.20945,2014-05-29 04:00:00,4481.0,10.4,2014-05-29,False,Thursday
7113,10,3503.700378,1023.299622,2014-05-29 04:30:00,4527.0,10.1,2014-05-29,False,Thursday
7114,11,3687.317934,1022.682066,2014-05-29 05:00:00,4710.0,10.6,2014-05-29,False,Thursday
7115,12,3926.040782,1025.959218,2014-05-29 05:30:00,4952.0,10.8,2014-05-29,False,Thursday
7116,13,4363.295644,1023.704356,2014-05-29 06:00:00,5387.0,11.2,2014-05-29,False,Thursday
7117,14,4820.02203,1028.97797,2014-05-29 06:30:00,5849.0,11.6,2014-05-29,False,Thursday
7118,15,5120.418634,1035.581366,2014-05-29 07:00:00,6156.0,11.6,2014-05-29,False,Thursday
7119,16,5439.322994,1027.677006,2014-05-29 07:30:00,6467.0,11.6,2014-05-29,False,Thursday
7120,17,5536.12977,1020.87023,2014-05-29 08:00:00,6557.0,11.6,2014-05-29,False,Thursday
7121,18,5512.748868,1021.251132,2014-05-29 08:30:00,6534.0,11.6,2014-05-29,False,Thursday
7122,19,5529.484126,1020.515874,2014-05-29 09:00:00,6550.0,12.0,2014-05-29,False,Thursday
7123,20,5475.08654,1015.91346,2014-05-29 09:30:00,6491.0,12.4,2014-05-29,False,Thursday
7124,21,5407.326646,1026.673354,2014-05-29 10:00:00,6434.0,12.8,2014-05-29,False,Thursday
7125,22,5345.098518,1026.901482,2014-05-29 10:30:00,6372.0,13.4,2014-05-29,False,Thursday
7126,23,5292.25989,1023.74011,2014-05-29 11:00:00,6316.0,14.1,2014-05-29,False,Thursday
7127,24,5253.272628,1026.727372,2014-05-29 11:30:00,6280.0,14.5,2014-05-29,False,Thursday
7128,25,5202.822252,1026.177748,2014-05-29 12:00:00,6229.0,14.7,2014-05-29,False,Thursday
7129,26,5156.686216,1025.313784,2014-05-29 12:30:00,6182.0,15.3,2014-05-29,False,Thursday
7130,27,5177.325226,1019.674774,2014-05-29 13:00:00,6197.0,15.5,2014-05-29,False,Thursday
7131,28,5169.042558,1018.957442,2014-05-29 13:30:00,6188.0,15.5,2014-05-29,False,Thursday
7132,29,5150.066964,1023.933036,2014-05-29 14:00:00,6174.0,15.3,2014-05-29,False,Thursday
7133,30,5104.515742,1031.484258,2014-05-29 14:30:00,6136.0,15.8,2014-05-29,False,Thursday
7134,31,5105.018912,1029.981088,2014-05-29 15:00:00,6135.0,15.5,2014-05-29,False,Thursday
7135,32,5141.10227,1027.89773,2014-05-29 15:30:00,6169.0,15.5,2014-05-29,False,Thursday
7136,33,5196.622618,1017.377382,2014-05-29 16:00:00,6214.0,15.5,2014-05-29,False,Thursday
7137,34,5331.656826,1018.343174,2014-05-29 16:30:00,6350.0,15.6,2014-05-29,False,Thursday
7138,35,5613.390372,1018.609628,2014-05-29 17:00:00,6632.0,15.3,2014-05-29,False,Thursday
7139,36,5933.572002,1022.427998,2014-05-29 17:30:00,6956.0,15.2,2014-05-29,False,Thursday
7140,37,5958.946168,1027.053832,2014-05-29 18:00:00,6986.0,15.2,2014-05-29,False,Thursday
7141,38,5856.69189,885.30811,2014-05-29 18:30:00,6742.0,15.1,2014-05-29,False,Thursday
7142,39,5704.253118,732.746882,2014-05-29 19:00:00,6437.0,14.7,2014-05-29,False,Thursday
7143,40,5609.370518,1005.629482,2014-05-29 19:30:00,6615.0,14.0,2014-05-29,False,Thursday
7144,41,5475.788004,1027.211996,2014-05-29 20:00:00,6503.0,13.6,2014-05-29,False,Thursday
7145,42,5310.575308,1031.424692,2014-05-29 20:30:00,6342.0,13.2,2014-05-29,False,Thursday
7146,43,5097.902606,1027.097394,2014-05-29 21:00:00,6125.0,12.9,2014-05-29,False,Thursday
7147,44,4898.98769,1029.01231,2014-05-29 21:30:00,5928.0,12.7,2014-05-29,False,Thursday
7148,45,4707.16378,1018.83622,2014-05-29 22:00:00,5726.0,12.7,2014-05-29,False,Thursday
7149,46,4575.397096,1019.602904,2014-05-29 22:30:00,5595.0,11.7,2014-05-29,False,Thursday
7150,47,4796.821278,1026.178722,2014-05-29 23:00:00,5823.0,10.9,2014-05-29,False,Thursday
7151,48,4819.816582,1028.183418,2014-05-29 23:30:00,5848.0,10.4,2014-05-29,False,Thursday
7152,1,4561.023642,1029.976358,2014-05-30 00:00:00,5591.0,9.8,2014-05-30,False,Friday
7153,2,4337.445984,1025.554016,2014-05-30 00:30:00,5363.0,8.9,2014-05-30,False,Friday
7154,3,4152.385334,1031.614666,2014-05-30 01:00:00,5184.0,9.2,2014-05-30,False,Friday
7155,4,3970.305206,1027.694794,2014-05-30 01:30:00,4998.0,8.4,2014-05-30,False,Friday
7156,5,3765.828968,1026.171032,2014-05-30 02:00:00,4792.0,8.5,2014-05-30,False,Friday
7157,6,3629.767314,1017.232686,2014-05-30 02:30:00,4647.0,8.8,2014-05-30,False,Friday
7158,7,3576.621272,1019.378728,2014-05-30 03:00:00,4596.0,8.9,2014-05-30,False,Friday
7159,8,3553.87582,1017.12418,2014-05-30 03:30:00,4571.0,8.2,2014-05-30,False,Friday
7160,9,3576.487452,1017.512548,2014-05-30 04:00:00,4594.0,8.2,2014-05-30,False,Friday
7161,10,3640.016298,1017.983702,2014-05-30 04:30:00,4658.0,7.7,2014-05-30,False,Friday
7162,11,3785.967736,1018.032264,2014-05-30 05:00:00,4804.0,7.1,2014-05-30,False,Friday
7163,12,4037.275236,1022.724764,2014-05-30 05:30:00,5060.0,6.8,2014-05-30,False,Friday
7164,13,4487.721504,1027.278496,2014-05-30 06:00:00,5515.0,6.8,2014-05-30,False,Friday
7165,14,4990.692646,1025.307354,2014-05-30 06:30:00,6016.0,6.6,2014-05-30,False,Friday
7166,15,5303.595744,1035.404256,2014-05-30 07:00:00,6339.0,6.6,2014-05-30,False,Friday
7167,16,5624.641006,1033.358994,2014-05-30 07:30:00,6658.0,6.8,2014-05-30,False,Friday
7168,17,5731.486506,1031.513494,2014-05-30 08:00:00,6763.0,6.6,2014-05-30,False,Friday
7169,18,5662.624296,1067.375704,2014-05-30 08:30:00,6730.0,6.4,2014-05-30,False,Friday
7170,19,5592.222892,1039.777108,2014-05-30 09:00:00,6632.0,7.1,2014-05-30,False,Friday
7171,20,5462.652526,1053.347474,2014-05-30 09:30:00,6516.0,8.4,2014-05-30,False,Friday
7172,21,5321.439242,1083.560758,2014-05-30 10:00:00,6405.0,9.9,2014-05-30,False,Friday
7173,22,5190.71363,1078.28637,2014-05-30 10:30:00,6269.0,12.2,2014-05-30,False,Friday
7174,23,5101.9075,1078.0925,2014-05-30 11:00:00,6180.0,14.3,2014-05-30,False,Friday
7175,24,5037.044808,1098.955192,2014-05-30 11:30:00,6136.0,14.3,2014-05-30,False,Friday
7176,25,4974.50595,1076.49405,2014-05-30 12:00:00,6051.0,15.4,2014-05-30,False,Friday
7177,26,4916.916694,1077.083306,2014-05-30 12:30:00,5994.0,15.8,2014-05-30,False,Friday
7178,27,4908.975168,1057.024832,2014-05-30 13:00:00,5966.0,16.5,2014-05-30,False,Friday
7179,28,4901.289562,1077.710438,2014-05-30 13:30:00,5979.0,16.9,2014-05-30,False,Friday
7180,29,4880.85677,1074.14323,2014-05-30 14:00:00,5955.0,17.4,2014-05-30,False,Friday
7181,30,4868.27221,1090.72779,2014-05-30 14:30:00,5959.0,17.7,2014-05-30,False,Friday
7182,31,4858.585546,1090.414454,2014-05-30 15:00:00,5949.0,16.5,2014-05-30,False,Friday
7183,32,4897.069088,1079.930912,2014-05-30 15:30:00,5977.0,16.4,2014-05-30,False,Friday
7184,33,5003.823212,1095.176788,2014-05-30 16:00:00,6099.0,16.3,2014-05-30,False,Friday
7185,34,5169.96959,1070.03041,2014-05-30 16:30:00,6240.0,16.7,2014-05-30,False,Friday
7186,35,5455.392254,1085.607746,2014-05-30 17:00:00,6541.0,16.3,2014-05-30,False,Friday
7187,36,5774.108236,1088.891764,2014-05-30 17:30:00,6863.0,15.7,2014-05-30,False,Friday
7188,37,5764.665646,1073.334354,2014-05-30 18:00:00,6838.0,15.4,2014-05-30,False,Friday
7189,38,5664.028842,1085.971158,2014-05-30 18:30:00,6750.0,15.2,2014-05-30,False,Friday
7190,39,5529.799102,1083.200898,2014-05-30 19:00:00,6613.0,15.2,2014-05-30,False,Friday
7191,40,5411.48758,1097.51242,2014-05-30 19:30:00,6509.0,14.8,2014-05-30,False,Friday
7192,41,5285.392988,1086.607012,2014-05-30 20:00:00,6372.0,14.7,2014-05-30,False,Friday
7193,42,5151.836796,1092.163204,2014-05-30 20:30:00,6244.0,13.8,2014-05-30,False,Friday
7194,43,4959.42675,1088.57325,2014-05-30 21:00:00,6048.0,13.4,2014-05-30,False,Friday
7195,44,4760.901886,1093.098114,2014-05-30 21:30:00,5854.0,13.4,2014-05-30,False,Friday
7196,45,4605.54214,1099.45786,2014-05-30 22:00:00,5705.0,13.0,2014-05-30,False,Friday
7197,46,4505.224258,1074.775742,2014-05-30 22:30:00,5580.0,12.3,2014-05-30,False,Friday
7198,47,4750.785078,1100.214922,2014-05-30 23:00:00,5851.0,12.2,2014-05-30,False,Friday
7199,48,4755.956542,1060.043458,2014-05-30 23:30:00,5816.0,12.4,2014-05-30,False,Friday
7200,1,4504.321626,1090.678374,2014-05-31 00:00:00,5595.0,12.3,2014-05-31,False,Saturday
7201,2,4238.890972,1076.109028,2014-05-31 00:30:00,5315.0,12.2,2014-05-31,False,Saturday
7202,3,4024.478258,1095.521742,2014-05-31 01:00:00,5120.0,12.1,2014-05-31,False,Saturday
7203,4,3818.944482,1081.055518,2014-05-31 01:30:00,4900.0,11.9,2014-05-31,False,Saturday
7204,5,3602.80618,1090.19382,2014-05-31 02:00:00,4693.0,11.4,2014-05-31,False,Saturday
7205,6,3452.578656,1078.421344,2014-05-31 02:30:00,4531.0,11.4,2014-05-31,False,Saturday
7206,7,3355.099452,1080.900548,2014-05-31 03:00:00,4436.0,11.9,2014-05-31,False,Saturday
7207,8,3290.403726,1086.596274,2014-05-31 03:30:00,4377.0,11.8,2014-05-31,False,Saturday
7208,9,3277.302608,1063.697392,2014-05-31 04:00:00,4341.0,11.5,2014-05-31,False,Saturday
7209,10,3272.226334,1072.773666,2014-05-31 04:30:00,4345.0,11.5,2014-05-31,False,Saturday
7210,11,3345.4189,1076.5811,2014-05-31 05:00:00,4422.0,11.3,2014-05-31,False,Saturday
7211,12,3467.887742,1069.112258,2014-05-31 05:30:00,4537.0,11.4,2014-05-31,False,Saturday
7212,13,3638.365898,1074.634102,2014-05-31 06:00:00,4713.0,11.0,2014-05-31,False,Saturday
7213,14,3810.67329,1048.32671,2014-05-31 06:30:00,4859.0,11.0,2014-05-31,False,Saturday
7214,15,3872.332622,1081.667378,2014-05-31 07:00:00,4954.0,10.7,2014-05-31,False,Saturday
7215,16,4112.123514,1060.876486,2014-05-31 07:30:00,5173.0,10.5,2014-05-31,False,Saturday
7216,17,4313.306128,1078.693872,2014-05-31 08:00:00,5392.0,10.7,2014-05-31,False,Saturday
7217,18,4431.810594,1081.189406,2014-05-31 08:30:00,5513.0,11.0,2014-05-31,False,Saturday
7218,19,4519.227174,1058.772826,2014-05-31 09:00:00,5578.0,11.4,2014-05-31,False,Saturday
7219,20,4518.64655,1062.35345,2014-05-31 09:30:00,5581.0,12.0,2014-05-31,False,Saturday
7220,21,4455.070974,1070.929026,2014-05-31 10:00:00,5526.0,12.5,2014-05-31,False,Saturday
7221,22,4387.626784,1064.373216,2014-05-31 10:30:00,5452.0,13.1,2014-05-31,False,Saturday
7222,23,4349.014186,1065.985814,2014-05-31 11:00:00,5415.0,13.8,2014-05-31,False,Saturday
7223,24,4294.472442,1069.527558,2014-05-31 11:30:00,5364.0,14.1,2014-05-31,False,Saturday
7224,25,4225.325596,1070.674404,2014-05-31 12:00:00,5296.0,15.1,2014-05-31,False,Saturday
7225,26,4193.129082,1061.870918,2014-05-31 12:30:00,5255.0,16.2,2014-05-31,False,Saturday
7226,27,4203.870498,1063.129502,2014-05-31 13:00:00,5267.0,16.3,2014-05-31,False,Saturday
7227,28,4164.411976,1071.588024,2014-05-31 13:30:00,5236.0,16.6,2014-05-31,False,Saturday
7228,29,4091.928176,1055.071824,2014-05-31 14:00:00,5147.0,17.6,2014-05-31,False,Saturday
7229,30,4089.945078,1060.054922,2014-05-31 14:30:00,5150.0,18.4,2014-05-31,False,Saturday
7230,31,4122.649338,1064.350662,2014-05-31 15:00:00,5187.0,18.0,2014-05-31,False,Saturday
7231,32,4203.2603,1060.7397,2014-05-31 15:30:00,5264.0,17.5,2014-05-31,False,Saturday
7232,33,4294.573946,1067.426054,2014-05-31 16:00:00,5362.0,17.2,2014-05-31,False,Saturday
7233,34,4503.03454,1061.96546,2014-05-31 16:30:00,5565.0,17.0,2014-05-31,False,Saturday
7234,35,4840.804986,1073.195014,2014-05-31 17:00:00,5914.0,16.7,2014-05-31,False,Saturday
7235,36,5144.620128,1043.379872,2014-05-31 17:30:00,6188.0,16.3,2014-05-31,False,Saturday
7236,37,5135.335746,1071.664254,2014-05-31 18:00:00,6207.0,16.2,2014-05-31,False,Saturday
7237,38,5005.893838,1075.106162,2014-05-31 18:30:00,6081.0,16.3,2014-05-31,False,Saturday
7238,39,4834.332626,1037.667374,2014-05-31 19:00:00,5872.0,16.0,2014-05-31,False,Saturday
7239,40,4699.739598,1048.260402,2014-05-31 19:30:00,5748.0,15.6,2014-05-31,False,Saturday
7240,41,4573.014922,1058.985078,2014-05-31 20:00:00,5632.0,15.3,2014-05-31,False,Saturday
7241,42,4472.004052,1065.995948,2014-05-31 20:30:00,5538.0,15.1,2014-05-31,False,Saturday
7242,43,4343.491834,1046.508166,2014-05-31 21:00:00,5390.0,15.0,2014-05-31,False,Saturday
7243,44,4240.282984,1054.717016,2014-05-31 21:30:00,5295.0,15.1,2014-05-31,False,Saturday
7244,45,4179.628992,1041.371008,2014-05-31 22:00:00,5221.0,14.6,2014-05-31,False,Saturday
7245,46,4161.626278,1050.373722,2014-05-31 22:30:00,5212.0,14.7,2014-05-31,False,Saturday
7246,47,4441.137478,1071.862522,2014-05-31 23:00:00,5513.0,14.9,2014-05-31,False,Saturday
7247,48,4521.185492,1031.814508,2014-05-31 23:30:00,5553.0,14.6,2014-05-31,False,Saturday
7248,1,4322.636486,1065.363514,2014-06-01 00:00:00,5388.0,14.0,2014-06-01,False,Sunday
7249,2,4110.088292,1042.911708,2014-06-01 00:30:00,5153.0,13.7,2014-06-01,False,Sunday
7250,3,3884.748016,1053.251984,2014-06-01 01:00:00,4938.0,13.8,2014-06-01,False,Sunday
7251,4,3640.421848,1066.578152,2014-06-01 01:30:00,4707.0,13.6,2014-06-01,False,Sunday
7252,5,3409.072522,1041.927478,2014-06-01 02:00:00,4451.0,13.4,2014-06-01,False,Sunday
7253,6,3252.920458,1063.079542,2014-06-01 02:30:00,4316.0,13.4,2014-06-01,False,Sunday
7254,7,3151.795632,1041.204368,2014-06-01 03:00:00,4193.0,13.4,2014-06-01,False,Sunday
7255,8,3079.643962,1068.356038,2014-06-01 03:30:00,4148.0,13.3,2014-06-01,False,Sunday
7256,9,3047.91304,1013.08696,2014-06-01 04:00:00,4061.0,13.3,2014-06-01,False,Sunday
7257,10,3034.097266,1059.902734,2014-06-01 04:30:00,4094.0,13.2,2014-06-01,False,Sunday
7258,11,3058.223348,1041.776652,2014-06-01 05:00:00,4100.0,13.4,2014-06-01,False,Sunday
7259,12,3093.961872,1058.038128,2014-06-01 05:30:00,4152.0,13.3,2014-06-01,False,Sunday
7260,13,3192.51391,1045.48609,2014-06-01 06:00:00,4238.0,13.6,2014-06-01,False,Sunday
7261,14,3301.219294,1053.780706,2014-06-01 06:30:00,4355.0,14.1,2014-06-01,False,Sunday
7262,15,3380.56379,1064.43621,2014-06-01 07:00:00,4445.0,14.9,2014-06-01,False,Sunday
7263,16,3545.979614,1037.020386,2014-06-01 07:30:00,4583.0,14.3,2014-06-01,False,Sunday
7264,17,3748.216274,1067.783726,2014-06-01 08:00:00,4816.0,14.1,2014-06-01,False,Sunday
7265,18,3958.526848,977.473152,2014-06-01 08:30:00,4936.0,13.9,2014-06-01,False,Sunday
7266,19,4148.536328,1048.463672,2014-06-01 09:00:00,5197.0,13.8,2014-06-01,False,Sunday
7267,20,4249.26871,1028.73129,2014-06-01 09:30:00,5278.0,13.8,2014-06-01,False,Sunday
7268,21,4338.063388,1060.936612,2014-06-01 10:00:00,5399.0,14.1,2014-06-01,False,Sunday
7269,22,4372.762486,1050.237514,2014-06-01 10:30:00,5423.0,13.8,2014-06-01,False,Sunday
7270,23,4418.387768,1055.612232,2014-06-01 11:00:00,5474.0,14.2,2014-06-01,False,Sunday
7271,24,4433.536322,1044.463678,2014-06-01 11:30:00,5478.0,14.3,2014-06-01,False,Sunday
7272,25,4443.32376,1053.67624,2014-06-01 12:00:00,5497.0,14.6,2014-06-01,False,Sunday
7273,26,4428.329354,1025.670646,2014-06-01 12:30:00,5454.0,14.3,2014-06-01,False,Sunday
7274,27,4443.945132,1056.054868,2014-06-01 13:00:00,5500.0,14.4,2014-06-01,False,Sunday
7275,28,4422.980082,1062.019918,2014-06-01 13:30:00,5485.0,14.6,2014-06-01,False,Sunday
7276,29,4424.829448,1058.170552,2014-06-01 14:00:00,5483.0,14.7,2014-06-01,False,Sunday
7277,30,4436.141076,1071.858924,2014-06-01 14:30:00,5508.0,14.7,2014-06-01,False,Sunday
7278,31,4465.72482,1060.27518,2014-06-01 15:00:00,5526.0,14.9,2014-06-01,False,Sunday
7279,32,4523.794132,1049.205868,2014-06-01 15:30:00,5573.0,14.8,2014-06-01,False,Sunday
7280,33,4627.47112,1073.52888,2014-06-01 16:00:00,5701.0,14.9,2014-06-01,False,Sunday
7281,34,4836.74486,1052.25514,2014-06-01 16:30:00,5889.0,14.9,2014-06-01,False,Sunday
7282,35,5099.117654,1054.882346,2014-06-01 17:00:00,6154.0,14.6,2014-06-01,False,Sunday
7283,36,5323.05731,1067.94269,2014-06-01 17:30:00,6391.0,14.5,2014-06-01,False,Sunday
7284,37,5321.565708,1027.434292,2014-06-01 18:00:00,6349.0,14.4,2014-06-01,False,Sunday
7285,38,5208.337136,1009.662864,2014-06-01 18:30:00,6218.0,14.2,2014-06-01,False,Sunday
7286,39,5046.264778,1012.735222,2014-06-01 19:00:00,6059.0,14.1,2014-06-01,False,Sunday
7287,40,4935.71382,1056.28618,2014-06-01 19:30:00,5992.0,14.1,2014-06-01,False,Sunday
7288,41,4820.718356,1052.281644,2014-06-01 20:00:00,5873.0,14.2,2014-06-01,False,Sunday
7289,42,4698.962766,1068.037234,2014-06-01 20:30:00,5767.0,14.1,2014-06-01,False,Sunday
7290,43,4527.004726,1065.995274,2014-06-01 21:00:00,5593.0,14.1,2014-06-01,False,Sunday
7291,44,4330.371434,1064.628566,2014-06-01 21:30:00,5395.0,13.9,2014-06-01,False,Sunday
7292,45,4203.248672,1060.751328,2014-06-01 22:00:00,5264.0,13.9,2014-06-01,False,Sunday
7293,46,4128.950988,1074.049012,2014-06-01 22:30:00,5203.0,13.4,2014-06-01,False,Sunday
7294,47,4388.3703,1058.6297,2014-06-01 23:00:00,5447.0,13.3,2014-06-01,False,Sunday
7295,48,4454.794852,1078.205148,2014-06-01 23:30:00,5533.0,13.6,2014-06-01,False,Sunday
7296,1,4260.721006,1032.278994,2014-06-02 00:00:00,5293.0,13.3,2014-06-02,False,Monday
7297,2,4081.397606,1025.602394,2014-06-02 00:30:00,5107.0,13.2,2014-06-02,False,Monday
7298,3,3897.164312,1058.835688,2014-06-02 01:00:00,4956.0,12.8,2014-06-02,False,Monday
7299,4,3723.421496,1062.578504,2014-06-02 01:30:00,4786.0,13.1,2014-06-02,False,Monday
7300,5,3531.336558,1018.663442,2014-06-02 02:00:00,4550.0,13.0,2014-06-02,False,Monday
7301,6,3402.874476,1043.125524,2014-06-02 02:30:00,4446.0,12.9,2014-06-02,False,Monday
7302,7,3324.271982,1065.728018,2014-06-02 03:00:00,4390.0,12.8,2014-06-02,False,Monday
7303,8,3279.126042,1046.873958,2014-06-02 03:30:00,4326.0,12.7,2014-06-02,False,Monday
7304,9,3300.852954,1061.147046,2014-06-02 04:00:00,4362.0,12.5,2014-06-02,False,Monday
7305,10,3365.430948,1070.569052,2014-06-02 04:30:00,4436.0,11.9,2014-06-02,False,Monday
7306,11,3564.537824,1044.462176,2014-06-02 05:00:00,4609.0,12.1,2014-06-02,False,Monday
7307,12,3768.073668,1079.926332,2014-06-02 05:30:00,4848.0,12.0,2014-06-02,False,Monday
7308,13,4181.922818,1041.077182,2014-06-02 06:00:00,5223.0,12.1,2014-06-02,False,Monday
7309,14,4645.413428,1081.586572,2014-06-02 06:30:00,5727.0,12.2,2014-06-02,False,Monday
7310,15,4983.74496,1064.25504,2014-06-02 07:00:00,6048.0,11.8,2014-06-02,False,Monday
7311,16,5322.798062,1086.201938,2014-06-02 07:30:00,6409.0,11.7,2014-06-02,False,Monday
7312,17,5458.73159,1085.26841,2014-06-02 08:00:00,6544.0,11.6,2014-06-02,False,Monday
7313,18,5431.76448,1077.23552,2014-06-02 08:30:00,6509.0,12.4,2014-06-02,False,Monday
7314,19,5473.340738,1105.659262,2014-06-02 09:00:00,6579.0,12.6,2014-06-02,False,Monday
7315,20,5418.872014,1096.127986,2014-06-02 09:30:00,6515.0,13.0,2014-06-02,False,Monday
7316,21,5388.619842,1102.380158,2014-06-02 10:00:00,6491.0,13.6,2014-06-02,False,Monday
7317,22,5353.91956,1102.08044,2014-06-02 10:30:00,6456.0,14.0,2014-06-02,False,Monday
7318,23,5289.16417,1078.83583,2014-06-02 11:00:00,6368.0,14.3,2014-06-02,False,Monday
7319,24,5222.736194,1099.263806,2014-06-02 11:30:00,6322.0,15.1,2014-06-02,False,Monday
7320,25,5196.946104,1080.053896,2014-06-02 12:00:00,6277.0,16.3,2014-06-02,False,Monday
7321,26,5216.232594,1088.767406,2014-06-02 12:30:00,6305.0,16.4,2014-06-02,False,Monday
7322,27,5291.835296,1081.164704,2014-06-02 13:00:00,6373.0,15.9,2014-06-02,False,Monday
7323,28,5324.897234,1087.102766,2014-06-02 13:30:00,6412.0,16.1,2014-06-02,False,Monday
7324,29,5332.652176,1097.347824,2014-06-02 14:00:00,6430.0,16.0,2014-06-02,False,Monday
7325,30,5308.747084,1077.252916,2014-06-02 14:30:00,6386.0,16.0,2014-06-02,False,Monday
7326,31,5287.955042,1082.044958,2014-06-02 15:00:00,6370.0,16.0,2014-06-02,False,Monday
7327,32,5335.118758,1077.881242,2014-06-02 15:30:00,6413.0,16.1,2014-06-02,False,Monday
7328,33,5429.402564,1071.597436,2014-06-02 16:00:00,6501.0,16.0,2014-06-02,False,Monday
7329,34,5580.899744,1090.100256,2014-06-02 16:30:00,6671.0,15.9,2014-06-02,False,Monday
7330,35,5843.334212,1072.665788,2014-06-02 17:00:00,6916.0,15.1,2014-06-02,False,Monday
7331,36,6097.10008,1083.89992,2014-06-02 17:30:00,7181.0,14.8,2014-06-02,False,Monday
7332,37,6023.566828,1095.433172,2014-06-02 18:00:00,7119.0,14.8,2014-06-02,False,Monday
7333,38,5868.58402,1085.41598,2014-06-02 18:30:00,6954.0,15.0,2014-06-02,False,Monday
7334,39,5681.242566,1073.757434,2014-06-02 19:00:00,6755.0,15.1,2014-06-02,False,Monday
7335,40,5519.979724,1065.020276,2014-06-02 19:30:00,6585.0,15.0,2014-06-02,False,Monday
7336,41,5330.385676,1082.614324,2014-06-02 20:00:00,6413.0,14.8,2014-06-02,False,Monday
7337,42,5169.707186,1069.292814,2014-06-02 20:30:00,6239.0,14.7,2014-06-02,False,Monday
7338,43,4975.106254,1080.893746,2014-06-02 21:00:00,6056.0,14.5,2014-06-02,False,Monday
7339,44,4761.867458,1084.132542,2014-06-02 21:30:00,5846.0,14.6,2014-06-02,False,Monday
7340,45,4550.974666,1062.025334,2014-06-02 22:00:00,5613.0,14.5,2014-06-02,False,Monday
7341,46,4437.114784,1094.885216,2014-06-02 22:30:00,5532.0,14.3,2014-06-02,False,Monday
7342,47,4664.558494,1076.441506,2014-06-02 23:00:00,5741.0,13.9,2014-06-02,False,Monday
7343,48,4689.201818,1083.798182,2014-06-02 23:30:00,5773.0,13.7,2014-06-02,False,Monday
7344,1,4432.188956,1068.811044,2014-06-03 00:00:00,5501.0,13.7,2014-06-03,False,Tuesday
7345,2,4214.428458,1098.571542,2014-06-03 00:30:00,5313.0,13.7,2014-06-03,False,Tuesday
7346,3,4009.133384,1055.866616,2014-06-03 01:00:00,5065.0,13.8,2014-06-03,False,Tuesday
7347,4,3809.4721,1089.5279,2014-06-03 01:30:00,4899.0,13.9,2014-06-03,False,Tuesday
7348,5,3653.885926,1067.114074,2014-06-03 02:00:00,4721.0,13.9,2014-06-03,False,Tuesday
7349,6,3529.542878,1091.457122,2014-06-03 02:30:00,4621.0,13.9,2014-06-03,False,Tuesday
7350,7,3453.91476,1075.08524,2014-06-03 03:00:00,4529.0,13.8,2014-06-03,False,Tuesday
7351,8,3419.27683,1072.72317,2014-06-03 03:30:00,4492.0,13.6,2014-06-03,False,Tuesday
7352,9,3431.03958,1083.96042,2014-06-03 04:00:00,4515.0,13.6,2014-06-03,False,Tuesday
7353,10,3466.850346,1068.149654,2014-06-03 04:30:00,4535.0,13.6,2014-06-03,False,Tuesday
7354,11,3616.083376,1079.916624,2014-06-03 05:00:00,4696.0,13.6,2014-06-03,False,Tuesday
7355,12,3845.665052,1057.334948,2014-06-03 05:30:00,4903.0,13.7,2014-06-03,False,Tuesday
7356,13,4256.424252,1080.575748,2014-06-03 06:00:00,5337.0,13.7,2014-06-03,False,Tuesday
7357,14,4688.64125,1091.35875,2014-06-03 06:30:00,5780.0,13.8,2014-06-03,False,Tuesday
7358,15,5012.164726,1059.835274,2014-06-03 07:00:00,6072.0,13.7,2014-06-03,False,Tuesday
7359,16,5353.277686,1037.722314,2014-06-03 07:30:00,6391.0,13.7,2014-06-03,False,Tuesday
7360,17,5481.029746,1034.970254,2014-06-03 08:00:00,6516.0,13.7,2014-06-03,False,Tuesday
7361,18,5466.297134,1040.702866,2014-06-03 08:30:00,6507.0,13.8,2014-06-03,False,Tuesday
7362,19,5516.211036,1038.788964,2014-06-03 09:00:00,6555.0,13.6,2014-06-03,False,Tuesday
7363,20,5497.130126,1036.869874,2014-06-03 09:30:00,6534.0,13.5,2014-06-03,False,Tuesday
7364,21,5486.61539,1044.38461,2014-06-03 10:00:00,6531.0,13.3,2014-06-03,False,Tuesday
7365,22,5451.469318,1035.530682,2014-06-03 10:30:00,6487.0,13.5,2014-06-03,False,Tuesday
7366,23,5422.997632,1085.002368,2014-06-03 11:00:00,6508.0,13.6,2014-06-03,False,Tuesday
7367,24,5407.621258,1050.378742,2014-06-03 11:30:00,6458.0,14.0,2014-06-03,False,Tuesday
7368,25,5395.570478,1051.429522,2014-06-03 12:00:00,6447.0,14.1,2014-06-03,False,Tuesday
7369,26,5344.86403,1075.13597,2014-06-03 12:30:00,6420.0,14.2,2014-06-03,False,Tuesday
7370,27,5347.836168,1063.163832,2014-06-03 13:00:00,6411.0,14.5,2014-06-03,False,Tuesday
7371,28,5325.886282,1075.113718,2014-06-03 13:30:00,6401.0,16.0,2014-06-03,False,Tuesday
7372,29,5308.848408,1075.151592,2014-06-03 14:00:00,6384.0,16.2,2014-06-03,False,Tuesday
7373,30,5293.916978,1089.083022,2014-06-03 14:30:00,6383.0,16.4,2014-06-03,False,Tuesday
7374,31,5274.231974,1089.768026,2014-06-03 15:00:00,6364.0,16.1,2014-06-03,False,Tuesday
7375,32,5324.302766,1091.697234,2014-06-03 15:30:00,6416.0,16.0,2014-06-03,False,Tuesday
7376,33,5415.200244,1072.799756,2014-06-03 16:00:00,6488.0,15.8,2014-06-03,False,Tuesday
7377,34,5569.028018,1072.971982,2014-06-03 16:30:00,6642.0,16.0,2014-06-03,False,Tuesday
7378,35,5846.59431,1079.40569,2014-06-03 17:00:00,6926.0,16.1,2014-06-03,False,Tuesday
7379,36,6096.979312,1076.020688,2014-06-03 17:30:00,7173.0,16.2,2014-06-03,False,Tuesday
7380,37,6021.054802,1070.945198,2014-06-03 18:00:00,7092.0,16.0,2014-06-03,False,Tuesday
7381,38,5873.34426,1084.65574,2014-06-03 18:30:00,6958.0,15.9,2014-06-03,False,Tuesday
7382,39,5679.331138,1073.668862,2014-06-03 19:00:00,6753.0,15.7,2014-06-03,False,Tuesday
7383,40,5537.086134,1082.913866,2014-06-03 19:30:00,6620.0,15.7,2014-06-03,False,Tuesday
7384,41,5380.441968,1076.558032,2014-06-03 20:00:00,6457.0,15.5,2014-06-03,False,Tuesday
7385,42,5222.11763,1079.88237,2014-06-03 20:30:00,6302.0,15.2,2014-06-03,False,Tuesday
7386,43,4992.739248,1071.260752,2014-06-03 21:00:00,6064.0,15.1,2014-06-03,False,Tuesday
7387,44,4769.17982,1085.82018,2014-06-03 21:30:00,5855.0,15.0,2014-06-03,False,Tuesday
7388,45,4528.96079,1101.03921,2014-06-03 22:00:00,5630.0,14.9,2014-06-03,False,Tuesday
7389,46,4361.304362,1084.695638,2014-06-03 22:30:00,5446.0,14.9,2014-06-03,False,Tuesday
7390,47,4582.384288,1091.615712,2014-06-03 23:00:00,5674.0,14.8,2014-06-03,False,Tuesday
7391,48,4598.8125,1099.1875,2014-06-03 23:30:00,5698.0,14.7,2014-06-03,False,Tuesday
7392,1,4338.263708,1090.736292,2014-06-04 00:00:00,5429.0,14.6,2014-06-04,False,Wednesday
7393,2,4115.975892,1083.024108,2014-06-04 00:30:00,5199.0,14.4,2014-06-04,False,Wednesday
7394,3,3913.600726,1092.399274,2014-06-04 01:00:00,5006.0,13.9,2014-06-04,False,Wednesday
7395,4,3705.609162,1094.390838,2014-06-04 01:30:00,4800.0,13.5,2014-06-04,False,Wednesday
7396,5,3552.027796,1074.972204,2014-06-04 02:00:00,4627.0,12.8,2014-06-04,False,Wednesday
7397,6,3414.800778,1071.199222,2014-06-04 02:30:00,4486.0,13.0,2014-06-04,False,Wednesday
7398,7,3358.887524,1059.112476,2014-06-04 03:00:00,4418.0,11.8,2014-06-04,False,Wednesday
7399,8,3330.997938,1062.002062,2014-06-04 03:30:00,4393.0,11.2,2014-06-04,False,Wednesday
7400,9,3359.186146,1022.813854,2014-06-04 04:00:00,4382.0,11.6,2014-06-04,False,Wednesday
7401,10,3426.052778,1030.947222,2014-06-04 04:30:00,4457.0,11.3,2014-06-04,False,Wednesday
7402,11,3583.729518,1025.270482,2014-06-04 05:00:00,4609.0,11.0,2014-06-04,False,Wednesday
7403,12,3841.70239,1035.29761,2014-06-04 05:30:00,4877.0,11.3,2014-06-04,False,Wednesday
7404,13,4274.246106,1038.753894,2014-06-04 06:00:00,5313.0,10.9,2014-06-04,False,Wednesday
7405,14,4708.1343,1039.8657,2014-06-04 06:30:00,5748.0,11.1,2014-06-04,False,Wednesday
7406,15,5063.724776,1033.275224,2014-06-04 07:00:00,6097.0,11.0,2014-06-04,False,Wednesday
7407,16,5362.178766,1033.821234,2014-06-04 07:30:00,6396.0,11.2,2014-06-04,False,Wednesday
7408,17,5475.69447,1038.30553,2014-06-04 08:00:00,6514.0,11.1,2014-06-04,False,Wednesday
7409,18,5428.91463,1031.08537,2014-06-04 08:30:00,6460.0,11.7,2014-06-04,False,Wednesday
7410,19,5454.773242,1032.226758,2014-06-04 09:00:00,6487.0,12.5,2014-06-04,False,Wednesday
7411,20,5401.736324,1038.263676,2014-06-04 09:30:00,6440.0,13.1,2014-06-04,False,Wednesday
7412,21,5354.158134,1039.841866,2014-06-04 10:00:00,6394.0,13.9,2014-06-04,False,Wednesday
7413,22,5293.968854,1041.031146,2014-06-04 10:30:00,6335.0,14.3,2014-06-04,False,Wednesday
7414,23,5236.067768,1053.932232,2014-06-04 11:00:00,6290.0,15.1,2014-06-04,False,Wednesday
7415,24,5187.921746,1046.078254,2014-06-04 11:30:00,6234.0,15.9,2014-06-04,False,Wednesday
7416,25,5160.928292,1043.071708,2014-06-04 12:00:00,6204.0,16.4,2014-06-04,False,Wednesday
7417,26,5139.754726,1053.245274,2014-06-04 12:30:00,6193.0,17.1,2014-06-04,False,Wednesday
7418,27,5165.33263,1050.66737,2014-06-04 13:00:00,6216.0,18.1,2014-06-04,False,Wednesday
7419,28,5181.432694,1045.567306,2014-06-04 13:30:00,6227.0,17.8,2014-06-04,False,Wednesday
7420,29,5195.80228,1037.19772,2014-06-04 14:00:00,6233.0,17.7,2014-06-04,False,Wednesday
7421,30,5165.876604,1027.123396,2014-06-04 14:30:00,6193.0,17.4,2014-06-04,False,Wednesday
7422,31,5107.582156,1038.417844,2014-06-04 15:00:00,6146.0,17.6,2014-06-04,False,Wednesday
7423,32,5127.631226,1035.368774,2014-06-04 15:30:00,6163.0,17.4,2014-06-04,False,Wednesday
7424,33,5242.229712,1030.770288,2014-06-04 16:00:00,6273.0,17.5,2014-06-04,False,Wednesday
7425,34,5437.414032,1032.585968,2014-06-04 16:30:00,6470.0,17.1,2014-06-04,False,Wednesday
7426,35,5739.344132,1026.655868,2014-06-04 17:00:00,6766.0,16.8,2014-06-04,False,Wednesday
7427,36,6003.672352,1027.327648,2014-06-04 17:30:00,7031.0,16.1,2014-06-04,False,Wednesday
7428,37,5931.21333,1030.78667,2014-06-04 18:00:00,6962.0,14.5,2014-06-04,False,Wednesday
7429,38,5804.692012,1031.307988,2014-06-04 18:30:00,6836.0,14.2,2014-06-04,False,Wednesday
7430,39,5614.588976,1022.411024,2014-06-04 19:00:00,6637.0,14.1,2014-06-04,False,Wednesday
7431,40,5475.112458,1014.887542,2014-06-04 19:30:00,6490.0,13.6,2014-06-04,False,Wednesday
7432,41,5302.98233,1018.01767,2014-06-04 20:00:00,6321.0,13.3,2014-06-04,False,Wednesday
7433,42,5148.895854,1032.104146,2014-06-04 20:30:00,6181.0,12.9,2014-06-04,False,Wednesday
7434,43,4946.994504,1037.005496,2014-06-04 21:00:00,5984.0,12.7,2014-06-04,False,Wednesday
7435,44,4723.875906,1031.124094,2014-06-04 21:30:00,5755.0,12.7,2014-06-04,False,Wednesday
7436,45,4546.40303,1033.59697,2014-06-04 22:00:00,5580.0,12.6,2014-06-04,False,Wednesday
7437,46,4396.102952,1034.897048,2014-06-04 22:30:00,5431.0,12.5,2014-06-04,False,Wednesday
7438,47,4617.771378,1035.228622,2014-06-04 23:00:00,5653.0,12.5,2014-06-04,False,Wednesday
7439,48,4639.038326,1043.961674,2014-06-04 23:30:00,5683.0,12.6,2014-06-04,False,Wednesday
7440,1,4364.261842,1041.738158,2014-06-05 00:00:00,5406.0,12.4,2014-06-05,False,Thursday
7441,2,4131.575456,1036.424544,2014-06-05 00:30:00,5168.0,12.3,2014-06-05,False,Thursday
7442,3,3943.649116,1034.350884,2014-06-05 01:00:00,4978.0,12.4,2014-06-05,False,Thursday
7443,4,3750.417918,1035.582082,2014-06-05 01:30:00,4786.0,12.4,2014-06-05,False,Thursday
7444,5,3597.177806,1036.822194,2014-06-05 02:00:00,4634.0,12.2,2014-06-05,False,Thursday
7445,6,3469.739402,1019.260598,2014-06-05 02:30:00,4489.0,12.0,2014-06-05,False,Thursday
7446,7,3396.499806,1031.500194,2014-06-05 03:00:00,4428.0,12.2,2014-06-05,False,Thursday
7447,8,3381.294216,1022.705784,2014-06-05 03:30:00,4404.0,12.0,2014-06-05,False,Thursday
7448,9,3420.69826,1019.30174,2014-06-05 04:00:00,4440.0,12.1,2014-06-05,False,Thursday
7449,10,3478.232626,1020.767374,2014-06-05 04:30:00,4499.0,12.1,2014-06-05,False,Thursday
7450,11,3632.939018,1020.060982,2014-06-05 05:00:00,4653.0,12.0,2014-06-05,False,Thursday
7451,12,3857.12409,1029.87591,2014-06-05 05:30:00,4887.0,12.0,2014-06-05,False,Thursday
7452,13,4280.324026,1030.675974,2014-06-05 06:00:00,5311.0,12.4,2014-06-05,False,Thursday
7453,14,4720.337246,1026.662754,2014-06-05 06:30:00,5747.0,12.4,2014-06-05,False,Thursday
7454,15,5020.084562,1027.915438,2014-06-05 07:00:00,6048.0,12.2,2014-06-05,False,Thursday
7455,16,5318.270796,1021.729204,2014-06-05 07:30:00,6340.0,12.3,2014-06-05,False,Thursday
7456,17,5429.710104,1016.289896,2014-06-05 08:00:00,6446.0,12.4,2014-06-05,False,Thursday
7457,18,5434.323118,1017.676882,2014-06-05 08:30:00,6452.0,12.6,2014-06-05,False,Thursday
7458,19,5422.076068,1023.923932,2014-06-05 09:00:00,6446.0,13.0,2014-06-05,False,Thursday
7459,20,5337.623004,1016.376996,2014-06-05 09:30:00,6354.0,13.0,2014-06-05,False,Thursday
7460,21,5227.722448,1021.277552,2014-06-05 10:00:00,6249.0,13.4,2014-06-05,False,Thursday
7461,22,5178.609138,1023.390862,2014-06-05 10:30:00,6202.0,14.9,2014-06-05,False,Thursday
7462,23,5133.011238,1022.988762,2014-06-05 11:00:00,6156.0,15.4,2014-06-05,False,Thursday
7463,24,5119.078246,1014.921754,2014-06-05 11:30:00,6134.0,14.2,2014-06-05,False,Thursday
7464,25,5071.378966,1016.621034,2014-06-05 12:00:00,6088.0,14.9,2014-06-05,False,Thursday
7465,26,5057.853534,1014.146466,2014-06-05 12:30:00,6072.0,15.4,2014-06-05,False,Thursday
7466,27,5075.093258,1004.906742,2014-06-05 13:00:00,6080.0,16.7,2014-06-05,False,Thursday
7467,28,5080.56826,1011.43174,2014-06-05 13:30:00,6092.0,15.6,2014-06-05,False,Thursday
7468,29,5052.191608,1018.808392,2014-06-05 14:00:00,6071.0,15.1,2014-06-05,False,Thursday
7469,30,5031.044952,1014.955048,2014-06-05 14:30:00,6046.0,15.5,2014-06-05,False,Thursday
7470,31,4991.289938,1019.710062,2014-06-05 15:00:00,6011.0,14.8,2014-06-05,False,Thursday
7471,32,5049.241854,1022.758146,2014-06-05 15:30:00,6072.0,14.8,2014-06-05,False,Thursday
7472,33,5185.381084,1016.618916,2014-06-05 16:00:00,6202.0,14.7,2014-06-05,False,Thursday
7473,34,5358.62052,1019.37948,2014-06-05 16:30:00,6378.0,14.0,2014-06-05,False,Thursday
7474,35,5677.881722,1018.118278,2014-06-05 17:00:00,6696.0,13.6,2014-06-05,False,Thursday
7475,36,6026.524076,1013.475924,2014-06-05 17:30:00,7040.0,13.6,2014-06-05,False,Thursday
7476,37,6032.031414,1012.968586,2014-06-05 18:00:00,7045.0,13.0,2014-06-05,False,Thursday
7477,38,5941.385272,1013.614728,2014-06-05 18:30:00,6955.0,13.0,2014-06-05,False,Thursday
7478,39,5771.732934,1014.267066,2014-06-05 19:00:00,6786.0,13.3,2014-06-05,False,Thursday
7479,40,5632.397306,1013.602694,2014-06-05 19:30:00,6646.0,13.2,2014-06-05,False,Thursday
7480,41,5487.295486,1016.704514,2014-06-05 20:00:00,6504.0,13.0,2014-06-05,False,Thursday
7481,42,5360.92496,1023.07504,2014-06-05 20:30:00,6384.0,12.9,2014-06-05,False,Thursday
7482,43,5169.20264,1030.79736,2014-06-05 21:00:00,6200.0,12.0,2014-06-05,False,Thursday
7483,44,4930.435216,1024.564784,2014-06-05 21:30:00,5955.0,12.0,2014-06-05,False,Thursday
7484,45,4744.759812,1016.240188,2014-06-05 22:00:00,5761.0,12.4,2014-06-05,False,Thursday
7485,46,4629.39745,1017.60255,2014-06-05 22:30:00,5647.0,12.2,2014-06-05,False,Thursday
7486,47,4836.862452,1022.137548,2014-06-05 23:00:00,5859.0,12.0,2014-06-05,False,Thursday
7487,48,4849.205202,1020.794798,2014-06-05 23:30:00,5870.0,11.7,2014-06-05,False,Thursday
7488,1,4605.377584,1019.622416,2014-06-06 00:00:00,5625.0,11.1,2014-06-06,False,Friday
7489,2,4376.2844,1022.7156,2014-06-06 00:30:00,5399.0,11.1,2014-06-06,False,Friday
7490,3,4163.390032,1023.609968,2014-06-06 01:00:00,5187.0,10.3,2014-06-06,False,Friday
7491,4,3960.270032,1027.729968,2014-06-06 01:30:00,4988.0,10.0,2014-06-06,False,Friday
7492,5,3772.347108,1025.652892,2014-06-06 02:00:00,4798.0,10.0,2014-06-06,False,Friday
7493,6,3670.97758,1025.02242,2014-06-06 02:30:00,4696.0,10.0,2014-06-06,False,Friday
7494,7,3604.641686,1018.358314,2014-06-06 03:00:00,4623.0,9.8,2014-06-06,False,Friday
7495,8,3569.146666,1018.853334,2014-06-06 03:30:00,4588.0,9.7,2014-06-06,False,Friday
7496,9,3581.949904,1016.050096,2014-06-06 04:00:00,4598.0,9.6,2014-06-06,False,Friday
7497,10,3629.46721,1025.53279,2014-06-06 04:30:00,4655.0,9.9,2014-06-06,False,Friday
7498,11,3788.005372,1028.994628,2014-06-06 05:00:00,4817.0,9.8,2014-06-06,False,Friday
7499,12,4023.747844,1031.252156,2014-06-06 05:30:00,5055.0,9.7,2014-06-06,False,Friday
7500,13,4438.465818,1033.534182,2014-06-06 06:00:00,5472.0,9.3,2014-06-06,False,Friday
7501,14,4927.41375,1031.58625,2014-06-06 06:30:00,5959.0,9.2,2014-06-06,False,Friday
7502,15,5212.629814,1045.370186,2014-06-06 07:00:00,6258.0,8.6,2014-06-06,False,Friday
7503,16,5556.826298,1044.173702,2014-06-06 07:30:00,6601.0,8.7,2014-06-06,False,Friday
7504,17,5714.03825,1081.96175,2014-06-06 08:00:00,6796.0,9.0,2014-06-06,False,Friday
7505,18,5688.168394,1085.831606,2014-06-06 08:30:00,6774.0,9.6,2014-06-06,False,Friday
7506,19,5673.060516,1061.939484,2014-06-06 09:00:00,6735.0,10.7,2014-06-06,False,Friday
7507,20,5573.734344,1090.265656,2014-06-06 09:30:00,6664.0,11.1,2014-06-06,False,Friday
7508,21,5456.150848,1038.849152,2014-06-06 10:00:00,6495.0,11.4,2014-06-06,False,Friday
7509,22,5354.313876,1036.686124,2014-06-06 10:30:00,6391.0,11.8,2014-06-06,False,Friday
7510,23,5268.762686,1061.237314,2014-06-06 11:00:00,6330.0,13.0,2014-06-06,False,Friday
7511,24,5209.049628,1099.950372,2014-06-06 11:30:00,6309.0,13.4,2014-06-06,False,Friday
7512,25,5130.104948,1072.895052,2014-06-06 12:00:00,6203.0,13.3,2014-06-06,False,Friday
7513,26,5080.707502,1106.292498,2014-06-06 12:30:00,6187.0,14.5,2014-06-06,False,Friday
7514,27,5093.056764,1083.943236,2014-06-06 13:00:00,6177.0,14.3,2014-06-06,False,Friday
7515,28,5079.183442,1092.816558,2014-06-06 13:30:00,6172.0,14.9,2014-06-06,False,Friday
7516,29,5034.031896,1101.968104,2014-06-06 14:00:00,6136.0,15.1,2014-06-06,False,Friday
7517,30,5004.691946,1095.308054,2014-06-06 14:30:00,6100.0,15.4,2014-06-06,False,Friday
7518,31,4966.83254,1099.16746,2014-06-06 15:00:00,6066.0,15.3,2014-06-06,False,Friday
7519,32,5028.382354,1087.617646,2014-06-06 15:30:00,6116.0,14.9,2014-06-06,False,Friday
7520,33,5152.002672,1083.997328,2014-06-06 16:00:00,6236.0,14.6,2014-06-06,False,Friday
7521,34,5342.445042,1091.554958,2014-06-06 16:30:00,6434.0,14.5,2014-06-06,False,Friday
7522,35,5613.800828,1072.199172,2014-06-06 17:00:00,6686.0,14.3,2014-06-06,False,Friday
7523,36,5861.49586,1083.50414,2014-06-06 17:30:00,6945.0,14.3,2014-06-06,False,Friday
7524,37,5822.69829,1098.30171,2014-06-06 18:00:00,6921.0,14.2,2014-06-06,False,Friday
7525,38,5700.137322,1079.862678,2014-06-06 18:30:00,6780.0,14.2,2014-06-06,False,Friday
7526,39,5545.336002,1084.663998,2014-06-06 19:00:00,6630.0,14.2,2014-06-06,False,Friday
7527,40,5413.510914,1086.489086,2014-06-06 19:30:00,6500.0,14.1,2014-06-06,False,Friday
7528,41,5283.474702,1084.525298,2014-06-06 20:00:00,6368.0,14.0,2014-06-06,False,Friday
7529,42,5152.061962,1112.938038,2014-06-06 20:30:00,6265.0,14.0,2014-06-06,False,Friday
7530,43,4979.67906,1093.32094,2014-06-06 21:00:00,6073.0,13.9,2014-06-06,False,Friday
7531,44,4778.131016,1115.868984,2014-06-06 21:30:00,5894.0,13.7,2014-06-06,False,Friday
7532,45,4634.669982,1068.330018,2014-06-06 22:00:00,5703.0,13.1,2014-06-06,False,Friday
7533,46,4554.233836,1086.766164,2014-06-06 22:30:00,5641.0,13.7,2014-06-06,False,Friday
7534,47,4795.203338,1095.796662,2014-06-06 23:00:00,5891.0,13.4,2014-06-06,False,Friday
7535,48,4807.409242,1089.590758,2014-06-06 23:30:00,5897.0,13.3,2014-06-06,False,Friday
7536,1,4562.446798,1102.553202,2014-06-07 00:00:00,5665.0,13.0,2014-06-07,False,Saturday
7537,2,4300.874748,1079.125252,2014-06-07 00:30:00,5380.0,12.6,2014-06-07,False,Saturday
7538,3,4080.248368,1080.751632,2014-06-07 01:00:00,5161.0,12.3,2014-06-07,False,Saturday
7539,4,3854.446516,1082.553484,2014-06-07 01:30:00,4937.0,12.1,2014-06-07,False,Saturday
7540,5,3716.441558,1087.558442,2014-06-07 02:00:00,4804.0,12.0,2014-06-07,False,Saturday
7541,6,3588.545576,1091.454424,2014-06-07 02:30:00,4680.0,11.8,2014-06-07,False,Saturday
7542,7,3515.663392,1077.336608,2014-06-07 03:00:00,4593.0,11.8,2014-06-07,False,Saturday
7543,8,3459.820832,1091.179168,2014-06-07 03:30:00,4551.0,11.7,2014-06-07,False,Saturday
7544,9,3435.690978,1085.309022,2014-06-07 04:00:00,4521.0,11.6,2014-06-07,False,Saturday
7545,10,3393.330516,1041.669484,2014-06-07 04:30:00,4435.0,11.6,2014-06-07,False,Saturday
7546,11,3452.90535,1054.09465,2014-06-07 05:00:00,4507.0,11.6,2014-06-07,False,Saturday
7547,12,3549.17438,1088.82562,2014-06-07 05:30:00,4638.0,11.5,2014-06-07,False,Saturday
7548,13,3633.720732,1070.279268,2014-06-07 06:00:00,4704.0,11.7,2014-06-07,False,Saturday
7549,14,3756.590242,1079.409758,2014-06-07 06:30:00,4836.0,11.9,2014-06-07,False,Saturday
7550,15,3811.030944,1062.969056,2014-06-07 07:00:00,4874.0,12.2,2014-06-07,False,Saturday
7551,16,3984.957282,1060.042718,2014-06-07 07:30:00,5045.0,12.5,2014-06-07,False,Saturday
7552,17,4196.606834,1092.393166,2014-06-07 08:00:00,5289.0,12.3,2014-06-07,False,Saturday
7553,18,4336.674868,1047.325132,2014-06-07 08:30:00,5384.0,12.5,2014-06-07,False,Saturday
7554,19,4438.770088,1074.229912,2014-06-07 09:00:00,5513.0,12.8,2014-06-07,False,Saturday
7555,20,4421.910494,1079.089506,2014-06-07 09:30:00,5501.0,13.1,2014-06-07,False,Saturday
7556,21,4355.960734,1086.039266,2014-06-07 10:00:00,5442.0,14.1,2014-06-07,False,Saturday
7557,22,4285.720802,1061.279198,2014-06-07 10:30:00,5347.0,16.0,2014-06-07,False,Saturday
7558,23,4228.61673,1087.38327,2014-06-07 11:00:00,5316.0,16.7,2014-06-07,False,Saturday
7559,24,4227.958512,1072.041488,2014-06-07 11:30:00,5300.0,16.3,2014-06-07,False,Saturday
7560,25,4215.175294,1077.824706,2014-06-07 12:00:00,5293.0,16.5,2014-06-07,False,Saturday
7561,26,4146.680296,1060.319704,2014-06-07 12:30:00,5207.0,16.8,2014-06-07,False,Saturday
7562,27,4180.905556,1070.094444,2014-06-07 13:00:00,5251.0,16.7,2014-06-07,False,Saturday
7563,28,4205.188858,1064.811142,2014-06-07 13:30:00,5270.0,16.7,2014-06-07,False,Saturday
7564,29,4219.811406,1063.188594,2014-06-07 14:00:00,5283.0,15.8,2014-06-07,False,Saturday
7565,30,4223.843222,1071.156778,2014-06-07 14:30:00,5295.0,15.5,2014-06-07,False,Saturday
7566,31,4223.87515,1056.12485,2014-06-07 15:00:00,5280.0,14.9,2014-06-07,False,Saturday
7567,32,4235.013128,1056.986872,2014-06-07 15:30:00,5292.0,14.9,2014-06-07,False,Saturday
7568,33,4339.337862,1045.662138,2014-06-07 16:00:00,5385.0,14.6,2014-06-07,False,Saturday
7569,34,4579.810074,1049.189926,2014-06-07 16:30:00,5629.0,14.5,2014-06-07,False,Saturday
7570,35,4873.708152,1056.291848,2014-06-07 17:00:00,5930.0,14.4,2014-06-07,False,Saturday
7571,36,5159.436204,1059.563796,2014-06-07 17:30:00,6219.0,14.2,2014-06-07,False,Saturday
7572,37,5171.833362,1064.166638,2014-06-07 18:00:00,6236.0,14.0,2014-06-07,False,Saturday
7573,38,5065.900944,1041.099056,2014-06-07 18:30:00,6107.0,13.6,2014-06-07,False,Saturday
7574,39,4904.964398,1061.035602,2014-06-07 19:00:00,5966.0,13.4,2014-06-07,False,Saturday
7575,40,4791.019268,1046.980732,2014-06-07 19:30:00,5838.0,13.0,2014-06-07,False,Saturday
7576,41,4655.825164,1066.174836,2014-06-07 20:00:00,5722.0,12.8,2014-06-07,False,Saturday
7577,42,4563.917598,1041.082402,2014-06-07 20:30:00,5605.0,12.9,2014-06-07,False,Saturday
7578,43,4434.98297,1069.01703,2014-06-07 21:00:00,5504.0,13.1,2014-06-07,False,Saturday
7579,44,4313.737752,1047.262248,2014-06-07 21:30:00,5361.0,13.2,2014-06-07,False,Saturday
7580,45,4222.06174,1049.93826,2014-06-07 22:00:00,5272.0,13.1,2014-06-07,False,Saturday
7581,46,4170.80187,1063.19813,2014-06-07 22:30:00,5234.0,12.8,2014-06-07,False,Saturday
7582,47,4431.691176,1055.308824,2014-06-07 23:00:00,5487.0,12.7,2014-06-07,False,Saturday
7583,48,4514.704578,1078.295422,2014-06-07 23:30:00,5593.0,13.0,2014-06-07,False,Saturday
7584,1,4304.804278,1057.195722,2014-06-08 00:00:00,5362.0,13.0,2014-06-08,False,Sunday
7585,2,4089.628928,1072.371072,2014-06-08 00:30:00,5162.0,12.7,2014-06-08,False,Sunday
7586,3,3886.981264,1065.018736,2014-06-08 01:00:00,4952.0,13.1,2014-06-08,False,Sunday
7587,4,3669.86977,1052.13023,2014-06-08 01:30:00,4722.0,12.9,2014-06-08,False,Sunday
7588,5,3540.257086,1073.742914,2014-06-08 02:00:00,4614.0,12.8,2014-06-08,False,Sunday
7589,6,3410.597012,1051.402988,2014-06-08 02:30:00,4462.0,12.7,2014-06-08,False,Sunday
7590,7,3315.330714,1055.669286,2014-06-08 03:00:00,4371.0,12.6,2014-06-08,False,Sunday
7591,8,3263.312742,1038.687258,2014-06-08 03:30:00,4302.0,12.5,2014-06-08,False,Sunday
7592,9,3235.921956,1058.078044,2014-06-08 04:00:00,4294.0,12.2,2014-06-08,False,Sunday
7593,10,3223.544432,1070.455568,2014-06-08 04:30:00,4294.0,12.1,2014-06-08,False,Sunday
7594,11,3254.55544,1058.44456,2014-06-08 05:00:00,4313.0,12.2,2014-06-08,False,Sunday
7595,12,3296.600982,1061.399018,2014-06-08 05:30:00,4358.0,11.7,2014-06-08,False,Sunday
7596,13,3320.105074,1052.894926,2014-06-08 06:00:00,4373.0,12.1,2014-06-08,False,Sunday
7597,14,3421.533232,1051.466768,2014-06-08 06:30:00,4473.0,12.4,2014-06-08,False,Sunday
7598,15,3437.692738,1063.307262,2014-06-08 07:00:00,4501.0,12.4,2014-06-08,False,Sunday
7599,16,3593.337944,1043.662056,2014-06-08 07:30:00,4637.0,12.4,2014-06-08,False,Sunday
7600,17,3810.892078,1048.107922,2014-06-08 08:00:00,4859.0,11.5,2014-06-08,False,Sunday
7601,18,3958.610968,1074.389032,2014-06-08 08:30:00,5033.0,11.7,2014-06-08,False,Sunday
7602,19,4037.57576,1064.42424,2014-06-08 09:00:00,5102.0,12.7,2014-06-08,False,Sunday
7603,20,4044.473678,1065.526322,2014-06-08 09:30:00,5110.0,13.4,2014-06-08,False,Sunday
7604,21,4052.601374,1039.398626,2014-06-08 10:00:00,5092.0,14.7,2014-06-08,False,Sunday
7605,22,4035.70187,1062.29813,2014-06-08 10:30:00,5098.0,14.6,2014-06-08,False,Sunday
7606,23,4024.978036,1062.021964,2014-06-08 11:00:00,5087.0,14.2,2014-06-08,False,Sunday
7607,24,3996.13103,1064.86897,2014-06-08 11:30:00,5061.0,14.2,2014-06-08,False,Sunday
7608,25,3988.29855,1077.70145,2014-06-08 12:00:00,5066.0,14.9,2014-06-08,False,Sunday
7609,26,3978.196102,1064.803898,2014-06-08 12:30:00,5043.0,14.5,2014-06-08,False,Sunday
7610,27,3997.274636,1068.725364,2014-06-08 13:00:00,5066.0,14.8,2014-06-08,False,Sunday
7611,28,4017.852186,1073.147814,2014-06-08 13:30:00,5091.0,14.5,2014-06-08,False,Sunday
7612,29,4012.919824,1060.080176,2014-06-08 14:00:00,5073.0,14.6,2014-06-08,False,Sunday
7613,30,4027.30722,1068.69278,2014-06-08 14:30:00,5096.0,14.6,2014-06-08,False,Sunday
7614,31,4071.432752,1079.567248,2014-06-08 15:00:00,5151.0,14.2,2014-06-08,False,Sunday
7615,32,4152.512448,1065.487552,2014-06-08 15:30:00,5218.0,14.0,2014-06-08,False,Sunday
7616,33,4279.12771,1061.87229,2014-06-08 16:00:00,5341.0,13.7,2014-06-08,False,Sunday
7617,34,4520.13819,1074.86181,2014-06-08 16:30:00,5595.0,13.7,2014-06-08,False,Sunday
7618,35,4852.091174,1057.908826,2014-06-08 17:00:00,5910.0,13.4,2014-06-08,False,Sunday
7619,36,5207.22887,1065.77113,2014-06-08 17:30:00,6273.0,13.1,2014-06-08,False,Sunday
7620,37,5263.319494,1060.680506,2014-06-08 18:00:00,6324.0,12.8,2014-06-08,False,Sunday
7621,38,5194.352204,1058.647796,2014-06-08 18:30:00,6253.0,12.5,2014-06-08,False,Sunday
7622,39,5064.241604,1066.758396,2014-06-08 19:00:00,6131.0,12.3,2014-06-08,False,Sunday
7623,40,4950.322662,1046.677338,2014-06-08 19:30:00,5997.0,11.9,2014-06-08,False,Sunday
7624,41,4848.98581,1051.01419,2014-06-08 20:00:00,5900.0,11.4,2014-06-08,False,Sunday
7625,42,4764.892412,1066.107588,2014-06-08 20:30:00,5831.0,11.1,2014-06-08,False,Sunday
7626,43,4640.666738,1043.333262,2014-06-08 21:00:00,5684.0,11.0,2014-06-08,False,Sunday
7627,44,4504.81324,1058.18676,2014-06-08 21:30:00,5563.0,10.7,2014-06-08,False,Sunday
7628,45,4415.932886,1058.067114,2014-06-08 22:00:00,5474.0,10.4,2014-06-08,False,Sunday
7629,46,4385.089966,1039.910034,2014-06-08 22:30:00,5425.0,10.1,2014-06-08,False,Sunday
7630,47,4655.430016,1061.569984,2014-06-08 23:00:00,5717.0,10.0,2014-06-08,False,Sunday
7631,48,4702.196778,1047.803222,2014-06-08 23:30:00,5750.0,9.9,2014-06-08,False,Sunday
7632,1,4479.376326,1057.623674,2014-06-09 00:00:00,5537.0,10.0,2014-06-09,True,Monday
7633,2,4278.067624,1070.932376,2014-06-09 00:30:00,5349.0,9.8,2014-06-09,True,Monday
7634,3,4084.998762,1060.001238,2014-06-09 01:00:00,5145.0,9.6,2014-06-09,True,Monday
7635,4,3853.252668,1059.747332,2014-06-09 01:30:00,4913.0,9.8,2014-06-09,True,Monday
7636,5,3667.77986,1074.22014,2014-06-09 02:00:00,4742.0,9.7,2014-06-09,True,Monday
7637,6,3520.259948,1052.740052,2014-06-09 02:30:00,4573.0,9.4,2014-06-09,True,Monday
7638,7,3432.146276,1058.853724,2014-06-09 03:00:00,4491.0,9.6,2014-06-09,True,Monday
7639,8,3368.65705,1068.34295,2014-06-09 03:30:00,4437.0,9.5,2014-06-09,True,Monday
7640,9,3357.789174,1045.210826,2014-06-09 04:00:00,4403.0,9.5,2014-06-09,True,Monday
7641,10,3352.30134,1065.69866,2014-06-09 04:30:00,4418.0,9.2,2014-06-09,True,Monday
7642,11,3416.244164,1043.755836,2014-06-09 05:00:00,4460.0,9.2,2014-06-09,True,Monday
7643,12,3507.395508,1039.604492,2014-06-09 05:30:00,4547.0,9.0,2014-06-09,True,Monday
7644,13,3663.025392,1056.974608,2014-06-09 06:00:00,4720.0,9.0,2014-06-09,True,Monday
7645,14,3826.930662,1044.069338,2014-06-09 06:30:00,4871.0,8.8,2014-06-09,True,Monday
7646,15,3864.387672,1054.612328,2014-06-09 07:00:00,4919.0,9.2,2014-06-09,True,Monday
7647,16,4082.54723,1004.45277,2014-06-09 07:30:00,5087.0,9.3,2014-06-09,True,Monday
7648,17,4289.857588,1031.142412,2014-06-09 08:00:00,5321.0,9.4,2014-06-09,True,Monday
7649,18,4418.617016,1064.382984,2014-06-09 08:30:00,5483.0,9.2,2014-06-09,True,Monday
7650,19,4468.257106,1031.742894,2014-06-09 09:00:00,5500.0,9.7,2014-06-09,True,Monday
7651,20,4452.992596,1063.007404,2014-06-09 09:30:00,5516.0,11.1,2014-06-09,True,Monday
7652,21,4399.861086,1070.138914,2014-06-09 10:00:00,5470.0,12.9,2014-06-09,True,Monday
7653,22,4314.910792,1083.089208,2014-06-09 10:30:00,5398.0,13.5,2014-06-09,True,Monday
7654,23,4242.29276,1058.70724,2014-06-09 11:00:00,5301.0,13.6,2014-06-09,True,Monday
7655,24,4184.552926,1063.447074,2014-06-09 11:30:00,5248.0,14.4,2014-06-09,True,Monday
7656,25,4153.436946,1072.563054,2014-06-09 12:00:00,5226.0,14.7,2014-06-09,True,Monday
7657,26,4121.84028,1046.15972,2014-06-09 12:30:00,5168.0,15.2,2014-06-09,True,Monday
7658,27,4147.604724,1058.395276,2014-06-09 13:00:00,5206.0,14.8,2014-06-09,True,Monday
7659,28,4145.063854,1038.936146,2014-06-09 13:30:00,5184.0,15.2,2014-06-09,True,Monday
7660,29,4133.876034,1065.123966,2014-06-09 14:00:00,5199.0,15.4,2014-06-09,True,Monday
7661,30,4157.061326,1056.938674,2014-06-09 14:30:00,5214.0,14.6,2014-06-09,True,Monday
7662,31,4221.543786,1043.456214,2014-06-09 15:00:00,5265.0,14.8,2014-06-09,True,Monday
7663,32,4326.409232,1039.590768,2014-06-09 15:30:00,5366.0,15.0,2014-06-09,True,Monday
7664,33,4484.176878,1052.823122,2014-06-09 16:00:00,5537.0,15.1,2014-06-09,True,Monday
7665,34,4767.947728,1045.052272,2014-06-09 16:30:00,5813.0,14.6,2014-06-09,True,Monday
7666,35,5183.304158,1071.695842,2014-06-09 17:00:00,6255.0,14.2,2014-06-09,True,Monday
7667,36,5547.247706,1069.752294,2014-06-09 17:30:00,6617.0,13.7,2014-06-09,True,Monday
7668,37,5566.649742,1073.350258,2014-06-09 18:00:00,6640.0,13.8,2014-06-09,True,Monday
7669,38,5455.60535,1046.39465,2014-06-09 18:30:00,6502.0,13.9,2014-06-09,True,Monday
7670,39,5312.785606,1061.214394,2014-06-09 19:00:00,6374.0,12.8,2014-06-09,True,Monday
7671,40,5184.509142,1015.490858,2014-06-09 19:30:00,6200.0,12.3,2014-06-09,True,Monday
7672,41,5060.154418,1067.845582,2014-06-09 20:00:00,6128.0,12.4,2014-06-09,True,Monday
7673,42,4941.768828,1053.231172,2014-06-09 20:30:00,5995.0,12.1,2014-06-09,True,Monday
7674,43,4763.816198,1072.183802,2014-06-09 21:00:00,5836.0,12.1,2014-06-09,True,Monday
7675,44,4568.188944,1072.811056,2014-06-09 21:30:00,5641.0,12.3,2014-06-09,True,Monday
7676,45,4385.237936,1073.762064,2014-06-09 22:00:00,5459.0,12.0,2014-06-09,True,Monday
7677,46,4271.91225,1048.08775,2014-06-09 22:30:00,5320.0,11.8,2014-06-09,True,Monday
7678,47,4516.396892,1067.603108,2014-06-09 23:00:00,5584.0,11.8,2014-06-09,True,Monday
7679,48,4561.584958,1063.415042,2014-06-09 23:30:00,5625.0,11.7,2014-06-09,True,Monday
7680,1,4373.325216,1079.674784,2014-06-10 00:00:00,5453.0,11.9,2014-06-10,False,Tuesday
7681,2,4181.87437,1096.12563,2014-06-10 00:30:00,5278.0,11.9,2014-06-10,False,Tuesday
7682,3,4005.077404,1075.922596,2014-06-10 01:00:00,5081.0,11.8,2014-06-10,False,Tuesday
7683,4,3832.401542,1068.598458,2014-06-10 01:30:00,4901.0,11.8,2014-06-10,False,Tuesday
7684,5,3634.800816,1093.199184,2014-06-10 02:00:00,4728.0,11.7,2014-06-10,False,Tuesday
7685,6,3503.037342,1071.962658,2014-06-10 02:30:00,4575.0,11.8,2014-06-10,False,Tuesday
7686,7,3429.55481,1084.44519,2014-06-10 03:00:00,4514.0,12.1,2014-06-10,False,Tuesday
7687,8,3392.336144,1085.663856,2014-06-10 03:30:00,4478.0,12.0,2014-06-10,False,Tuesday
7688,9,3395.838854,1056.161146,2014-06-10 04:00:00,4452.0,11.6,2014-06-10,False,Tuesday
7689,10,3440.695242,1086.304758,2014-06-10 04:30:00,4527.0,11.3,2014-06-10,False,Tuesday
7690,11,3616.258474,1052.741526,2014-06-10 05:00:00,4669.0,11.2,2014-06-10,False,Tuesday
7691,12,3884.279008,1076.720992,2014-06-10 05:30:00,4961.0,11.0,2014-06-10,False,Tuesday
7692,13,4331.24283,1065.75717,2014-06-10 06:00:00,5397.0,10.7,2014-06-10,False,Tuesday
7693,14,4840.337824,1080.662176,2014-06-10 06:30:00,5921.0,10.4,2014-06-10,False,Tuesday
7694,15,5150.366556,1079.633444,2014-06-10 07:00:00,6230.0,10.1,2014-06-10,False,Tuesday
7695,16,5522.476146,1088.523854,2014-06-10 07:30:00,6611.0,10.0,2014-06-10,False,Tuesday
7696,17,5670.310876,1089.689124,2014-06-10 08:00:00,6760.0,9.8,2014-06-10,False,Tuesday
7697,18,5665.64043,1082.35957,2014-06-10 08:30:00,6748.0,9.7,2014-06-10,False,Tuesday
7698,19,5665.105414,1052.894586,2014-06-10 09:00:00,6718.0,10.2,2014-06-10,False,Tuesday
7699,20,5570.340112,1058.659888,2014-06-10 09:30:00,6629.0,10.1,2014-06-10,False,Tuesday
7700,21,5456.289166,1041.710834,2014-06-10 10:00:00,6498.0,11.6,2014-06-10,False,Tuesday
7701,22,5367.035978,1087.964022,2014-06-10 10:30:00,6455.0,11.6,2014-06-10,False,Tuesday
7702,23,5275.869228,1045.130772,2014-06-10 11:00:00,6321.0,12.4,2014-06-10,False,Tuesday
7703,24,5190.203178,1033.796822,2014-06-10 11:30:00,6224.0,14.0,2014-06-10,False,Tuesday
7704,25,5148.68106,1028.31894,2014-06-10 12:00:00,6177.0,14.5,2014-06-10,False,Tuesday
7705,26,5098.745212,1027.254788,2014-06-10 12:30:00,6126.0,16.6,2014-06-10,False,Tuesday
7706,27,5122.258328,1028.741672,2014-06-10 13:00:00,6151.0,17.1,2014-06-10,False,Tuesday
7707,28,5130.363052,1076.636948,2014-06-10 13:30:00,6207.0,17.8,2014-06-10,False,Tuesday
7708,29,5114.575782,1058.424218,2014-06-10 14:00:00,6173.0,17.7,2014-06-10,False,Tuesday
7709,30,5087.829782,1077.170218,2014-06-10 14:30:00,6165.0,17.8,2014-06-10,False,Tuesday
7710,31,5061.917216,1063.082784,2014-06-10 15:00:00,6125.0,18.3,2014-06-10,False,Tuesday
7711,32,5124.578474,1064.421526,2014-06-10 15:30:00,6189.0,18.0,2014-06-10,False,Tuesday
7712,33,5236.437482,1067.562518,2014-06-10 16:00:00,6304.0,17.3,2014-06-10,False,Tuesday
7713,34,5453.454826,1072.545174,2014-06-10 16:30:00,6526.0,17.1,2014-06-10,False,Tuesday
7714,35,5772.148766,1068.851234,2014-06-10 17:00:00,6841.0,15.9,2014-06-10,False,Tuesday
7715,36,6112.840324,1060.159676,2014-06-10 17:30:00,7173.0,15.3,2014-06-10,False,Tuesday
7716,37,6101.783514,1067.216486,2014-06-10 18:00:00,7169.0,14.9,2014-06-10,False,Tuesday
7717,38,6000.091064,1076.908936,2014-06-10 18:30:00,7077.0,14.8,2014-06-10,False,Tuesday
7718,39,5841.13465,1064.86535,2014-06-10 19:00:00,6906.0,14.2,2014-06-10,False,Tuesday
7719,40,5715.410474,1071.589526,2014-06-10 19:30:00,6787.0,13.6,2014-06-10,False,Tuesday
7720,41,5569.889578,1042.110422,2014-06-10 20:00:00,6612.0,13.3,2014-06-10,False,Tuesday
7721,42,5413.803502,1057.196498,2014-06-10 20:30:00,6471.0,12.7,2014-06-10,False,Tuesday
7722,43,5205.237896,1056.762104,2014-06-10 21:00:00,6262.0,11.9,2014-06-10,False,Tuesday
7723,44,4979.483588,1047.516412,2014-06-10 21:30:00,6027.0,11.9,2014-06-10,False,Tuesday
7724,45,4761.928194,1085.071806,2014-06-10 22:00:00,5847.0,11.2,2014-06-10,False,Tuesday
7725,46,4624.713,1072.287,2014-06-10 22:30:00,5697.0,10.6,2014-06-10,False,Tuesday
7726,47,4843.664698,1071.335302,2014-06-10 23:00:00,5915.0,10.9,2014-06-10,False,Tuesday
7727,48,4862.51877,1095.48123,2014-06-10 23:30:00,5958.0,10.3,2014-06-10,False,Tuesday
7728,1,4637.69018,1083.30982,2014-06-11 00:00:00,5721.0,10.0,2014-06-11,False,Wednesday
7729,2,4409.936808,1087.063192,2014-06-11 00:30:00,5497.0,9.7,2014-06-11,False,Wednesday
7730,3,4178.043386,1092.956614,2014-06-11 01:00:00,5271.0,9.2,2014-06-11,False,Wednesday
7731,4,3980.247514,1066.752486,2014-06-11 01:30:00,5047.0,8.5,2014-06-11,False,Wednesday
7732,5,3827.830404,1077.169596,2014-06-11 02:00:00,4905.0,8.4,2014-06-11,False,Wednesday
7733,6,3678.70269,1028.29731,2014-06-11 02:30:00,4707.0,7.6,2014-06-11,False,Wednesday
7734,7,3628.645562,1021.354438,2014-06-11 03:00:00,4650.0,7.9,2014-06-11,False,Wednesday
7735,8,3586.90205,1019.09795,2014-06-11 03:30:00,4606.0,7.6,2014-06-11,False,Wednesday
7736,9,3585.917744,1013.082256,2014-06-11 04:00:00,4599.0,7.6,2014-06-11,False,Wednesday
7737,10,3631.947196,1016.052804,2014-06-11 04:30:00,4648.0,8.0,2014-06-11,False,Wednesday
7738,11,3794.070518,1008.929482,2014-06-11 05:00:00,4803.0,7.9,2014-06-11,False,Wednesday
7739,12,4052.365852,1020.634148,2014-06-11 05:30:00,5073.0,7.7,2014-06-11,False,Wednesday
7740,13,4569.672148,1019.327852,2014-06-11 06:00:00,5589.0,7.2,2014-06-11,False,Wednesday
7741,14,5088.689176,1008.310824,2014-06-11 06:30:00,6097.0,7.1,2014-06-11,False,Wednesday
7742,15,5411.934028,1007.065972,2014-06-11 07:00:00,6419.0,7.1,2014-06-11,False,Wednesday
7743,16,5757.828122,1005.171878,2014-06-11 07:30:00,6763.0,7.3,2014-06-11,False,Wednesday
7744,17,5875.282608,1003.717392,2014-06-11 08:00:00,6879.0,7.6,2014-06-11,False,Wednesday
7745,18,5829.364278,1011.635722,2014-06-11 08:30:00,6841.0,8.2,2014-06-11,False,Wednesday
7746,19,5763.353386,1014.646614,2014-06-11 09:00:00,6778.0,9.2,2014-06-11,False,Wednesday
7747,20,5627.407178,1017.592822,2014-06-11 09:30:00,6645.0,11.1,2014-06-11,False,Wednesday
7748,21,5509.827824,1012.172176,2014-06-11 10:00:00,6522.0,12.2,2014-06-11,False,Wednesday
7749,22,5385.157008,1014.842992,2014-06-11 10:30:00,6400.0,13.5,2014-06-11,False,Wednesday
7750,23,5305.73896,1015.26104,2014-06-11 11:00:00,6321.0,14.7,2014-06-11,False,Wednesday
7751,24,5277.589606,1011.410394,2014-06-11 11:30:00,6289.0,15.0,2014-06-11,False,Wednesday
7752,25,5242.82059,1010.17941,2014-06-11 12:00:00,6253.0,15.0,2014-06-11,False,Wednesday
7753,26,5187.395878,1010.604122,2014-06-11 12:30:00,6198.0,15.6,2014-06-11,False,Wednesday
7754,27,5189.096822,1008.903178,2014-06-11 13:00:00,6198.0,16.2,2014-06-11,False,Wednesday
7755,28,5181.191738,1010.808262,2014-06-11 13:30:00,6192.0,15.5,2014-06-11,False,Wednesday
7756,29,5157.543756,1011.456244,2014-06-11 14:00:00,6169.0,14.8,2014-06-11,False,Wednesday
7757,30,5152.70566,1008.29434,2014-06-11 14:30:00,6161.0,15.4,2014-06-11,False,Wednesday
7758,31,5099.000296,1008.999704,2014-06-11 15:00:00,6108.0,16.2,2014-06-11,False,Wednesday
7759,32,5147.850404,1007.149596,2014-06-11 15:30:00,6155.0,15.8,2014-06-11,False,Wednesday
7760,33,5284.911672,1005.088328,2014-06-11 16:00:00,6290.0,15.6,2014-06-11,False,Wednesday
7761,34,5524.200706,1006.799294,2014-06-11 16:30:00,6531.0,15.2,2014-06-11,False,Wednesday
7762,35,5925.441006,1012.558994,2014-06-11 17:00:00,6938.0,14.7,2014-06-11,False,Wednesday
7763,36,6210.24576,1009.75424,2014-06-11 17:30:00,7220.0,14.6,2014-06-11,False,Wednesday
7764,37,6190.927476,1009.072524,2014-06-11 18:00:00,7200.0,14.5,2014-06-11,False,Wednesday
7765,38,6077.601694,1006.398306,2014-06-11 18:30:00,7084.0,14.1,2014-06-11,False,Wednesday
7766,39,5937.957856,1011.042144,2014-06-11 19:00:00,6949.0,13.9,2014-06-11,False,Wednesday
7767,40,5798.132046,1010.867954,2014-06-11 19:30:00,6809.0,13.5,2014-06-11,False,Wednesday
7768,41,5620.045186,1009.954814,2014-06-11 20:00:00,6630.0,13.2,2014-06-11,False,Wednesday
7769,42,5453.768186,1006.231814,2014-06-11 20:30:00,6460.0,13.1,2014-06-11,False,Wednesday
7770,43,5263.248262,1010.751738,2014-06-11 21:00:00,6274.0,12.8,2014-06-11,False,Wednesday
7771,44,5027.846568,1014.153432,2014-06-11 21:30:00,6042.0,12.7,2014-06-11,False,Wednesday
7772,45,4803.622126,1011.377874,2014-06-11 22:00:00,5815.0,12.6,2014-06-11,False,Wednesday
7773,46,4623.417382,1018.582618,2014-06-11 22:30:00,5642.0,12.5,2014-06-11,False,Wednesday
7774,47,4803.503168,1016.496832,2014-06-11 23:00:00,5820.0,12.3,2014-06-11,False,Wednesday
7775,48,4802.76164,1026.23836,2014-06-11 23:30:00,5829.0,12.0,2014-06-11,False,Wednesday
7776,1,4538.57404,1021.42596,2014-06-12 00:00:00,5560.0,12.3,2014-06-12,False,Thursday
7777,2,4318.029936,1029.970064,2014-06-12 00:30:00,5348.0,12.1,2014-06-12,False,Thursday
7778,3,4086.032874,1016.967126,2014-06-12 01:00:00,5103.0,10.7,2014-06-12,False,Thursday
7779,4,3898.092046,1014.907954,2014-06-12 01:30:00,4913.0,10.3,2014-06-12,False,Thursday
7780,5,3739.55266,1012.44734,2014-06-12 02:00:00,4752.0,10.4,2014-06-12,False,Thursday
7781,6,3619.233942,1007.766058,2014-06-12 02:30:00,4627.0,11.2,2014-06-12,False,Thursday
7782,7,3551.603782,1010.396218,2014-06-12 03:00:00,4562.0,12.0,2014-06-12,False,Thursday
7783,8,3513.928418,1013.071582,2014-06-12 03:30:00,4527.0,12.4,2014-06-12,False,Thursday
7784,9,3520.987366,1008.012634,2014-06-12 04:00:00,4529.0,12.2,2014-06-12,False,Thursday
7785,10,3568.046528,1010.953472,2014-06-12 04:30:00,4579.0,11.6,2014-06-12,False,Thursday
7786,11,3715.997178,1020.002822,2014-06-12 05:00:00,4736.0,11.7,2014-06-12,False,Thursday
7787,12,3970.522962,1025.477038,2014-06-12 05:30:00,4996.0,12.3,2014-06-12,False,Thursday
7788,13,4445.85341,1025.14659,2014-06-12 06:00:00,5471.0,12.2,2014-06-12,False,Thursday
7789,14,4943.015248,1027.984752,2014-06-12 06:30:00,5971.0,12.2,2014-06-12,False,Thursday
7790,15,5313.272178,1030.727822,2014-06-12 07:00:00,6344.0,11.9,2014-06-12,False,Thursday
7791,16,5682.63422,1024.36578,2014-06-12 07:30:00,6707.0,11.8,2014-06-12,False,Thursday
7792,17,5782.073298,1017.926702,2014-06-12 08:00:00,6800.0,11.8,2014-06-12,False,Thursday
7793,18,5765.490014,1017.509986,2014-06-12 08:30:00,6783.0,12.2,2014-06-12,False,Thursday
7794,19,5801.13305,1014.86695,2014-06-12 09:00:00,6816.0,12.3,2014-06-12,False,Thursday
7795,20,5733.855096,1012.144904,2014-06-12 09:30:00,6746.0,12.6,2014-06-12,False,Thursday
7796,21,5662.33197,1018.66803,2014-06-12 10:00:00,6681.0,13.0,2014-06-12,False,Thursday
7797,22,5607.298252,1019.701748,2014-06-12 10:30:00,6627.0,13.4,2014-06-12,False,Thursday
7798,23,5547.731732,1021.268268,2014-06-12 11:00:00,6569.0,13.7,2014-06-12,False,Thursday
7799,24,5469.641508,1027.358492,2014-06-12 11:30:00,6497.0,13.9,2014-06-12,False,Thursday
7800,25,5425.844614,1026.155386,2014-06-12 12:00:00,6452.0,14.4,2014-06-12,False,Thursday
7801,26,5424.99497,1020.00503,2014-06-12 12:30:00,6445.0,14.8,2014-06-12,False,Thursday
7802,27,5459.601452,1022.398548,2014-06-12 13:00:00,6482.0,15.2,2014-06-12,False,Thursday
7803,28,5468.029138,1019.970862,2014-06-12 13:30:00,6488.0,15.6,2014-06-12,False,Thursday
7804,29,5462.547348,1014.452652,2014-06-12 14:00:00,6477.0,15.9,2014-06-12,False,Thursday
7805,30,5429.574772,1012.425228,2014-06-12 14:30:00,6442.0,16.1,2014-06-12,False,Thursday
7806,31,5424.90622,1012.09378,2014-06-12 15:00:00,6437.0,16.2,2014-06-12,False,Thursday
7807,32,5490.086148,1015.913852,2014-06-12 15:30:00,6506.0,16.1,2014-06-12,False,Thursday
7808,33,5609.13784,1015.86216,2014-06-12 16:00:00,6625.0,15.4,2014-06-12,False,Thursday
7809,34,5767.085646,1016.914354,2014-06-12 16:30:00,6784.0,15.0,2014-06-12,False,Thursday
7810,35,6048.479982,1008.520018,2014-06-12 17:00:00,7057.0,14.7,2014-06-12,False,Thursday
7811,36,6260.06417,1008.93583,2014-06-12 17:30:00,7269.0,14.7,2014-06-12,False,Thursday
7812,37,6196.382948,1013.617052,2014-06-12 18:00:00,7210.0,14.8,2014-06-12,False,Thursday
7813,38,6083.206688,1012.793312,2014-06-12 18:30:00,7096.0,14.7,2014-06-12,False,Thursday
7814,39,5924.875788,1010.124212,2014-06-12 19:00:00,6935.0,14.6,2014-06-12,False,Thursday
7815,40,5784.789412,1008.210588,2014-06-12 19:30:00,6793.0,14.4,2014-06-12,False,Thursday
7816,41,5633.728224,1018.271776,2014-06-12 20:00:00,6652.0,14.5,2014-06-12,False,Thursday
7817,42,5472.41889,1011.58111,2014-06-12 20:30:00,6484.0,14.6,2014-06-12,False,Thursday
7818,43,5238.904504,1015.095496,2014-06-12 21:00:00,6254.0,14.8,2014-06-12,False,Thursday
7819,44,4994.794226,1019.205774,2014-06-12 21:30:00,6014.0,14.6,2014-06-12,False,Thursday
7820,45,4805.098424,1025.901576,2014-06-12 22:00:00,5831.0,14.2,2014-06-12,False,Thursday
7821,46,4672.84328,1032.15672,2014-06-12 22:30:00,5705.0,14.0,2014-06-12,False,Thursday
7822,47,4874.261918,1039.738082,2014-06-12 23:00:00,5914.0,14.4,2014-06-12,False,Thursday
7823,48,4870.134214,1038.865786,2014-06-12 23:30:00,5909.0,13.7,2014-06-12,False,Thursday
7824,1,4643.751094,1043.248906,2014-06-13 00:00:00,5687.0,13.3,2014-06-13,False,Friday
7825,2,4426.953322,1046.046678,2014-06-13 00:30:00,5473.0,13.3,2014-06-13,False,Friday
7826,3,4210.988594,1052.011406,2014-06-13 01:00:00,5263.0,13.1,2014-06-13,False,Friday
7827,4,4015.001094,1049.998906,2014-06-13 01:30:00,5065.0,13.2,2014-06-13,False,Friday
7828,5,3842.646576,1048.353424,2014-06-13 02:00:00,4891.0,13.0,2014-06-13,False,Friday
7829,6,3697.864146,1037.135854,2014-06-13 02:30:00,4735.0,12.8,2014-06-13,False,Friday
7830,7,3661.890228,1036.109772,2014-06-13 03:00:00,4698.0,12.7,2014-06-13,False,Friday
7831,8,3612.385538,1037.614462,2014-06-13 03:30:00,4650.0,12.8,2014-06-13,False,Friday
7832,9,3616.85302,1031.14698,2014-06-13 04:00:00,4648.0,12.7,2014-06-13,False,Friday
7833,10,3659.25623,1036.74377,2014-06-13 04:30:00,4696.0,12.6,2014-06-13,False,Friday
7834,11,3846.127698,1031.872302,2014-06-13 05:00:00,4878.0,12.4,2014-06-13,False,Friday
7835,12,4033.0489,1043.9511,2014-06-13 05:30:00,5077.0,12.4,2014-06-13,False,Friday
7836,13,4438.58648,1077.41352,2014-06-13 06:00:00,5516.0,12.3,2014-06-13,False,Friday
7837,14,4859.042346,1083.957654,2014-06-13 06:30:00,5943.0,12.4,2014-06-13,False,Friday
7838,15,5196.512942,1058.487058,2014-06-13 07:00:00,6255.0,12.6,2014-06-13,False,Friday
7839,16,5545.160198,1086.839802,2014-06-13 07:30:00,6632.0,12.8,2014-06-13,False,Friday
7840,17,5687.79832,1048.20168,2014-06-13 08:00:00,6736.0,12.6,2014-06-13,False,Friday
7841,18,5710.189742,1104.810258,2014-06-13 08:30:00,6815.0,12.9,2014-06-13,False,Friday
7842,19,5724.357074,1086.642926,2014-06-13 09:00:00,6811.0,12.9,2014-06-13,False,Friday
7843,20,5641.557574,1095.442426,2014-06-13 09:30:00,6737.0,13.0,2014-06-13,False,Friday
7844,21,5517.580404,1043.419596,2014-06-13 10:00:00,6561.0,13.7,2014-06-13,False,Friday
7845,22,5447.83201,1056.16799,2014-06-13 10:30:00,6504.0,14.0,2014-06-13,False,Friday
7846,23,5400.710816,1098.289184,2014-06-13 11:00:00,6499.0,14.9,2014-06-13,False,Friday
7847,24,5334.9979,1062.0021,2014-06-13 11:30:00,6397.0,15.4,2014-06-13,False,Friday
7848,25,5284.530956,1101.469044,2014-06-13 12:00:00,6386.0,15.5,2014-06-13,False,Friday
7849,26,5234.965142,1085.034858,2014-06-13 12:30:00,6320.0,15.9,2014-06-13,False,Friday
7850,27,5208.651154,1093.348846,2014-06-13 13:00:00,6302.0,16.3,2014-06-13,False,Friday
7851,28,5187.672504,1104.327496,2014-06-13 13:30:00,6292.0,16.5,2014-06-13,False,Friday
7852,29,5123.64611,1048.35389,2014-06-13 14:00:00,6172.0,16.2,2014-06-13,False,Friday
7853,30,5084.114006,1098.885994,2014-06-13 14:30:00,6183.0,16.2,2014-06-13,False,Friday
7854,31,5052.995902,1067.004098,2014-06-13 15:00:00,6120.0,16.5,2014-06-13,False,Friday
7855,32,5074.765032,1045.234968,2014-06-13 15:30:00,6120.0,16.2,2014-06-13,False,Friday
7856,33,5195.964272,1063.035728,2014-06-13 16:00:00,6259.0,15.9,2014-06-13,False,Friday
7857,34,5407.223994,1083.776006,2014-06-13 16:30:00,6491.0,15.6,2014-06-13,False,Friday
7858,35,5685.627626,1077.372374,2014-06-13 17:00:00,6763.0,15.4,2014-06-13,False,Friday
7859,36,5889.73032,1083.26968,2014-06-13 17:30:00,6973.0,15.1,2014-06-13,False,Friday
7860,37,5839.37784,1093.62216,2014-06-13 18:00:00,6933.0,15.0,2014-06-13,False,Friday
7861,38,5725.659548,1078.340452,2014-06-13 18:30:00,6804.0,14.6,2014-06-13,False,Friday
7862,39,5585.784538,1094.215462,2014-06-13 19:00:00,6680.0,14.6,2014-06-13,False,Friday
7863,40,5463.776788,1066.223212,2014-06-13 19:30:00,6530.0,14.2,2014-06-13,False,Friday
7864,41,5326.658678,1090.341322,2014-06-13 20:00:00,6417.0,14.0,2014-06-13,False,Friday
7865,42,5200.70204,1085.29796,2014-06-13 20:30:00,6286.0,13.8,2014-06-13,False,Friday
7866,43,5011.399498,1086.600502,2014-06-13 21:00:00,6098.0,13.6,2014-06-13,False,Friday
7867,44,4829.540456,1094.459544,2014-06-13 21:30:00,5924.0,13.3,2014-06-13,False,Friday
7868,45,4707.781888,1048.218112,2014-06-13 22:00:00,5756.0,13.1,2014-06-13,False,Friday
7869,46,4609.925896,1090.074104,2014-06-13 22:30:00,5700.0,12.9,2014-06-13,False,Friday
7870,47,4859.362412,1059.637588,2014-06-13 23:00:00,5919.0,12.9,2014-06-13,False,Friday
7871,48,4851.628232,1090.371768,2014-06-13 23:30:00,5942.0,12.4,2014-06-13,False,Friday
7872,1,4599.75353,1074.24647,2014-06-14 00:00:00,5674.0,12.4,2014-06-14,False,Saturday
7873,2,4360.254842,1083.745158,2014-06-14 00:30:00,5444.0,12.4,2014-06-14,False,Saturday
7874,3,4138.153498,1093.846502,2014-06-14 01:00:00,5232.0,12.5,2014-06-14,False,Saturday
7875,4,3911.196082,1057.803918,2014-06-14 01:30:00,4969.0,11.7,2014-06-14,False,Saturday
7876,5,3719.347672,883.652328,2014-06-14 02:00:00,4603.0,11.6,2014-06-14,False,Saturday
7877,6,3609.359834,888.640166,2014-06-14 02:30:00,4498.0,11.4,2014-06-14,False,Saturday
7878,7,3538.475574,869.524426,2014-06-14 03:00:00,4408.0,11.2,2014-06-14,False,Saturday
7879,8,3488.724622,1038.275378,2014-06-14 03:30:00,4527.0,11.0,2014-06-14,False,Saturday
7880,9,3447.864394,1077.135606,2014-06-14 04:00:00,4525.0,10.4,2014-06-14,False,Saturday
7881,10,3435.46161,1080.53839,2014-06-14 04:30:00,4516.0,10.4,2014-06-14,False,Saturday
7882,11,3488.61079,1088.38921,2014-06-14 05:00:00,4577.0,10.6,2014-06-14,False,Saturday
7883,12,3576.61548,1067.38452,2014-06-14 05:30:00,4644.0,10.5,2014-06-14,False,Saturday
7884,13,3779.961088,1064.038912,2014-06-14 06:00:00,4844.0,11.0,2014-06-14,False,Saturday
7885,14,3934.749366,1076.250634,2014-06-14 06:30:00,5011.0,11.4,2014-06-14,False,Saturday
7886,15,4024.216802,1042.783198,2014-06-14 07:00:00,5067.0,12.1,2014-06-14,False,Saturday
7887,16,4245.870886,1072.129114,2014-06-14 07:30:00,5318.0,11.9,2014-06-14,False,Saturday
7888,17,4491.530778,1051.469222,2014-06-14 08:00:00,5543.0,12.0,2014-06-14,False,Saturday
7889,18,4630.730574,1065.269426,2014-06-14 08:30:00,5696.0,11.8,2014-06-14,False,Saturday
7890,19,4711.045862,1056.954138,2014-06-14 09:00:00,5768.0,12.2,2014-06-14,False,Saturday
7891,20,4699.510912,1070.489088,2014-06-14 09:30:00,5770.0,12.1,2014-06-14,False,Saturday
7892,21,4711.669022,1083.330978,2014-06-14 10:00:00,5795.0,12.1,2014-06-14,False,Saturday
7893,22,4661.739342,1050.260658,2014-06-14 10:30:00,5712.0,12.6,2014-06-14,False,Saturday
7894,23,4610.039566,1074.960434,2014-06-14 11:00:00,5685.0,13.1,2014-06-14,False,Saturday
7895,24,4562.385604,1082.614396,2014-06-14 11:30:00,5645.0,13.4,2014-06-14,False,Saturday
7896,25,4511.2599,1073.7401,2014-06-14 12:00:00,5585.0,14.0,2014-06-14,False,Saturday
7897,26,4455.447682,1077.552318,2014-06-14 12:30:00,5533.0,14.3,2014-06-14,False,Saturday
7898,27,4460.11021,1025.88979,2014-06-14 13:00:00,5486.0,15.2,2014-06-14,False,Saturday
7899,28,4450.834956,1022.165044,2014-06-14 13:30:00,5473.0,15.1,2014-06-14,False,Saturday
7900,29,4424.026604,1071.973396,2014-06-14 14:00:00,5496.0,14.5,2014-06-14,False,Saturday
7901,30,4430.351402,1040.648598,2014-06-14 14:30:00,5471.0,14.6,2014-06-14,False,Saturday
7902,31,4487.66817,1085.33183,2014-06-14 15:00:00,5573.0,14.8,2014-06-14,False,Saturday
7903,32,4616.576428,1064.423572,2014-06-14 15:30:00,5681.0,15.1,2014-06-14,False,Saturday
7904,33,4763.003584,1090.996416,2014-06-14 16:00:00,5854.0,14.5,2014-06-14,False,Saturday
7905,34,4963.20783,1061.79217,2014-06-14 16:30:00,6025.0,14.3,2014-06-14,False,Saturday
7906,35,5215.964474,1069.035526,2014-06-14 17:00:00,6285.0,13.5,2014-06-14,False,Saturday
7907,36,5425.478888,1083.521112,2014-06-14 17:30:00,6509.0,13.0,2014-06-14,False,Saturday
7908,37,5425.579342,1057.420658,2014-06-14 18:00:00,6483.0,13.2,2014-06-14,False,Saturday
7909,38,5261.840366,1068.159634,2014-06-14 18:30:00,6330.0,13.4,2014-06-14,False,Saturday
7910,39,5108.589232,1032.410768,2014-06-14 19:00:00,6141.0,13.6,2014-06-14,False,Saturday
7911,40,4975.16823,1014.83177,2014-06-14 19:30:00,5990.0,13.5,2014-06-14,False,Saturday
7912,41,4848.349042,1071.650958,2014-06-14 20:00:00,5920.0,13.6,2014-06-14,False,Saturday
7913,42,4731.850802,1070.149198,2014-06-14 20:30:00,5802.0,13.7,2014-06-14,False,Saturday
7914,43,4616.470016,1072.529984,2014-06-14 21:00:00,5689.0,13.7,2014-06-14,False,Saturday
7915,44,4483.755432,1055.244568,2014-06-14 21:30:00,5539.0,13.6,2014-06-14,False,Saturday
7916,45,4392.272624,1058.727376,2014-06-14 22:00:00,5451.0,13.6,2014-06-14,False,Saturday
7917,46,4371.59523,1072.40477,2014-06-14 22:30:00,5444.0,13.3,2014-06-14,False,Saturday
7918,47,4635.47594,1043.52406,2014-06-14 23:00:00,5679.0,13.2,2014-06-14,False,Saturday
7919,48,4704.417874,1069.582126,2014-06-14 23:30:00,5774.0,13.1,2014-06-14,False,Saturday
7920,1,4495.939938,1067.060062,2014-06-15 00:00:00,5563.0,12.7,2014-06-15,False,Sunday
7921,2,4273.777076,1064.222924,2014-06-15 00:30:00,5338.0,12.7,2014-06-15,False,Sunday
7922,3,4049.779244,1063.220756,2014-06-15 01:00:00,5113.0,12.9,2014-06-15,False,Sunday
7923,4,3855.332396,1046.667604,2014-06-15 01:30:00,4902.0,12.3,2014-06-15,False,Sunday
7924,5,3692.909922,1069.090078,2014-06-15 02:00:00,4762.0,12.2,2014-06-15,False,Sunday
7925,6,3538.78747,1062.21253,2014-06-15 02:30:00,4601.0,12.2,2014-06-15,False,Sunday
7926,7,3444.517494,1030.482506,2014-06-15 03:00:00,4475.0,12.2,2014-06-15,False,Sunday
7927,8,3375.550506,1046.449494,2014-06-15 03:30:00,4422.0,12.1,2014-06-15,False,Sunday
7928,9,3332.269108,1057.730892,2014-06-15 04:00:00,4390.0,11.7,2014-06-15,False,Sunday
7929,10,3322.836714,1048.163286,2014-06-15 04:30:00,4371.0,11.4,2014-06-15,False,Sunday
7930,11,3347.929806,1015.070194,2014-06-15 05:00:00,4363.0,11.3,2014-06-15,False,Sunday
7931,12,3397.958496,1013.041504,2014-06-15 05:30:00,4411.0,11.2,2014-06-15,False,Sunday
7932,13,3491.38075,1009.61925,2014-06-15 06:00:00,4501.0,11.3,2014-06-15,False,Sunday
7933,14,3624.139836,1006.860164,2014-06-15 06:30:00,4631.0,11.2,2014-06-15,False,Sunday
7934,15,3656.622596,1008.377404,2014-06-15 07:00:00,4665.0,11.0,2014-06-15,False,Sunday
7935,16,3836.086906,1011.913094,2014-06-15 07:30:00,4848.0,10.8,2014-06-15,False,Sunday
7936,17,4022.901236,1013.098764,2014-06-15 08:00:00,5036.0,10.0,2014-06-15,False,Sunday
7937,18,4155.7897,1019.2103,2014-06-15 08:30:00,5175.0,10.4,2014-06-15,False,Sunday
7938,19,4246.65465,1065.34535,2014-06-15 09:00:00,5312.0,10.6,2014-06-15,False,Sunday
7939,20,4288.452224,1051.547776,2014-06-15 09:30:00,5340.0,11.2,2014-06-15,False,Sunday
7940,21,4310.588934,1063.411066,2014-06-15 10:00:00,5374.0,11.7,2014-06-15,False,Sunday
7941,22,4257.735696,1047.264304,2014-06-15 10:30:00,5305.0,13.6,2014-06-15,False,Sunday
7942,23,4226.054964,1054.945036,2014-06-15 11:00:00,5281.0,13.6,2014-06-15,False,Sunday
7943,24,4208.953558,1059.046442,2014-06-15 11:30:00,5268.0,14.7,2014-06-15,False,Sunday
7944,25,4188.454426,1042.545574,2014-06-15 12:00:00,5231.0,14.7,2014-06-15,False,Sunday
7945,26,4169.20524,1053.79476,2014-06-15 12:30:00,5223.0,16.0,2014-06-15,False,Sunday
7946,27,4177.391936,1040.608064,2014-06-15 13:00:00,5218.0,15.0,2014-06-15,False,Sunday
7947,28,4157.117756,1041.882244,2014-06-15 13:30:00,5199.0,15.5,2014-06-15,False,Sunday
7948,29,4137.172384,1061.827616,2014-06-15 14:00:00,5199.0,15.4,2014-06-15,False,Sunday
7949,30,4143.057582,1045.942418,2014-06-15 14:30:00,5189.0,16.0,2014-06-15,False,Sunday
7950,31,4165.451342,1052.548658,2014-06-15 15:00:00,5218.0,14.8,2014-06-15,False,Sunday
7951,32,4259.291184,1063.708816,2014-06-15 15:30:00,5323.0,14.5,2014-06-15,False,Sunday
7952,33,4439.032386,1053.967614,2014-06-15 16:00:00,5493.0,14.5,2014-06-15,False,Sunday
7953,34,4744.501678,1056.498322,2014-06-15 16:30:00,5801.0,14.0,2014-06-15,False,Sunday
7954,35,5106.265894,1065.734106,2014-06-15 17:00:00,6172.0,13.9,2014-06-15,False,Sunday
7955,36,5455.961078,1047.038922,2014-06-15 17:30:00,6503.0,13.8,2014-06-15,False,Sunday
7956,37,5506.623408,1064.376592,2014-06-15 18:00:00,6571.0,13.7,2014-06-15,False,Sunday
7957,38,5398.445332,1036.554668,2014-06-15 18:30:00,6435.0,13.5,2014-06-15,False,Sunday
7958,39,5249.99184,1060.00816,2014-06-15 19:00:00,6310.0,13.3,2014-06-15,False,Sunday
7959,40,5126.39776,1058.60224,2014-06-15 19:30:00,6185.0,13.3,2014-06-15,False,Sunday
7960,41,4999.76534,1064.23466,2014-06-15 20:00:00,6064.0,13.4,2014-06-15,False,Sunday
7961,42,4870.537042,1070.462958,2014-06-15 20:30:00,5941.0,12.9,2014-06-15,False,Sunday
7962,43,4705.364326,1062.635674,2014-06-15 21:00:00,5768.0,12.4,2014-06-15,False,Sunday
7963,44,4469.318542,1071.681458,2014-06-15 21:30:00,5541.0,12.0,2014-06-15,False,Sunday
7964,45,4310.768832,1075.231168,2014-06-15 22:00:00,5386.0,12.1,2014-06-15,False,Sunday
7965,46,4212.092828,1060.907172,2014-06-15 22:30:00,5273.0,12.0,2014-06-15,False,Sunday
7966,47,4436.66229,1062.33771,2014-06-15 23:00:00,5499.0,12.1,2014-06-15,False,Sunday
7967,48,4476.374944,1079.625056,2014-06-15 23:30:00,5556.0,12.1,2014-06-15,False,Sunday
7968,1,4273.213012,1069.786988,2014-06-16 00:00:00,5343.0,12.0,2014-06-16,False,Monday
7969,2,4062.913174,1074.086826,2014-06-16 00:30:00,5137.0,12.0,2014-06-16,False,Monday
7970,3,3878.34184,1077.65816,2014-06-16 01:00:00,4956.0,12.2,2014-06-16,False,Monday
7971,4,3707.396668,1062.603332,2014-06-16 01:30:00,4770.0,12.2,2014-06-16,False,Monday
7972,5,3567.136624,1054.863376,2014-06-16 02:00:00,4622.0,11.8,2014-06-16,False,Monday
7973,6,3480.186146,1039.813854,2014-06-16 02:30:00,4520.0,11.0,2014-06-16,False,Monday
7974,7,3409.102992,1071.897008,2014-06-16 03:00:00,4481.0,10.4,2014-06-16,False,Monday
7975,8,3403.094454,1071.905546,2014-06-16 03:30:00,4475.0,10.9,2014-06-16,False,Monday
7976,9,3428.470556,1061.529444,2014-06-16 04:00:00,4490.0,10.9,2014-06-16,False,Monday
7977,10,3481.616498,1081.383502,2014-06-16 04:30:00,4563.0,10.6,2014-06-16,False,Monday
7978,11,3604.36232,1065.63768,2014-06-16 05:00:00,4670.0,10.9,2014-06-16,False,Monday
7979,12,3839.793828,1070.206172,2014-06-16 05:30:00,4910.0,11.0,2014-06-16,False,Monday
7980,13,4281.50612,1085.49388,2014-06-16 06:00:00,5367.0,11.0,2014-06-16,False,Monday
7981,14,4812.239546,1057.760454,2014-06-16 06:30:00,5870.0,10.9,2014-06-16,False,Monday
7982,15,5188.751118,1096.248882,2014-06-16 07:00:00,6285.0,11.1,2014-06-16,False,Monday
7983,16,5565.133694,1079.866306,2014-06-16 07:30:00,6645.0,11.9,2014-06-16,False,Monday
7984,17,5772.900426,1097.099574,2014-06-16 08:00:00,6870.0,12.1,2014-06-16,False,Monday
7985,18,5819.470092,1074.529908,2014-06-16 08:30:00,6894.0,11.9,2014-06-16,False,Monday
7986,19,5913.764002,1090.235998,2014-06-16 09:00:00,7004.0,10.7,2014-06-16,False,Monday
7987,20,5854.096168,1085.903832,2014-06-16 09:30:00,6940.0,10.9,2014-06-16,False,Monday
7988,21,5757.357016,1090.642984,2014-06-16 10:00:00,6848.0,11.4,2014-06-16,False,Monday
7989,22,5689.874248,1107.125752,2014-06-16 10:30:00,6797.0,12.1,2014-06-16,False,Monday
7990,23,5558.02169,1005.97831,2014-06-16 11:00:00,6564.0,13.4,2014-06-16,False,Monday
7991,24,5450.534756,1102.465244,2014-06-16 11:30:00,6553.0,15.1,2014-06-16,False,Monday
7992,25,5455.269734,1099.730266,2014-06-16 12:00:00,6555.0,15.9,2014-06-16,False,Monday
7993,26,5435.05014,1096.94986,2014-06-16 12:30:00,6532.0,17.0,2014-06-16,False,Monday
7994,27,5440.307758,1095.692242,2014-06-16 13:00:00,6536.0,15.1,2014-06-16,False,Monday
7995,28,5451.786342,1072.213658,2014-06-16 13:30:00,6524.0,15.2,2014-06-16,False,Monday
7996,29,5431.78847,1088.21153,2014-06-16 14:00:00,6520.0,16.1,2014-06-16,False,Monday
7997,30,5438.803124,1069.196876,2014-06-16 14:30:00,6508.0,14.6,2014-06-16,False,Monday
7998,31,5419.592354,1073.407646,2014-06-16 15:00:00,6493.0,14.3,2014-06-16,False,Monday
7999,32,5434.3514,1050.6486,2014-06-16 15:30:00,6485.0,14.1,2014-06-16,False,Monday
8000,33,5539.807932,1034.192068,2014-06-16 16:00:00,6574.0,14.2,2014-06-16,False,Monday
8001,34,5770.201278,1067.798722,2014-06-16 16:30:00,6838.0,14.0,2014-06-16,False,Monday
8002,35,6047.69909,1080.30091,2014-06-16 17:00:00,7128.0,13.7,2014-06-16,False,Monday
8003,36,6326.614414,1059.385586,2014-06-16 17:30:00,7386.0,13.4,2014-06-16,False,Monday
8004,37,6283.023494,1082.976506,2014-06-16 18:00:00,7366.0,13.2,2014-06-16,False,Monday
8005,38,6157.331698,1069.668302,2014-06-16 18:30:00,7227.0,13.0,2014-06-16,False,Monday
8006,39,5977.960098,1092.039902,2014-06-16 19:00:00,7070.0,12.7,2014-06-16,False,Monday
8007,40,5776.703218,1082.296782,2014-06-16 19:30:00,6859.0,12.6,2014-06-16,False,Monday
8008,41,5594.501704,1080.498296,2014-06-16 20:00:00,6675.0,12.7,2014-06-16,False,Monday
8009,42,5417.642052,1098.357948,2014-06-16 20:30:00,6516.0,12.6,2014-06-16,False,Monday
8010,43,5222.34684,1087.65316,2014-06-16 21:00:00,6310.0,12.5,2014-06-16,False,Monday
8011,44,4975.891264,1084.108736,2014-06-16 21:30:00,6060.0,12.5,2014-06-16,False,Monday
8012,45,4747.330436,1086.669564,2014-06-16 22:00:00,5834.0,12.4,2014-06-16,False,Monday
8013,46,4596.449946,1077.550054,2014-06-16 22:30:00,5674.0,12.1,2014-06-16,False,Monday
8014,47,4785.407822,1086.592178,2014-06-16 23:00:00,5872.0,11.7,2014-06-16,False,Monday
8015,48,4795.511856,1074.488144,2014-06-16 23:30:00,5870.0,11.3,2014-06-16,False,Monday
8016,1,4585.693142,1082.306858,2014-06-17 00:00:00,5668.0,11.3,2014-06-17,False,Tuesday
8017,2,4369.633998,1086.366002,2014-06-17 00:30:00,5456.0,11.2,2014-06-17,False,Tuesday
8018,3,4171.481266,1093.518734,2014-06-17 01:00:00,5265.0,11.2,2014-06-17,False,Tuesday
8019,4,3972.344968,1099.655032,2014-06-17 01:30:00,5072.0,11.0,2014-06-17,False,Tuesday
8020,5,3819.699482,1069.300518,2014-06-17 02:00:00,4889.0,11.1,2014-06-17,False,Tuesday
8021,6,3709.068162,1073.931838,2014-06-17 02:30:00,4783.0,10.9,2014-06-17,False,Tuesday
8022,7,3636.311306,1084.688694,2014-06-17 03:00:00,4721.0,10.7,2014-06-17,False,Tuesday
8023,8,3597.25426,1078.74574,2014-06-17 03:30:00,4676.0,10.4,2014-06-17,False,Tuesday
8024,9,3596.157522,1075.842478,2014-06-17 04:00:00,4672.0,10.5,2014-06-17,False,Tuesday
8025,10,3646.785376,1087.214624,2014-06-17 04:30:00,4734.0,10.7,2014-06-17,False,Tuesday
8026,11,3801.445028,1073.554972,2014-06-17 05:00:00,4875.0,10.8,2014-06-17,False,Tuesday
8027,12,4044.25707,1079.74293,2014-06-17 05:30:00,5124.0,10.7,2014-06-17,False,Tuesday
8028,13,4492.622304,1089.377696,2014-06-17 06:00:00,5582.0,10.5,2014-06-17,False,Tuesday
8029,14,5013.114828,1080.885172,2014-06-17 06:30:00,6094.0,10.2,2014-06-17,False,Tuesday
8030,15,5349.736312,1094.263688,2014-06-17 07:00:00,6444.0,10.3,2014-06-17,False,Tuesday
8031,16,5686.176512,1069.823488,2014-06-17 07:30:00,6756.0,10.4,2014-06-17,False,Tuesday
8032,17,5823.75465,1073.24535,2014-06-17 08:00:00,6897.0,10.3,2014-06-17,False,Tuesday
8033,18,5774.088226,1085.911774,2014-06-17 08:30:00,6860.0,10.6,2014-06-17,False,Tuesday
8034,19,5782.468182,1089.531818,2014-06-17 09:00:00,6872.0,11.1,2014-06-17,False,Tuesday
8035,20,5714.509584,1108.490416,2014-06-17 09:30:00,6823.0,11.5,2014-06-17,False,Tuesday
8036,21,5611.314976,1096.685024,2014-06-17 10:00:00,6708.0,12.5,2014-06-17,False,Tuesday
8037,22,5533.660304,1085.339696,2014-06-17 10:30:00,6619.0,13.1,2014-06-17,False,Tuesday
8038,23,5496.272656,1104.727344,2014-06-17 11:00:00,6601.0,13.0,2014-06-17,False,Tuesday
8039,24,5474.459576,1096.540424,2014-06-17 11:30:00,6571.0,13.7,2014-06-17,False,Tuesday
8040,25,5439.03239,1094.96761,2014-06-17 12:00:00,6534.0,13.7,2014-06-17,False,Tuesday
8041,26,5430.239518,1090.760482,2014-06-17 12:30:00,6521.0,13.3,2014-06-17,False,Tuesday
8042,27,5481.679814,1085.320186,2014-06-17 13:00:00,6567.0,14.0,2014-06-17,False,Tuesday
8043,28,5463.886678,1103.113322,2014-06-17 13:30:00,6567.0,14.0,2014-06-17,False,Tuesday
8044,29,5413.067294,1087.932706,2014-06-17 14:00:00,6501.0,15.5,2014-06-17,False,Tuesday
8045,30,5364.697164,1053.302836,2014-06-17 14:30:00,6418.0,15.8,2014-06-17,False,Tuesday
8046,31,5343.901802,1103.098198,2014-06-17 15:00:00,6447.0,15.4,2014-06-17,False,Tuesday
8047,32,5400.537678,1064.462322,2014-06-17 15:30:00,6465.0,15.1,2014-06-17,False,Tuesday
8048,33,5552.623698,1094.376302,2014-06-17 16:00:00,6647.0,14.8,2014-06-17,False,Tuesday
8049,34,5746.536298,1060.463702,2014-06-17 16:30:00,6807.0,14.4,2014-06-17,False,Tuesday
8050,35,6055.220204,1099.779796,2014-06-17 17:00:00,7155.0,14.4,2014-06-17,False,Tuesday
8051,36,6303.217916,1078.782084,2014-06-17 17:30:00,7382.0,14.2,2014-06-17,False,Tuesday
8052,37,6252.155828,1087.844172,2014-06-17 18:00:00,7340.0,13.7,2014-06-17,False,Tuesday
8053,38,6150.395002,1063.604998,2014-06-17 18:30:00,7214.0,13.6,2014-06-17,False,Tuesday
8054,39,5999.85892,1076.14108,2014-06-17 19:00:00,7076.0,13.5,2014-06-17,False,Tuesday
8055,40,5850.58051,1088.41949,2014-06-17 19:30:00,6939.0,13.3,2014-06-17,False,Tuesday
8056,41,5693.513844,1080.486156,2014-06-17 20:00:00,6774.0,13.3,2014-06-17,False,Tuesday
8057,42,5519.570188,1082.429812,2014-06-17 20:30:00,6602.0,12.9,2014-06-17,False,Tuesday
8058,43,5277.388832,1085.611168,2014-06-17 21:00:00,6363.0,12.7,2014-06-17,False,Tuesday
8059,44,5045.497582,1071.502418,2014-06-17 21:30:00,6117.0,12.7,2014-06-17,False,Tuesday
8060,45,4826.444028,1096.555972,2014-06-17 22:00:00,5923.0,12.8,2014-06-17,False,Tuesday
8061,46,4679.756924,1086.243076,2014-06-17 22:30:00,5766.0,12.7,2014-06-17,False,Tuesday
8062,47,4883.207946,1080.792054,2014-06-17 23:00:00,5964.0,12.4,2014-06-17,False,Tuesday
8063,48,4881.448114,1096.551886,2014-06-17 23:30:00,5978.0,12.3,2014-06-17,False,Tuesday
8064,1,4624.198216,1090.801784,2014-06-18 00:00:00,5715.0,12.2,2014-06-18,False,Wednesday
8065,2,4421.323974,1094.676026,2014-06-18 00:30:00,5516.0,12.1,2014-06-18,False,Wednesday
8066,3,4183.175258,1103.824742,2014-06-18 01:00:00,5287.0,12.0,2014-06-18,False,Wednesday
8067,4,3960.551762,1087.448238,2014-06-18 01:30:00,5048.0,12.1,2014-06-18,False,Wednesday
8068,5,3789.606374,1090.393626,2014-06-18 02:00:00,4880.0,12.2,2014-06-18,False,Wednesday
8069,6,3666.795462,1069.204538,2014-06-18 02:30:00,4736.0,12.1,2014-06-18,False,Wednesday
8070,7,3596.334842,1049.665158,2014-06-18 03:00:00,4646.0,11.9,2014-06-18,False,Wednesday
8071,8,3549.348394,1028.651606,2014-06-18 03:30:00,4578.0,11.9,2014-06-18,False,Wednesday
8072,9,3555.927138,1030.072862,2014-06-18 04:00:00,4586.0,12.1,2014-06-18,False,Wednesday
8073,10,3606.009694,1023.990306,2014-06-18 04:30:00,4630.0,12.1,2014-06-18,False,Wednesday
8074,11,3780.34878,1024.65122,2014-06-18 05:00:00,4805.0,12.0,2014-06-18,False,Wednesday
8075,12,4017.98792,1019.01208,2014-06-18 05:30:00,5037.0,12.0,2014-06-18,False,Wednesday
8076,13,4462.197938,1025.802062,2014-06-18 06:00:00,5488.0,12.0,2014-06-18,False,Wednesday
8077,14,4964.244844,1020.755156,2014-06-18 06:30:00,5985.0,12.1,2014-06-18,False,Wednesday
8078,15,5292.766256,1027.233744,2014-06-18 07:00:00,6320.0,12.0,2014-06-18,False,Wednesday
8079,16,5639.900182,1025.099818,2014-06-18 07:30:00,6665.0,12.2,2014-06-18,False,Wednesday
8080,17,5753.338606,1019.661394,2014-06-18 08:00:00,6773.0,12.3,2014-06-18,False,Wednesday
8081,18,5734.46094,1027.53906,2014-06-18 08:30:00,6762.0,12.5,2014-06-18,False,Wednesday
8082,19,5751.043582,1021.956418,2014-06-18 09:00:00,6773.0,12.7,2014-06-18,False,Wednesday
8083,20,5666.507336,1000.492664,2014-06-18 09:30:00,6667.0,13.1,2014-06-18,False,Wednesday
8084,21,5591.012216,1008.987784,2014-06-18 10:00:00,6600.0,13.5,2014-06-18,False,Wednesday
8085,22,5549.659176,1016.340824,2014-06-18 10:30:00,6566.0,13.8,2014-06-18,False,Wednesday
8086,23,5510.624904,1017.375096,2014-06-18 11:00:00,6528.0,13.8,2014-06-18,False,Wednesday
8087,24,5479.112522,1007.887478,2014-06-18 11:30:00,6487.0,13.9,2014-06-18,False,Wednesday
8088,25,5439.558184,1004.441816,2014-06-18 12:00:00,6444.0,13.8,2014-06-18,False,Wednesday
8089,26,5408.628816,1005.371184,2014-06-18 12:30:00,6414.0,13.9,2014-06-18,False,Wednesday
8090,27,5458.595274,1000.404726,2014-06-18 13:00:00,6459.0,13.8,2014-06-18,False,Wednesday
8091,28,5467.688562,1008.311438,2014-06-18 13:30:00,6476.0,14.1,2014-06-18,False,Wednesday
8092,29,5445.174256,1008.825744,2014-06-18 14:00:00,6454.0,13.9,2014-06-18,False,Wednesday
8093,30,5408.154598,1014.845402,2014-06-18 14:30:00,6423.0,14.2,2014-06-18,False,Wednesday
8094,31,5388.346384,1010.653616,2014-06-18 15:00:00,6399.0,14.0,2014-06-18,False,Wednesday
8095,32,5434.196932,1003.803068,2014-06-18 15:30:00,6438.0,13.8,2014-06-18,False,Wednesday
8096,33,5540.552014,1003.447986,2014-06-18 16:00:00,6544.0,13.8,2014-06-18,False,Wednesday
8097,34,5731.713584,1001.286416,2014-06-18 16:30:00,6733.0,13.8,2014-06-18,False,Wednesday
8098,35,6019.177248,1003.822752,2014-06-18 17:00:00,7023.0,13.5,2014-06-18,False,Wednesday
8099,36,6306.473096,1007.526904,2014-06-18 17:30:00,7314.0,13.4,2014-06-18,False,Wednesday
8100,37,6280.626684,1002.373316,2014-06-18 18:00:00,7283.0,13.3,2014-06-18,False,Wednesday
8101,38,6170.276496,1010.723504,2014-06-18 18:30:00,7181.0,13.4,2014-06-18,False,Wednesday
8102,39,6005.695612,1012.304388,2014-06-18 19:00:00,7018.0,13.3,2014-06-18,False,Wednesday
8103,40,5882.586386,1010.413614,2014-06-18 19:30:00,6893.0,13.0,2014-06-18,False,Wednesday
8104,41,5720.90176,1008.09824,2014-06-18 20:00:00,6729.0,13.1,2014-06-18,False,Wednesday
8105,42,5534.54082,1012.45918,2014-06-18 20:30:00,6547.0,12.9,2014-06-18,False,Wednesday
8106,43,5331.068906,1017.931094,2014-06-18 21:00:00,6349.0,12.7,2014-06-18,False,Wednesday
8107,44,5069.878924,1016.121076,2014-06-18 21:30:00,6086.0,12.6,2014-06-18,False,Wednesday
8108,45,4881.37544,1009.62456,2014-06-18 22:00:00,5891.0,12.3,2014-06-18,False,Wednesday
8109,46,4694.93006,1023.06994,2014-06-18 22:30:00,5718.0,11.9,2014-06-18,False,Wednesday
8110,47,4902.516658,1029.483342,2014-06-18 23:00:00,5932.0,11.7,2014-06-18,False,Wednesday
8111,48,4919.21174,1035.78826,2014-06-18 23:30:00,5955.0,11.6,2014-06-18,False,Wednesday
8112,1,4679.545228,1040.454772,2014-06-19 00:00:00,5720.0,11.6,2014-06-19,False,Thursday
8113,2,4470.898998,1036.101002,2014-06-19 00:30:00,5507.0,11.3,2014-06-19,False,Thursday
8114,3,4299.705236,1034.294764,2014-06-19 01:00:00,5334.0,10.7,2014-06-19,False,Thursday
8115,4,4122.568682,1035.431318,2014-06-19 01:30:00,5158.0,10.1,2014-06-19,False,Thursday
8116,5,3993.425558,1028.574442,2014-06-19 02:00:00,5022.0,9.3,2014-06-19,False,Thursday
8117,6,3841.246902,1024.753098,2014-06-19 02:30:00,4866.0,8.7,2014-06-19,False,Thursday
8118,7,3758.497144,1021.502856,2014-06-19 03:00:00,4780.0,8.4,2014-06-19,False,Thursday
8119,8,3708.51123,1024.48877,2014-06-19 03:30:00,4733.0,8.2,2014-06-19,False,Thursday
8120,9,3690.073242,1016.926758,2014-06-19 04:00:00,4707.0,9.1,2014-06-19,False,Thursday
8121,10,3742.343504,1010.656496,2014-06-19 04:30:00,4753.0,8.4,2014-06-19,False,Thursday
8122,11,3935.528642,1002.471358,2014-06-19 05:00:00,4938.0,8.4,2014-06-19,False,Thursday
8123,12,4194.227692,1007.772308,2014-06-19 05:30:00,5202.0,8.9,2014-06-19,False,Thursday
8124,13,4624.149052,1011.850948,2014-06-19 06:00:00,5636.0,8.9,2014-06-19,False,Thursday
8125,14,5111.6054,1013.3946,2014-06-19 06:30:00,6125.0,8.9,2014-06-19,False,Thursday
8126,15,5438.887432,1016.112568,2014-06-19 07:00:00,6455.0,9.1,2014-06-19,False,Thursday
8127,16,5831.767414,1015.232586,2014-06-19 07:30:00,6847.0,9.2,2014-06-19,False,Thursday
8128,17,6015.334818,1012.665182,2014-06-19 08:00:00,7028.0,9.1,2014-06-19,False,Thursday
8129,18,6022.876254,1023.123746,2014-06-19 08:30:00,7046.0,9.2,2014-06-19,False,Thursday
8130,19,6056.981704,1020.018296,2014-06-19 09:00:00,7077.0,9.4,2014-06-19,False,Thursday
8131,20,5960.707562,837.292438,2014-06-19 09:30:00,6798.0,9.6,2014-06-19,False,Thursday
8132,21,5848.555364,1027.444636,2014-06-19 10:00:00,6876.0,10.2,2014-06-19,False,Thursday
8133,22,5746.465424,1027.534576,2014-06-19 10:30:00,6774.0,10.3,2014-06-19,False,Thursday
8134,23,5630.620362,1017.379638,2014-06-19 11:00:00,6648.0,10.8,2014-06-19,False,Thursday
8135,24,5535.936356,1018.063644,2014-06-19 11:30:00,6554.0,11.5,2014-06-19,False,Thursday
8136,25,5490.876502,1015.123498,2014-06-19 12:00:00,6506.0,11.6,2014-06-19,False,Thursday
8137,26,5495.508086,1012.491914,2014-06-19 12:30:00,6508.0,11.4,2014-06-19,False,Thursday
8138,27,5613.241642,1006.758358,2014-06-19 13:00:00,6620.0,10.9,2014-06-19,False,Thursday
8139,28,5666.909734,755.090266,2014-06-19 13:30:00,6422.0,11.0,2014-06-19,False,Thursday
8140,29,5660.590708,1017.409292,2014-06-19 14:00:00,6678.0,11.3,2014-06-19,False,Thursday
8141,30,5626.275594,1011.724406,2014-06-19 14:30:00,6638.0,11.8,2014-06-19,False,Thursday
8142,31,5602.081838,1007.918162,2014-06-19 15:00:00,6610.0,12.2,2014-06-19,False,Thursday
8143,32,5668.789794,1010.210206,2014-06-19 15:30:00,6679.0,11.8,2014-06-19,False,Thursday
8144,33,5776.147456,1009.852544,2014-06-19 16:00:00,6786.0,11.8,2014-06-19,False,Thursday
8145,34,5999.354936,1009.645064,2014-06-19 16:30:00,7009.0,11.8,2014-06-19,False,Thursday
8146,35,6315.023288,1016.976712,2014-06-19 17:00:00,7332.0,11.7,2014-06-19,False,Thursday
8147,36,6543.203114,1008.796886,2014-06-19 17:30:00,7552.0,11.6,2014-06-19,False,Thursday
8148,37,6490.350524,1013.649476,2014-06-19 18:00:00,7504.0,11.6,2014-06-19,False,Thursday
8149,38,6377.563448,1016.436552,2014-06-19 18:30:00,7394.0,11.6,2014-06-19,False,Thursday
8150,39,6191.933628,1011.066372,2014-06-19 19:00:00,7203.0,11.6,2014-06-19,False,Thursday
8151,40,6075.283584,1009.716416,2014-06-19 19:30:00,7085.0,11.7,2014-06-19,False,Thursday
8152,41,5895.97608,1007.02392,2014-06-19 20:00:00,6903.0,11.8,2014-06-19,False,Thursday
8153,42,5713.960506,1007.039494,2014-06-19 20:30:00,6721.0,11.9,2014-06-19,False,Thursday
8154,43,5475.957104,1016.042896,2014-06-19 21:00:00,6492.0,11.8,2014-06-19,False,Thursday
8155,44,5190.407222,1024.592778,2014-06-19 21:30:00,6215.0,11.9,2014-06-19,False,Thursday
8156,45,4967.977406,1023.022594,2014-06-19 22:00:00,5991.0,11.9,2014-06-19,False,Thursday
8157,46,4803.690114,1023.309886,2014-06-19 22:30:00,5827.0,12.0,2014-06-19,False,Thursday
8158,47,4997.19597,1022.80403,2014-06-19 23:00:00,6020.0,12.2,2014-06-19,False,Thursday
8159,48,4998.692356,1027.307644,2014-06-19 23:30:00,6026.0,11.9,2014-06-19,False,Thursday
8160,1,4766.686884,1030.313116,2014-06-20 00:00:00,5797.0,11.9,2014-06-20,False,Friday
8161,2,4549.183694,1024.816306,2014-06-20 00:30:00,5574.0,11.6,2014-06-20,False,Friday
8162,3,4344.857142,1022.142858,2014-06-20 01:00:00,5367.0,11.7,2014-06-20,False,Friday
8163,4,4132.19021,1025.80979,2014-06-20 01:30:00,5158.0,11.5,2014-06-20,False,Friday
8164,5,3938.02994,1028.97006,2014-06-20 02:00:00,4967.0,11.7,2014-06-20,False,Friday
8165,6,3823.946406,1018.053594,2014-06-20 02:30:00,4842.0,11.5,2014-06-20,False,Friday
8166,7,3720.71491,1023.28509,2014-06-20 03:00:00,4744.0,11.7,2014-06-20,False,Friday
8167,8,3674.102666,1022.897334,2014-06-20 03:30:00,4697.0,11.7,2014-06-20,False,Friday
8168,9,3668.777832,1017.222168,2014-06-20 04:00:00,4686.0,11.6,2014-06-20,False,Friday
8169,10,3715.599472,1013.400528,2014-06-20 04:30:00,4729.0,11.5,2014-06-20,False,Friday
8170,11,3883.30995,1018.69005,2014-06-20 05:00:00,4902.0,11.5,2014-06-20,False,Friday
8171,12,4123.621208,1021.378792,2014-06-20 05:30:00,5145.0,11.3,2014-06-20,False,Friday
8172,13,4543.623068,1028.376932,2014-06-20 06:00:00,5572.0,11.1,2014-06-20,False,Friday
8173,14,5030.07023,1028.92977,2014-06-20 06:30:00,6059.0,11.0,2014-06-20,False,Friday
8174,15,5364.597756,1030.402244,2014-06-20 07:00:00,6395.0,11.0,2014-06-20,False,Friday
8175,16,5695.657208,1046.342792,2014-06-20 07:30:00,6742.0,10.9,2014-06-20,False,Friday
8176,17,5831.045592,1055.954408,2014-06-20 08:00:00,6887.0,11.0,2014-06-20,False,Friday
8177,18,5766.08083,1079.91917,2014-06-20 08:30:00,6846.0,10.9,2014-06-20,False,Friday
8178,19,5683.776528,1064.223472,2014-06-20 09:00:00,6748.0,11.3,2014-06-20,False,Friday
8179,20,5557.1274,1062.8726,2014-06-20 09:30:00,6620.0,11.7,2014-06-20,False,Friday
8180,21,5453.32621,1079.67379,2014-06-20 10:00:00,6533.0,12.1,2014-06-20,False,Friday
8181,22,5353.136534,1075.863466,2014-06-20 10:30:00,6429.0,12.5,2014-06-20,False,Friday
8182,23,5217.52103,1058.47897,2014-06-20 11:00:00,6276.0,13.0,2014-06-20,False,Friday
8183,24,5158.156636,1075.843364,2014-06-20 11:30:00,6234.0,12.9,2014-06-20,False,Friday
8184,25,5117.202544,1087.797456,2014-06-20 12:00:00,6205.0,13.3,2014-06-20,False,Friday
8185,26,5097.267974,1077.732026,2014-06-20 12:30:00,6175.0,14.5,2014-06-20,False,Friday
8186,27,5136.449828,1091.550172,2014-06-20 13:00:00,6228.0,14.8,2014-06-20,False,Friday
8187,28,5136.861368,1076.138632,2014-06-20 13:30:00,6213.0,15.1,2014-06-20,False,Friday
8188,29,5170.210558,1085.789442,2014-06-20 14:00:00,6256.0,14.1,2014-06-20,False,Friday
8189,30,5176.928896,1096.071104,2014-06-20 14:30:00,6273.0,13.7,2014-06-20,False,Friday
8190,31,5180.97625,1079.02375,2014-06-20 15:00:00,6260.0,14.1,2014-06-20,False,Friday
8191,32,5234.940956,1078.059044,2014-06-20 15:30:00,6313.0,14.5,2014-06-20,False,Friday
8192,33,5341.203682,1088.796318,2014-06-20 16:00:00,6430.0,14.5,2014-06-20,False,Friday
8193,34,5528.07542,1082.92458,2014-06-20 16:30:00,6611.0,14.3,2014-06-20,False,Friday
8194,35,5759.072128,1080.927872,2014-06-20 17:00:00,6840.0,13.8,2014-06-20,False,Friday
8195,36,6006.743592,1075.256408,2014-06-20 17:30:00,7082.0,13.6,2014-06-20,False,Friday
8196,37,5963.098522,1069.901478,2014-06-20 18:00:00,7033.0,13.4,2014-06-20,False,Friday
8197,38,5832.020792,1076.979208,2014-06-20 18:30:00,6909.0,13.5,2014-06-20,False,Friday
8198,39,5687.371544,1082.628456,2014-06-20 19:00:00,6770.0,13.8,2014-06-20,False,Friday
8199,40,5566.866884,1047.133116,2014-06-20 19:30:00,6614.0,13.7,2014-06-20,False,Friday
8200,41,5408.758062,1056.241938,2014-06-20 20:00:00,6465.0,13.7,2014-06-20,False,Friday
8201,42,5265.542578,1094.457422,2014-06-20 20:30:00,6360.0,13.3,2014-06-20,False,Friday
8202,43,5076.284848,1074.715152,2014-06-20 21:00:00,6151.0,13.2,2014-06-20,False,Friday
8203,44,4883.400088,1098.599912,2014-06-20 21:30:00,5982.0,13.3,2014-06-20,False,Friday
8204,45,4752.182948,1075.817052,2014-06-20 22:00:00,5828.0,13.3,2014-06-20,False,Friday
8205,46,4642.90733,1075.09267,2014-06-20 22:30:00,5718.0,13.4,2014-06-20,False,Friday
8206,47,4862.877438,1100.122562,2014-06-20 23:00:00,5963.0,13.3,2014-06-20,False,Friday
8207,48,4872.376984,1073.623016,2014-06-20 23:30:00,5946.0,13.4,2014-06-20,False,Friday
8208,1,4612.043434,1091.956566,2014-06-21 00:00:00,5704.0,13.0,2014-06-21,False,Saturday
8209,2,4378.610176,1096.389824,2014-06-21 00:30:00,5475.0,12.9,2014-06-21,False,Saturday
8210,3,4167.217428,1079.782572,2014-06-21 01:00:00,5247.0,12.8,2014-06-21,False,Saturday
8211,4,3944.556564,1100.443436,2014-06-21 01:30:00,5045.0,12.7,2014-06-21,False,Saturday
8212,5,3753.91999,1074.08001,2014-06-21 02:00:00,4828.0,12.7,2014-06-21,False,Saturday
8213,6,3645.026338,1078.973662,2014-06-21 02:30:00,4724.0,12.7,2014-06-21,False,Saturday
8214,7,3547.803802,1087.196198,2014-06-21 03:00:00,4635.0,12.7,2014-06-21,False,Saturday
8215,8,3479.093556,1064.906444,2014-06-21 03:30:00,4544.0,12.3,2014-06-21,False,Saturday
8216,9,3444.080714,1077.919286,2014-06-21 04:00:00,4522.0,12.6,2014-06-21,False,Saturday
8217,10,3431.863546,1089.136454,2014-06-21 04:30:00,4521.0,12.5,2014-06-21,False,Saturday
8218,11,3502.222924,1064.777076,2014-06-21 05:00:00,4567.0,12.5,2014-06-21,False,Saturday
8219,12,3597.87642,1068.12358,2014-06-21 05:30:00,4666.0,12.6,2014-06-21,False,Saturday
8220,13,3761.65898,1024.34102,2014-06-21 06:00:00,4786.0,12.4,2014-06-21,False,Saturday
8221,14,3934.722636,1030.277364,2014-06-21 06:30:00,4965.0,12.3,2014-06-21,False,Saturday
8222,15,4032.50163,1026.49837,2014-06-21 07:00:00,5059.0,12.2,2014-06-21,False,Saturday
8223,16,4275.750634,1026.249366,2014-06-21 07:30:00,5302.0,12.1,2014-06-21,False,Saturday
8224,17,4460.540742,1029.459258,2014-06-21 08:00:00,5490.0,12.2,2014-06-21,False,Saturday
8225,18,4568.499932,1026.500068,2014-06-21 08:30:00,5595.0,12.4,2014-06-21,False,Saturday
8226,19,4640.841256,1027.158744,2014-06-21 09:00:00,5668.0,13.0,2014-06-21,False,Saturday
8227,20,4634.748524,1033.251476,2014-06-21 09:30:00,5668.0,13.3,2014-06-21,False,Saturday
8228,21,4614.053164,1026.946836,2014-06-21 10:00:00,5641.0,13.1,2014-06-21,False,Saturday
8229,22,4562.88552,1023.11448,2014-06-21 10:30:00,5586.0,13.5,2014-06-21,False,Saturday
8230,23,4512.17925,1030.82075,2014-06-21 11:00:00,5543.0,14.0,2014-06-21,False,Saturday
8231,24,4497.818538,1034.181462,2014-06-21 11:30:00,5532.0,13.8,2014-06-21,False,Saturday
8232,25,4450.132872,1031.867128,2014-06-21 12:00:00,5482.0,14.0,2014-06-21,False,Saturday
8233,26,4396.614004,1027.385996,2014-06-21 12:30:00,5424.0,14.3,2014-06-21,False,Saturday
8234,27,4397.055358,1022.944642,2014-06-21 13:00:00,5420.0,14.8,2014-06-21,False,Saturday
8235,28,4378.092964,1068.907036,2014-06-21 13:30:00,5447.0,14.8,2014-06-21,False,Saturday
8236,29,4363.830478,1069.169522,2014-06-21 14:00:00,5433.0,14.5,2014-06-21,False,Saturday
8237,30,4348.657408,1064.342592,2014-06-21 14:30:00,5413.0,14.9,2014-06-21,False,Saturday
8238,31,4369.1884,1072.8116,2014-06-21 15:00:00,5442.0,15.0,2014-06-21,False,Saturday
8239,32,4431.665324,1081.334676,2014-06-21 15:30:00,5513.0,14.7,2014-06-21,False,Saturday
8240,33,4514.899142,1074.100858,2014-06-21 16:00:00,5589.0,14.6,2014-06-21,False,Saturday
8241,34,4717.518284,1074.481716,2014-06-21 16:30:00,5792.0,14.7,2014-06-21,False,Saturday
8242,35,5036.726382,1083.273618,2014-06-21 17:00:00,6120.0,14.3,2014-06-21,False,Saturday
8243,36,5355.928424,1055.071576,2014-06-21 17:30:00,6411.0,14.1,2014-06-21,False,Saturday
8244,37,5377.000096,1084.999904,2014-06-21 18:00:00,6462.0,13.9,2014-06-21,False,Saturday
8245,38,5277.723634,1054.276366,2014-06-21 18:30:00,6332.0,13.8,2014-06-21,False,Saturday
8246,39,5144.776376,1072.223624,2014-06-21 19:00:00,6217.0,13.7,2014-06-21,False,Saturday
8247,40,5023.292444,1055.707556,2014-06-21 19:30:00,6079.0,13.7,2014-06-21,False,Saturday
8248,41,4913.949842,1070.050158,2014-06-21 20:00:00,5984.0,13.8,2014-06-21,False,Saturday
8249,42,4812.560986,1078.439014,2014-06-21 20:30:00,5891.0,13.5,2014-06-21,False,Saturday
8250,43,4693.669894,1060.330106,2014-06-21 21:00:00,5754.0,13.1,2014-06-21,False,Saturday
8251,44,4556.320402,1074.679598,2014-06-21 21:30:00,5631.0,12.7,2014-06-21,False,Saturday
8252,45,4488.08225,1081.91775,2014-06-21 22:00:00,5570.0,12.6,2014-06-21,False,Saturday
8253,46,4472.773392,1068.226608,2014-06-21 22:30:00,5541.0,12.3,2014-06-21,False,Saturday
8254,47,4738.279208,1067.720792,2014-06-21 23:00:00,5806.0,12.1,2014-06-21,False,Saturday
8255,48,4790.183182,1088.816818,2014-06-21 23:30:00,5879.0,12.0,2014-06-21,False,Saturday
8256,1,4590.037674,1043.962326,2014-06-22 00:00:00,5634.0,11.6,2014-06-22,False,Sunday
8257,2,4369.35944,1089.64056,2014-06-22 00:30:00,5459.0,11.5,2014-06-22,False,Sunday
8258,3,4147.624946,1051.375054,2014-06-22 01:00:00,5199.0,11.2,2014-06-22,False,Sunday
8259,4,3936.913586,1063.086414,2014-06-22 01:30:00,5000.0,10.6,2014-06-22,False,Sunday
8260,5,3768.437418,1075.562582,2014-06-22 02:00:00,4844.0,9.7,2014-06-22,False,Sunday
8261,6,3638.728996,1086.271004,2014-06-22 02:30:00,4725.0,9.6,2014-06-22,False,Sunday
8262,7,3524.892806,1050.107194,2014-06-22 03:00:00,4575.0,9.2,2014-06-22,False,Sunday
8263,8,3450.430716,1083.569284,2014-06-22 03:30:00,4534.0,9.2,2014-06-22,False,Sunday
8264,9,3404.027676,1069.972324,2014-06-22 04:00:00,4474.0,9.5,2014-06-22,False,Sunday
8265,10,3381.694394,1070.305606,2014-06-22 04:30:00,4452.0,9.5,2014-06-22,False,Sunday
8266,11,3411.645928,1062.354072,2014-06-22 05:00:00,4474.0,8.4,2014-06-22,False,Sunday
8267,12,3462.295362,1060.704638,2014-06-22 05:30:00,4523.0,8.1,2014-06-22,False,Sunday
8268,13,3570.013164,1080.986836,2014-06-22 06:00:00,4651.0,8.0,2014-06-22,False,Sunday
8269,14,3729.602024,1057.397976,2014-06-22 06:30:00,4787.0,8.3,2014-06-22,False,Sunday
8270,15,3765.240568,1064.759432,2014-06-22 07:00:00,4830.0,8.1,2014-06-22,False,Sunday
8271,16,3900.747206,1070.252794,2014-06-22 07:30:00,4971.0,7.8,2014-06-22,False,Sunday
8272,17,4099.666192,1058.333808,2014-06-22 08:00:00,5158.0,8.1,2014-06-22,False,Sunday
8273,18,4224.512112,1062.487888,2014-06-22 08:30:00,5287.0,8.1,2014-06-22,False,Sunday
8274,19,4304.255794,1073.744206,2014-06-22 09:00:00,5378.0,8.5,2014-06-22,False,Sunday
8275,20,4299.045552,1064.954448,2014-06-22 09:30:00,5364.0,9.6,2014-06-22,False,Sunday
8276,21,4287.758758,1069.241242,2014-06-22 10:00:00,5357.0,11.1,2014-06-22,False,Sunday
8277,22,4238.808412,1080.191588,2014-06-22 10:30:00,5319.0,11.7,2014-06-22,False,Sunday
8278,23,4211.374588,1056.625412,2014-06-22 11:00:00,5268.0,13.6,2014-06-22,False,Sunday
8279,24,4189.47246,1064.52754,2014-06-22 11:30:00,5254.0,14.1,2014-06-22,False,Sunday
8280,25,4169.418432,1079.581568,2014-06-22 12:00:00,5249.0,14.3,2014-06-22,False,Sunday
8281,26,4138.722438,1067.277562,2014-06-22 12:30:00,5206.0,14.4,2014-06-22,False,Sunday
8282,27,4159.771204,1064.228796,2014-06-22 13:00:00,5224.0,14.5,2014-06-22,False,Sunday
8283,28,4151.717964,1077.282036,2014-06-22 13:30:00,5229.0,14.8,2014-06-22,False,Sunday
8284,29,4161.113008,1059.886992,2014-06-22 14:00:00,5221.0,15.4,2014-06-22,False,Sunday
8285,30,4186.152808,1059.847192,2014-06-22 14:30:00,5246.0,14.8,2014-06-22,False,Sunday
8286,31,4249.685942,1068.314058,2014-06-22 15:00:00,5318.0,15.0,2014-06-22,False,Sunday
8287,32,4371.535592,1071.464408,2014-06-22 15:30:00,5443.0,14.7,2014-06-22,False,Sunday
8288,33,4566.053012,1073.946988,2014-06-22 16:00:00,5640.0,14.9,2014-06-22,False,Sunday
8289,34,4877.664836,1070.335164,2014-06-22 16:30:00,5948.0,14.6,2014-06-22,False,Sunday
8290,35,5201.743476,1069.256524,2014-06-22 17:00:00,6271.0,14.4,2014-06-22,False,Sunday
8291,36,5500.668264,1069.331736,2014-06-22 17:30:00,6570.0,14.3,2014-06-22,False,Sunday
8292,37,5527.45616,1039.54384,2014-06-22 18:00:00,6567.0,14.2,2014-06-22,False,Sunday
8293,38,5406.665094,1067.334906,2014-06-22 18:30:00,6474.0,14.1,2014-06-22,False,Sunday
8294,39,5236.770704,1079.229296,2014-06-22 19:00:00,6316.0,13.9,2014-06-22,False,Sunday
8295,40,5121.997072,1052.002928,2014-06-22 19:30:00,6174.0,13.5,2014-06-22,False,Sunday
8296,41,4997.774046,1064.225954,2014-06-22 20:00:00,6062.0,13.3,2014-06-22,False,Sunday
8297,42,4892.53742,1076.46258,2014-06-22 20:30:00,5969.0,13.2,2014-06-22,False,Sunday
8298,43,4717.819718,1049.180282,2014-06-22 21:00:00,5767.0,13.4,2014-06-22,False,Sunday
8299,44,4496.741292,1054.258708,2014-06-22 21:30:00,5551.0,13.6,2014-06-22,False,Sunday
8300,45,4347.747482,1062.252518,2014-06-22 22:00:00,5410.0,13.6,2014-06-22,False,Sunday
8301,46,4256.48777,1068.51223,2014-06-22 22:30:00,5325.0,13.6,2014-06-22,False,Sunday
8302,47,4503.41529,1067.58471,2014-06-22 23:00:00,5571.0,14.0,2014-06-22,False,Sunday
8303,48,4542.586512,1065.413488,2014-06-22 23:30:00,5608.0,13.8,2014-06-22,False,Sunday
8304,1,4335.796458,1067.203542,2014-06-23 00:00:00,5403.0,14.0,2014-06-23,False,Monday
8305,2,4113.55859,1088.44141,2014-06-23 00:30:00,5202.0,14.1,2014-06-23,False,Monday
8306,3,3926.77899,1065.22101,2014-06-23 01:00:00,4992.0,14.2,2014-06-23,False,Monday
8307,4,3748.38523,1073.61477,2014-06-23 01:30:00,4822.0,14.1,2014-06-23,False,Monday
8308,5,3649.705758,1094.294242,2014-06-23 02:00:00,4744.0,14.0,2014-06-23,False,Monday
8309,6,3529.247344,1057.752656,2014-06-23 02:30:00,4587.0,13.8,2014-06-23,False,Monday
8310,7,3432.375876,1092.624124,2014-06-23 03:00:00,4525.0,13.8,2014-06-23,False,Monday
8311,8,3396.091232,1077.908768,2014-06-23 03:30:00,4474.0,14.1,2014-06-23,False,Monday
8312,9,3398.056046,1083.943954,2014-06-23 04:00:00,4482.0,13.9,2014-06-23,False,Monday
8313,10,3441.178274,1091.821726,2014-06-23 04:30:00,4533.0,14.0,2014-06-23,False,Monday
8314,11,3595.815408,1067.184592,2014-06-23 05:00:00,4663.0,14.4,2014-06-23,False,Monday
8315,12,3776.783114,1086.216886,2014-06-23 05:30:00,4863.0,14.4,2014-06-23,False,Monday
8316,13,4232.208988,1075.791012,2014-06-23 06:00:00,5308.0,14.1,2014-06-23,False,Monday
8317,14,4736.031154,1086.968846,2014-06-23 06:30:00,5823.0,13.9,2014-06-23,False,Monday
8318,15,5104.622692,1094.377308,2014-06-23 07:00:00,6199.0,13.4,2014-06-23,False,Monday
8319,16,5502.135168,1069.864832,2014-06-23 07:30:00,6572.0,13.0,2014-06-23,False,Monday
8320,17,5659.577466,1076.422534,2014-06-23 08:00:00,6736.0,12.7,2014-06-23,False,Monday
8321,18,5646.425274,1091.574726,2014-06-23 08:30:00,6738.0,12.9,2014-06-23,False,Monday
8322,19,5655.493324,1074.506676,2014-06-23 09:00:00,6730.0,13.2,2014-06-23,False,Monday
8323,20,5673.39721,1085.60279,2014-06-23 09:30:00,6759.0,13.6,2014-06-23,False,Monday
8324,21,5663.884826,1075.115174,2014-06-23 10:00:00,6739.0,13.6,2014-06-23,False,Monday
8325,22,5633.158768,1087.841232,2014-06-23 10:30:00,6721.0,13.8,2014-06-23,False,Monday
8326,23,5608.114342,1097.885658,2014-06-23 11:00:00,6706.0,13.2,2014-06-23,False,Monday
8327,24,5572.19186,1056.80814,2014-06-23 11:30:00,6629.0,13.0,2014-06-23,False,Monday
8328,25,5532.50041,1064.49959,2014-06-23 12:00:00,6597.0,14.3,2014-06-23,False,Monday
8329,26,5543.053796,1093.946204,2014-06-23 12:30:00,6637.0,14.4,2014-06-23,False,Monday
8330,27,5618.469316,1082.530684,2014-06-23 13:00:00,6701.0,14.4,2014-06-23,False,Monday
8331,28,5662.895292,1075.104708,2014-06-23 13:30:00,6738.0,14.3,2014-06-23,False,Monday
8332,29,5670.712788,1080.287212,2014-06-23 14:00:00,6751.0,14.1,2014-06-23,False,Monday
8333,30,5636.329048,1087.670952,2014-06-23 14:30:00,6724.0,11.2,2014-06-23,False,Monday
8334,31,5551.931252,1096.068748,2014-06-23 15:00:00,6648.0,12.9,2014-06-23,False,Monday
8335,32,5650.114666,1065.885334,2014-06-23 15:30:00,6716.0,12.9,2014-06-23,False,Monday
8336,33,5804.912242,1081.087758,2014-06-23 16:00:00,6886.0,12.5,2014-06-23,False,Monday
8337,34,5986.498472,1073.501528,2014-06-23 16:30:00,7060.0,11.7,2014-06-23,False,Monday
8338,35,6229.147136,1069.852864,2014-06-23 17:00:00,7299.0,11.3,2014-06-23,False,Monday
8339,36,6511.83668,1069.16332,2014-06-23 17:30:00,7581.0,11.2,2014-06-23,False,Monday
8340,37,6460.955876,1084.044124,2014-06-23 18:00:00,7545.0,11.2,2014-06-23,False,Monday
8341,38,6325.33509,1089.66491,2014-06-23 18:30:00,7415.0,11.1,2014-06-23,False,Monday
8342,39,6178.641896,1078.358104,2014-06-23 19:00:00,7257.0,10.9,2014-06-23,False,Monday
8343,40,6057.51761,1086.48239,2014-06-23 19:30:00,7144.0,8.5,2014-06-23,False,Monday
8344,41,5861.14905,1094.85095,2014-06-23 20:00:00,6956.0,8.9,2014-06-23,False,Monday
8345,42,5698.665234,1113.334766,2014-06-23 20:30:00,6812.0,8.7,2014-06-23,False,Monday
8346,43,5457.590446,1085.409554,2014-06-23 21:00:00,6543.0,8.6,2014-06-23,False,Monday
8347,44,5203.239648,1090.760352,2014-06-23 21:30:00,6294.0,8.6,2014-06-23,False,Monday
8348,45,4931.61826,1114.38174,2014-06-23 22:00:00,6046.0,8.2,2014-06-23,False,Monday
8349,46,4757.603844,1100.396156,2014-06-23 22:30:00,5858.0,7.7,2014-06-23,False,Monday
8350,47,4978.737216,1107.262784,2014-06-23 23:00:00,6086.0,7.8,2014-06-23,False,Monday
8351,48,5017.180472,1095.819528,2014-06-23 23:30:00,6113.0,7.9,2014-06-23,False,Monday
8352,1,4794.432004,1091.567996,2014-06-24 00:00:00,5886.0,7.8,2014-06-24,False,Tuesday
8353,2,4567.23918,1113.76082,2014-06-24 00:30:00,5681.0,7.6,2014-06-24,False,Tuesday
8354,3,4359.80474,1108.19526,2014-06-24 01:00:00,5468.0,7.4,2014-06-24,False,Tuesday
8355,4,4138.584592,1098.415408,2014-06-24 01:30:00,5237.0,7.3,2014-06-24,False,Tuesday
8356,5,3953.472432,1085.527568,2014-06-24 02:00:00,5039.0,7.5,2014-06-24,False,Tuesday
8357,6,3828.98637,1093.01363,2014-06-24 02:30:00,4922.0,7.5,2014-06-24,False,Tuesday
8358,7,3757.454988,1105.545012,2014-06-24 03:00:00,4863.0,7.6,2014-06-24,False,Tuesday
8359,8,3717.004668,1079.995332,2014-06-24 03:30:00,4797.0,7.6,2014-06-24,False,Tuesday
8360,9,3711.501538,1100.498462,2014-06-24 04:00:00,4812.0,7.5,2014-06-24,False,Tuesday
8361,10,3768.250078,1073.749922,2014-06-24 04:30:00,4842.0,7.7,2014-06-24,False,Tuesday
8362,11,3944.783178,1103.216822,2014-06-24 05:00:00,5048.0,7.8,2014-06-24,False,Tuesday
8363,12,4230.09398,1080.90602,2014-06-24 05:30:00,5311.0,7.9,2014-06-24,False,Tuesday
8364,13,4742.775584,1088.224416,2014-06-24 06:00:00,5831.0,7.9,2014-06-24,False,Tuesday
8365,14,5315.095476,1101.904524,2014-06-24 06:30:00,6417.0,7.8,2014-06-24,False,Tuesday
8366,15,5705.46814,1083.53186,2014-06-24 07:00:00,6789.0,7.3,2014-06-24,False,Tuesday
8367,16,6166.072086,1100.927914,2014-06-24 07:30:00,7267.0,7.2,2014-06-24,False,Tuesday
8368,17,6389.041744,1070.958256,2014-06-24 08:00:00,7460.0,7.7,2014-06-24,False,Tuesday
8369,18,6407.854318,1073.145682,2014-06-24 08:30:00,7481.0,8.4,2014-06-24,False,Tuesday
8370,19,6523.89586,1074.10414,2014-06-24 09:00:00,7598.0,8.7,2014-06-24,False,Tuesday
8371,20,6487.200378,1066.799622,2014-06-24 09:30:00,7554.0,8.7,2014-06-24,False,Tuesday
8372,21,6345.57383,1059.42617,2014-06-24 10:00:00,7405.0,9.2,2014-06-24,False,Tuesday
8373,22,6296.583102,1058.416898,2014-06-24 10:30:00,7355.0,11.0,2014-06-24,False,Tuesday
8374,23,6236.242446,1057.757554,2014-06-24 11:00:00,7294.0,11.9,2014-06-24,False,Tuesday
8375,24,6188.469476,1031.530524,2014-06-24 11:30:00,7220.0,12.0,2014-06-24,False,Tuesday
8376,25,6172.692058,1045.307942,2014-06-24 12:00:00,7218.0,11.4,2014-06-24,False,Tuesday
8377,26,6131.129822,1068.870178,2014-06-24 12:30:00,7200.0,12.2,2014-06-24,False,Tuesday
8378,27,6106.871262,1067.128738,2014-06-24 13:00:00,7174.0,12.2,2014-06-24,False,Tuesday
8379,28,6058.783822,1066.216178,2014-06-24 13:30:00,7125.0,12.6,2014-06-24,False,Tuesday
8380,29,5984.095276,1080.904724,2014-06-24 14:00:00,7065.0,13.7,2014-06-24,False,Tuesday
8381,30,5893.847214,1050.152786,2014-06-24 14:30:00,6944.0,13.5,2014-06-24,False,Tuesday
8382,31,5841.317332,1073.682668,2014-06-24 15:00:00,6915.0,13.9,2014-06-24,False,Tuesday
8383,32,5875.73084,1061.26916,2014-06-24 15:30:00,6937.0,14.3,2014-06-24,False,Tuesday
8384,33,5959.477142,1065.522858,2014-06-24 16:00:00,7025.0,13.6,2014-06-24,False,Tuesday
8385,34,6092.25312,1066.74688,2014-06-24 16:30:00,7159.0,13.3,2014-06-24,False,Tuesday
8386,35,6286.876486,1068.123514,2014-06-24 17:00:00,7355.0,12.9,2014-06-24,False,Tuesday
8387,36,6540.08282,1080.91718,2014-06-24 17:30:00,7621.0,12.7,2014-06-24,False,Tuesday
8388,37,6506.88614,1042.11386,2014-06-24 18:00:00,7549.0,12.0,2014-06-24,False,Tuesday
8389,38,6362.899746,1023.100254,2014-06-24 18:30:00,7386.0,12.1,2014-06-24,False,Tuesday
8390,39,6215.726324,1062.273676,2014-06-24 19:00:00,7278.0,12.1,2014-06-24,False,Tuesday
8391,40,6079.090382,1073.909618,2014-06-24 19:30:00,7153.0,12.4,2014-06-24,False,Tuesday
8392,41,5874.9177,1052.0823,2014-06-24 20:00:00,6927.0,12.3,2014-06-24,False,Tuesday
8393,42,5707.162734,1087.837266,2014-06-24 20:30:00,6795.0,12.2,2014-06-24,False,Tuesday
8394,43,5471.140958,1064.859042,2014-06-24 21:00:00,6536.0,11.8,2014-06-24,False,Tuesday
8395,44,5233.588404,1087.411596,2014-06-24 21:30:00,6321.0,11.6,2014-06-24,False,Tuesday
8396,45,5002.179292,1079.820708,2014-06-24 22:00:00,6082.0,11.8,2014-06-24,False,Tuesday
8397,46,4804.10075,1067.89925,2014-06-24 22:30:00,5872.0,11.3,2014-06-24,False,Tuesday
8398,47,4992.851222,1072.148778,2014-06-24 23:00:00,6065.0,11.3,2014-06-24,False,Tuesday
8399,48,5004.907468,1081.092532,2014-06-24 23:30:00,6086.0,11.5,2014-06-24,False,Tuesday
8400,1,4746.37469,1073.62531,2014-06-25 00:00:00,5820.0,11.6,2014-06-25,False,Wednesday
8401,2,4529.595804,1075.404196,2014-06-25 00:30:00,5605.0,11.0,2014-06-25,False,Wednesday
8402,3,4299.954328,1086.045672,2014-06-25 01:00:00,5386.0,10.5,2014-06-25,False,Wednesday
8403,4,4101.33135,1075.66865,2014-06-25 01:30:00,5177.0,10.4,2014-06-25,False,Wednesday
8404,5,3924.66942,1082.33058,2014-06-25 02:00:00,5007.0,10.3,2014-06-25,False,Wednesday
8405,6,3768.35626,1038.64374,2014-06-25 02:30:00,4807.0,10.1,2014-06-25,False,Wednesday
8406,7,3679.02258,1080.97742,2014-06-25 03:00:00,4760.0,10.3,2014-06-25,False,Wednesday
8407,8,3641.502248,1036.497752,2014-06-25 03:30:00,4678.0,10.7,2014-06-25,False,Wednesday
8408,9,3645.528212,1027.471788,2014-06-25 04:00:00,4673.0,10.8,2014-06-25,False,Wednesday
8409,10,3683.853696,1028.146304,2014-06-25 04:30:00,4712.0,10.9,2014-06-25,False,Wednesday
8410,11,3841.854146,1028.145854,2014-06-25 05:00:00,4870.0,11.0,2014-06-25,False,Wednesday
8411,12,4085.648278,1026.351722,2014-06-25 05:30:00,5112.0,10.8,2014-06-25,False,Wednesday
8412,13,4566.305856,1027.694144,2014-06-25 06:00:00,5594.0,10.6,2014-06-25,False,Wednesday
8413,14,5064.206712,1023.793288,2014-06-25 06:30:00,6088.0,10.5,2014-06-25,False,Wednesday
8414,15,5416.21123,1024.78877,2014-06-25 07:00:00,6441.0,10.6,2014-06-25,False,Wednesday
8415,16,5821.510262,1028.489738,2014-06-25 07:30:00,6850.0,10.8,2014-06-25,False,Wednesday
8416,17,5960.656304,1024.343696,2014-06-25 08:00:00,6985.0,10.3,2014-06-25,False,Wednesday
8417,18,5894.85427,1013.14573,2014-06-25 08:30:00,6908.0,10.6,2014-06-25,False,Wednesday
8418,19,5908.073266,1016.926734,2014-06-25 09:00:00,6925.0,11.2,2014-06-25,False,Wednesday
8419,20,5863.489344,1022.510656,2014-06-25 09:30:00,6886.0,11.8,2014-06-25,False,Wednesday
8420,21,5777.13437,1017.86563,2014-06-25 10:00:00,6795.0,11.9,2014-06-25,False,Wednesday
8421,22,5702.124352,1013.875648,2014-06-25 10:30:00,6716.0,13.0,2014-06-25,False,Wednesday
8422,23,5670.834386,1020.165614,2014-06-25 11:00:00,6691.0,13.5,2014-06-25,False,Wednesday
8423,24,5633.019768,1017.980232,2014-06-25 11:30:00,6651.0,13.9,2014-06-25,False,Wednesday
8424,25,5535.055408,1020.944592,2014-06-25 12:00:00,6556.0,14.6,2014-06-25,False,Wednesday
8425,26,5464.46137,1011.53863,2014-06-25 12:30:00,6476.0,14.9,2014-06-25,False,Wednesday
8426,27,5504.161776,1011.838224,2014-06-25 13:00:00,6516.0,15.1,2014-06-25,False,Wednesday
8427,28,5506.9699,1018.0301,2014-06-25 13:30:00,6525.0,15.7,2014-06-25,False,Wednesday
8428,29,5524.73295,1018.26705,2014-06-25 14:00:00,6543.0,15.4,2014-06-25,False,Wednesday
8429,30,5483.110464,1013.889536,2014-06-25 14:30:00,6497.0,14.8,2014-06-25,False,Wednesday
8430,31,5461.508206,1006.491794,2014-06-25 15:00:00,6468.0,14.6,2014-06-25,False,Wednesday
8431,32,5517.16165,1006.83835,2014-06-25 15:30:00,6524.0,14.4,2014-06-25,False,Wednesday
8432,33,5629.620512,1008.379488,2014-06-25 16:00:00,6638.0,15.3,2014-06-25,False,Wednesday
8433,34,5813.432456,1011.567544,2014-06-25 16:30:00,6825.0,15.1,2014-06-25,False,Wednesday
8434,35,6065.843568,1017.156432,2014-06-25 17:00:00,7083.0,12.7,2014-06-25,False,Wednesday
8435,36,6292.179964,1016.820036,2014-06-25 17:30:00,7309.0,12.4,2014-06-25,False,Wednesday
8436,37,6271.262512,1013.737488,2014-06-25 18:00:00,7285.0,12.3,2014-06-25,False,Wednesday
8437,38,6167.071392,1016.928608,2014-06-25 18:30:00,7184.0,12.9,2014-06-25,False,Wednesday
8438,39,6006.436884,1015.563116,2014-06-25 19:00:00,7022.0,12.7,2014-06-25,False,Wednesday
8439,40,5872.36134,1015.63866,2014-06-25 19:30:00,6888.0,13.0,2014-06-25,False,Wednesday
8440,41,5705.759564,1023.240436,2014-06-25 20:00:00,6729.0,13.0,2014-06-25,False,Wednesday
8441,42,5536.344786,1008.655214,2014-06-25 20:30:00,6545.0,12.9,2014-06-25,False,Wednesday
8442,43,5304.463858,990.536142,2014-06-25 21:00:00,6295.0,12.9,2014-06-25,False,Wednesday
8443,44,5064.642722,1024.357278,2014-06-25 21:30:00,6089.0,12.9,2014-06-25,False,Wednesday
8444,45,4827.756976,1017.243024,2014-06-25 22:00:00,5845.0,13.8,2014-06-25,False,Wednesday
8445,46,4678.597132,1025.402868,2014-06-25 22:30:00,5704.0,13.7,2014-06-25,False,Wednesday
8446,47,4886.35717,1020.64283,2014-06-25 23:00:00,5907.0,13.5,2014-06-25,False,Wednesday
8447,48,4902.21641,1021.78359,2014-06-25 23:30:00,5924.0,13.7,2014-06-25,False,Wednesday
8448,1,4634.528772,1021.471228,2014-06-26 00:00:00,5656.0,13.7,2014-06-26,False,Thursday
8449,2,4423.681796,1027.318204,2014-06-26 00:30:00,5451.0,13.8,2014-06-26,False,Thursday
8450,3,4202.12929,1034.87071,2014-06-26 01:00:00,5237.0,13.9,2014-06-26,False,Thursday
8451,4,3976.288178,1025.711822,2014-06-26 01:30:00,5002.0,14.0,2014-06-26,False,Thursday
8452,5,3813.514966,1027.485034,2014-06-26 02:00:00,4841.0,14.3,2014-06-26,False,Thursday
8453,6,3682.460796,1020.539204,2014-06-26 02:30:00,4703.0,13.8,2014-06-26,False,Thursday
8454,7,3594.278968,1024.721032,2014-06-26 03:00:00,4619.0,13.2,2014-06-26,False,Thursday
8455,8,3549.151612,1024.848388,2014-06-26 03:30:00,4574.0,12.9,2014-06-26,False,Thursday
8456,9,3548.70549,1018.29451,2014-06-26 04:00:00,4567.0,12.7,2014-06-26,False,Thursday
8457,10,3558.88737,1014.11263,2014-06-26 04:30:00,4573.0,13.0,2014-06-26,False,Thursday
8458,11,3722.963308,1010.036692,2014-06-26 05:00:00,4733.0,12.9,2014-06-26,False,Thursday
8459,12,3961.639736,1009.360264,2014-06-26 05:30:00,4971.0,12.7,2014-06-26,False,Thursday
8460,13,4456.58449,1017.41551,2014-06-26 06:00:00,5474.0,12.0,2014-06-26,False,Thursday
8461,14,4985.144752,1028.855248,2014-06-26 06:30:00,6014.0,12.2,2014-06-26,False,Thursday
8462,15,5310.834098,1019.165902,2014-06-26 07:00:00,6330.0,12.3,2014-06-26,False,Thursday
8463,16,5639.565856,1019.434144,2014-06-26 07:30:00,6659.0,12.0,2014-06-26,False,Thursday
8464,17,5776.07319,1019.92681,2014-06-26 08:00:00,6796.0,12.0,2014-06-26,False,Thursday
8465,18,5737.161584,1026.838416,2014-06-26 08:30:00,6764.0,11.7,2014-06-26,False,Thursday
8466,19,5721.44263,1022.55737,2014-06-26 09:00:00,6744.0,12.0,2014-06-26,False,Thursday
8467,20,5641.256006,1018.743994,2014-06-26 09:30:00,6660.0,12.4,2014-06-26,False,Thursday
8468,21,5554.28725,1003.71275,2014-06-26 10:00:00,6558.0,13.7,2014-06-26,False,Thursday
8469,22,5514.979476,1027.020524,2014-06-26 10:30:00,6542.0,13.8,2014-06-26,False,Thursday
8470,23,5490.39426,1027.60574,2014-06-26 11:00:00,6518.0,13.8,2014-06-26,False,Thursday
8471,24,5450.721012,1029.278988,2014-06-26 11:30:00,6480.0,14.0,2014-06-26,False,Thursday
8472,25,5384.990554,1029.009446,2014-06-26 12:00:00,6414.0,14.5,2014-06-26,False,Thursday
8473,26,5292.76018,1031.23982,2014-06-26 12:30:00,6324.0,15.4,2014-06-26,False,Thursday
8474,27,5399.253366,1023.746634,2014-06-26 13:00:00,6423.0,15.6,2014-06-26,False,Thursday
8475,28,5439.56229,1021.43771,2014-06-26 13:30:00,6461.0,15.1,2014-06-26,False,Thursday
8476,29,5407.551234,1026.448766,2014-06-26 14:00:00,6434.0,15.0,2014-06-26,False,Thursday
8477,30,5347.250054,1023.749946,2014-06-26 14:30:00,6371.0,15.2,2014-06-26,False,Thursday
8478,31,5340.18341,1019.81659,2014-06-26 15:00:00,6360.0,14.9,2014-06-26,False,Thursday
8479,32,5405.567468,1014.432532,2014-06-26 15:30:00,6420.0,15.3,2014-06-26,False,Thursday
8480,33,5484.01318,1008.98682,2014-06-26 16:00:00,6493.0,15.2,2014-06-26,False,Thursday
8481,34,5614.33971,1006.66029,2014-06-26 16:30:00,6621.0,15.1,2014-06-26,False,Thursday
8482,35,5874.03933,1009.96067,2014-06-26 17:00:00,6884.0,14.5,2014-06-26,False,Thursday
8483,36,6180.616132,1012.383868,2014-06-26 17:30:00,7193.0,14.3,2014-06-26,False,Thursday
8484,37,6195.891414,1017.108586,2014-06-26 18:00:00,7213.0,14.1,2014-06-26,False,Thursday
8485,38,6096.102726,1016.897274,2014-06-26 18:30:00,7113.0,13.9,2014-06-26,False,Thursday
8486,39,5960.50644,1018.49356,2014-06-26 19:00:00,6979.0,13.5,2014-06-26,False,Thursday
8487,40,5840.980226,1020.019774,2014-06-26 19:30:00,6861.0,13.2,2014-06-26,False,Thursday
8488,41,5706.721858,1016.278142,2014-06-26 20:00:00,6723.0,12.8,2014-06-26,False,Thursday
8489,42,5573.311956,1020.688044,2014-06-26 20:30:00,6594.0,12.7,2014-06-26,False,Thursday
8490,43,5355.672518,1020.327482,2014-06-26 21:00:00,6376.0,12.0,2014-06-26,False,Thursday
8491,44,5119.935506,1021.064494,2014-06-26 21:30:00,6141.0,11.7,2014-06-26,False,Thursday
8492,45,4885.741368,1012.258632,2014-06-26 22:00:00,5898.0,11.8,2014-06-26,False,Thursday
8493,46,4712.266574,1015.733426,2014-06-26 22:30:00,5728.0,11.6,2014-06-26,False,Thursday
8494,47,4907.977158,1018.022842,2014-06-26 23:00:00,5926.0,11.3,2014-06-26,False,Thursday
8495,48,4917.685086,1021.314914,2014-06-26 23:30:00,5939.0,11.2,2014-06-26,False,Thursday
8496,1,4653.781616,1028.218384,2014-06-27 00:00:00,5682.0,11.8,2014-06-27,False,Friday
8497,2,4416.889908,1027.110092,2014-06-27 00:30:00,5444.0,12.5,2014-06-27,False,Friday
8498,3,4206.96464,1032.03536,2014-06-27 01:00:00,5239.0,12.3,2014-06-27,False,Friday
8499,4,3977.778024,1028.221976,2014-06-27 01:30:00,5006.0,12.4,2014-06-27,False,Friday
8500,5,3787.488564,1025.511436,2014-06-27 02:00:00,4813.0,12.7,2014-06-27,False,Friday
8501,6,3661.23907,1026.76093,2014-06-27 02:30:00,4688.0,13.1,2014-06-27,False,Friday
8502,7,3578.402994,1018.597006,2014-06-27 03:00:00,4597.0,13.0,2014-06-27,False,Friday
8503,8,3541.133288,1018.866712,2014-06-27 03:30:00,4560.0,12.9,2014-06-27,False,Friday
8504,9,3532.920384,1018.079616,2014-06-27 04:00:00,4551.0,12.9,2014-06-27,False,Friday
8505,10,3568.177958,1020.822042,2014-06-27 04:30:00,4589.0,12.4,2014-06-27,False,Friday
8506,11,3725.961588,1015.038412,2014-06-27 05:00:00,4741.0,12.5,2014-06-27,False,Friday
8507,12,3965.003658,1017.996342,2014-06-27 05:30:00,4983.0,13.1,2014-06-27,False,Friday
8508,13,4406.15421,1024.84579,2014-06-27 06:00:00,5431.0,12.8,2014-06-27,False,Friday
8509,14,4899.142572,1019.857428,2014-06-27 06:30:00,5919.0,12.6,2014-06-27,False,Friday
8510,15,5221.055114,1043.944886,2014-06-27 07:00:00,6265.0,12.0,2014-06-27,False,Friday
8511,16,5589.013446,1060.986554,2014-06-27 07:30:00,6650.0,11.7,2014-06-27,False,Friday
8512,17,5761.768148,1079.231852,2014-06-27 08:00:00,6841.0,11.6,2014-06-27,False,Friday
8513,18,5781.957906,1051.042094,2014-06-27 08:30:00,6833.0,11.4,2014-06-27,False,Friday
8514,19,5794.279082,1078.720918,2014-06-27 09:00:00,6873.0,11.6,2014-06-27,False,Friday
8515,20,5739.494328,1049.505672,2014-06-27 09:30:00,6789.0,12.0,2014-06-27,False,Friday
8516,21,5681.197274,1084.802726,2014-06-27 10:00:00,6766.0,12.4,2014-06-27,False,Friday
8517,22,5655.363236,1069.636764,2014-06-27 10:30:00,6725.0,13.0,2014-06-27,False,Friday
8518,23,5629.676738,1083.323262,2014-06-27 11:00:00,6713.0,13.3,2014-06-27,False,Friday
8519,24,5596.368726,1066.631274,2014-06-27 11:30:00,6663.0,13.3,2014-06-27,False,Friday
8520,25,5505.73829,1084.26171,2014-06-27 12:00:00,6590.0,13.4,2014-06-27,False,Friday
8521,26,5379.47813,1080.52187,2014-06-27 12:30:00,6460.0,14.0,2014-06-27,False,Friday
8522,27,5363.307092,1070.692908,2014-06-27 13:00:00,6434.0,14.4,2014-06-27,False,Friday
8523,28,5321.533438,1080.466562,2014-06-27 13:30:00,6402.0,14.5,2014-06-27,False,Friday
8524,29,5226.07937,1088.92063,2014-06-27 14:00:00,6315.0,14.3,2014-06-27,False,Friday
8525,30,5150.846954,1068.153046,2014-06-27 14:30:00,6219.0,14.2,2014-06-27,False,Friday
8526,31,5108.805516,1099.194484,2014-06-27 15:00:00,6208.0,14.2,2014-06-27,False,Friday
8527,32,5148.145496,1079.854504,2014-06-27 15:30:00,6228.0,14.0,2014-06-27,False,Friday
8528,33,5234.629048,1074.370952,2014-06-27 16:00:00,6309.0,13.7,2014-06-27,False,Friday
8529,34,5448.113568,1052.886432,2014-06-27 16:30:00,6501.0,13.3,2014-06-27,False,Friday
8530,35,5758.189042,1070.810958,2014-06-27 17:00:00,6829.0,13.0,2014-06-27,False,Friday
8531,36,6092.255418,1083.744582,2014-06-27 17:30:00,7176.0,12.9,2014-06-27,False,Friday
8532,37,6072.028974,1076.971026,2014-06-27 18:00:00,7149.0,12.8,2014-06-27,False,Friday
8533,38,5965.13619,1077.86381,2014-06-27 18:30:00,7043.0,12.7,2014-06-27,False,Friday
8534,39,5822.014822,1083.985178,2014-06-27 19:00:00,6906.0,13.0,2014-06-27,False,Friday
8535,40,5699.953812,1081.046188,2014-06-27 19:30:00,6781.0,12.8,2014-06-27,False,Friday
8536,41,5547.078032,1080.921968,2014-06-27 20:00:00,6628.0,12.6,2014-06-27,False,Friday
8537,42,5417.31408,1069.68592,2014-06-27 20:30:00,6487.0,12.7,2014-06-27,False,Friday
8538,43,5220.182608,1083.817392,2014-06-27 21:00:00,6304.0,12.7,2014-06-27,False,Friday
8539,44,5040.876136,1090.123864,2014-06-27 21:30:00,6131.0,12.5,2014-06-27,False,Friday
8540,45,4906.57986,1073.42014,2014-06-27 22:00:00,5980.0,12.4,2014-06-27,False,Friday
8541,46,4780.298444,1084.701556,2014-06-27 22:30:00,5865.0,12.3,2014-06-27,False,Friday
8542,47,4996.110692,1085.889308,2014-06-27 23:00:00,6082.0,12.2,2014-06-27,False,Friday
8543,48,5015.631766,1070.368234,2014-06-27 23:30:00,6086.0,12.4,2014-06-27,False,Friday
8544,1,4745.49013,1097.50987,2014-06-28 00:00:00,5843.0,12.5,2014-06-28,False,Saturday
8545,2,4455.59123,1072.40877,2014-06-28 00:30:00,5528.0,12.6,2014-06-28,False,Saturday
8546,3,4228.977948,1070.022052,2014-06-28 01:00:00,5299.0,12.6,2014-06-28,False,Saturday
8547,4,3979.131416,1093.868584,2014-06-28 01:30:00,5073.0,12.3,2014-06-28,False,Saturday
8548,5,3767.877096,1067.122904,2014-06-28 02:00:00,4835.0,11.9,2014-06-28,False,Saturday
8549,6,3607.676616,1076.323384,2014-06-28 02:30:00,4684.0,11.4,2014-06-28,False,Saturday
8550,7,3506.623524,1084.376476,2014-06-28 03:00:00,4591.0,11.3,2014-06-28,False,Saturday
8551,8,3427.380504,1075.619496,2014-06-28 03:30:00,4503.0,11.4,2014-06-28,False,Saturday
8552,9,3401.136142,1072.863858,2014-06-28 04:00:00,4474.0,11.3,2014-06-28,False,Saturday
8553,10,3392.099748,1068.900252,2014-06-28 04:30:00,4461.0,11.0,2014-06-28,False,Saturday
8554,11,3449.93587,1072.06413,2014-06-28 05:00:00,4522.0,10.7,2014-06-28,False,Saturday
8555,12,3540.024254,1077.975746,2014-06-28 05:30:00,4618.0,10.5,2014-06-28,False,Saturday
8556,13,3715.344046,1064.655954,2014-06-28 06:00:00,4780.0,10.4,2014-06-28,False,Saturday
8557,14,3919.27896,1064.72104,2014-06-28 06:30:00,4984.0,10.0,2014-06-28,False,Saturday
8558,15,4008.528894,1077.471106,2014-06-28 07:00:00,5086.0,9.9,2014-06-28,False,Saturday
8559,16,4276.4803,1055.5197,2014-06-28 07:30:00,5332.0,9.7,2014-06-28,False,Saturday
8560,17,4528.353954,1065.646046,2014-06-28 08:00:00,5594.0,9.7,2014-06-28,False,Saturday
8561,18,4717.520158,1080.479842,2014-06-28 08:30:00,5798.0,9.7,2014-06-28,False,Saturday
8562,19,4835.770886,1065.229114,2014-06-28 09:00:00,5901.0,10.1,2014-06-28,False,Saturday
8563,20,4828.218142,1088.781858,2014-06-28 09:30:00,5917.0,10.5,2014-06-28,False,Saturday
8564,21,4801.663714,1069.336286,2014-06-28 10:00:00,5871.0,11.3,2014-06-28,False,Saturday
8565,22,4772.784824,1075.215176,2014-06-28 10:30:00,5848.0,11.9,2014-06-28,False,Saturday
8566,23,4711.895512,1087.104488,2014-06-28 11:00:00,5799.0,12.4,2014-06-28,False,Saturday
8567,24,4732.395552,1073.604448,2014-06-28 11:30:00,5806.0,12.1,2014-06-28,False,Saturday
8568,25,4763.760798,1081.239202,2014-06-28 12:00:00,5845.0,12.0,2014-06-28,False,Saturday
8569,26,4741.41559,1071.58441,2014-06-28 12:30:00,5813.0,12.0,2014-06-28,False,Saturday
8570,27,4731.234282,1080.765718,2014-06-28 13:00:00,5812.0,12.0,2014-06-28,False,Saturday
8571,28,4684.778748,1085.221252,2014-06-28 13:30:00,5770.0,12.3,2014-06-28,False,Saturday
8572,29,4643.380262,1093.619738,2014-06-28 14:00:00,5737.0,12.4,2014-06-28,False,Saturday
8573,30,4606.934738,1056.065262,2014-06-28 14:30:00,5663.0,12.7,2014-06-28,False,Saturday
8574,31,4645.34919,1071.65081,2014-06-28 15:00:00,5717.0,12.5,2014-06-28,False,Saturday
8575,32,4766.04034,1081.95966,2014-06-28 15:30:00,5848.0,11.7,2014-06-28,False,Saturday
8576,33,4873.65697,1049.34303,2014-06-28 16:00:00,5923.0,12.1,2014-06-28,False,Saturday
8577,34,5129.299006,1077.700994,2014-06-28 16:30:00,6207.0,12.6,2014-06-28,False,Saturday
8578,35,5450.648536,1059.351464,2014-06-28 17:00:00,6510.0,12.1,2014-06-28,False,Saturday
8579,36,5739.024684,1080.975316,2014-06-28 17:30:00,6820.0,11.6,2014-06-28,False,Saturday
8580,37,5742.244364,1040.755636,2014-06-28 18:00:00,6783.0,10.8,2014-06-28,False,Saturday
8581,38,5607.50632,1069.49368,2014-06-28 18:30:00,6677.0,10.3,2014-06-28,False,Saturday
8582,39,5436.773462,1060.226538,2014-06-28 19:00:00,6497.0,10.5,2014-06-28,False,Saturday
8583,40,5301.23148,1060.76852,2014-06-28 19:30:00,6362.0,10.9,2014-06-28,False,Saturday
8584,41,5117.78734,1050.21266,2014-06-28 20:00:00,6168.0,10.9,2014-06-28,False,Saturday
8585,42,5013.825038,1055.174962,2014-06-28 20:30:00,6069.0,10.6,2014-06-28,False,Saturday
8586,43,4869.153246,1044.846754,2014-06-28 21:00:00,5914.0,10.4,2014-06-28,False,Saturday
8587,44,4729.180612,1063.819388,2014-06-28 21:30:00,5793.0,10.7,2014-06-28,False,Saturday
8588,45,4612.490494,1042.509506,2014-06-28 22:00:00,5655.0,10.4,2014-06-28,False,Saturday
8589,46,4584.177028,1044.822972,2014-06-28 22:30:00,5629.0,10.3,2014-06-28,False,Saturday
8590,47,4832.466206,1061.533794,2014-06-28 23:00:00,5894.0,10.1,2014-06-28,False,Saturday
8591,48,4901.524908,1063.475092,2014-06-28 23:30:00,5965.0,9.9,2014-06-28,False,Saturday
8592,1,4696.63726,1075.36274,2014-06-29 00:00:00,5772.0,9.7,2014-06-29,False,Sunday
8593,2,4465.264292,1067.735708,2014-06-29 00:30:00,5533.0,8.9,2014-06-29,False,Sunday
8594,3,4249.79429,1062.20571,2014-06-29 01:00:00,5312.0,8.9,2014-06-29,False,Sunday
8595,4,4004.819408,1065.180592,2014-06-29 01:30:00,5070.0,9.2,2014-06-29,False,Sunday
8596,5,3796.881228,1054.118772,2014-06-29 02:00:00,4851.0,9.5,2014-06-29,False,Sunday
8597,6,3651.870674,1052.129326,2014-06-29 02:30:00,4704.0,9.7,2014-06-29,False,Sunday
8598,7,3539.719664,1069.280336,2014-06-29 03:00:00,4609.0,9.8,2014-06-29,False,Sunday
8599,8,3458.603162,1058.396838,2014-06-29 03:30:00,4517.0,9.7,2014-06-29,False,Sunday
8600,9,3424.218502,1053.781498,2014-06-29 04:00:00,4478.0,9.5,2014-06-29,False,Sunday
8601,10,3397.959688,1070.040312,2014-06-29 04:30:00,4468.0,9.9,2014-06-29,False,Sunday
8602,11,3401.622242,1054.377758,2014-06-29 05:00:00,4456.0,10.0,2014-06-29,False,Sunday
8603,12,3443.836984,1060.163016,2014-06-29 05:30:00,4504.0,10.0,2014-06-29,False,Sunday
8604,13,3524.291546,1060.708454,2014-06-29 06:00:00,4585.0,10.0,2014-06-29,False,Sunday
8605,14,3638.420714,1067.579286,2014-06-29 06:30:00,4706.0,9.9,2014-06-29,False,Sunday
8606,15,3666.812292,1048.187708,2014-06-29 07:00:00,4715.0,9.8,2014-06-29,False,Sunday
8607,16,3867.460272,1060.539728,2014-06-29 07:30:00,4928.0,9.7,2014-06-29,False,Sunday
8608,17,4121.193602,1053.806398,2014-06-29 08:00:00,5175.0,9.6,2014-06-29,False,Sunday
8609,18,4354.43232,1039.56768,2014-06-29 08:30:00,5394.0,9.6,2014-06-29,False,Sunday
8610,19,4529.763466,1071.236534,2014-06-29 09:00:00,5601.0,10.0,2014-06-29,False,Sunday
8611,20,4644.889182,1057.110818,2014-06-29 09:30:00,5702.0,10.2,2014-06-29,False,Sunday
8612,21,4758.255598,1054.744402,2014-06-29 10:00:00,5813.0,11.0,2014-06-29,False,Sunday
8613,22,4791.597304,1071.402696,2014-06-29 10:30:00,5863.0,10.8,2014-06-29,False,Sunday
8614,23,4798.971992,1058.028008,2014-06-29 11:00:00,5857.0,10.8,2014-06-29,False,Sunday
8615,24,4813.671694,1055.328306,2014-06-29 11:30:00,5869.0,11.0,2014-06-29,False,Sunday
8616,25,4853.291426,1066.708574,2014-06-29 12:00:00,5920.0,10.0,2014-06-29,False,Sunday
8617,26,4847.010642,1062.989358,2014-06-29 12:30:00,5910.0,9.8,2014-06-29,False,Sunday
8618,27,4872.29285,1063.70715,2014-06-29 13:00:00,5936.0,10.1,2014-06-29,False,Sunday
8619,28,4830.143002,1078.856998,2014-06-29 13:30:00,5909.0,10.4,2014-06-29,False,Sunday
8620,29,4793.447408,1037.552592,2014-06-29 14:00:00,5831.0,11.0,2014-06-29,False,Sunday
8621,30,4825.16927,1065.83073,2014-06-29 14:30:00,5891.0,10.5,2014-06-29,False,Sunday
8622,31,4871.049294,1052.950706,2014-06-29 15:00:00,5924.0,10.1,2014-06-29,False,Sunday
8623,32,4911.810866,1061.189134,2014-06-29 15:30:00,5973.0,10.0,2014-06-29,False,Sunday
8624,33,5028.882586,1067.117414,2014-06-29 16:00:00,6096.0,10.2,2014-06-29,False,Sunday
8625,34,5256.994566,1064.005434,2014-06-29 16:30:00,6321.0,9.6,2014-06-29,False,Sunday
8626,35,5514.60101,1053.39899,2014-06-29 17:00:00,6568.0,10.0,2014-06-29,False,Sunday
8627,36,5811.13251,1067.86749,2014-06-29 17:30:00,6879.0,9.5,2014-06-29,False,Sunday
8628,37,5874.990246,1039.009754,2014-06-29 18:00:00,6914.0,9.2,2014-06-29,False,Sunday
8629,38,5786.843186,1061.156814,2014-06-29 18:30:00,6848.0,9.1,2014-06-29,False,Sunday
8630,39,5639.24979,1063.75021,2014-06-29 19:00:00,6703.0,8.9,2014-06-29,False,Sunday
8631,40,5533.778008,1052.221992,2014-06-29 19:30:00,6586.0,8.6,2014-06-29,False,Sunday
8632,41,5430.781582,1057.218418,2014-06-29 20:00:00,6488.0,8.5,2014-06-29,False,Sunday
8633,42,5319.968286,1067.031714,2014-06-29 20:30:00,6387.0,8.1,2014-06-29,False,Sunday
8634,43,5158.63672,1054.36328,2014-06-29 21:00:00,6213.0,7.7,2014-06-29,False,Sunday
8635,44,4960.002184,1057.997816,2014-06-29 21:30:00,6018.0,7.5,2014-06-29,False,Sunday
8636,45,4770.747418,1065.252582,2014-06-29 22:00:00,5836.0,7.3,2014-06-29,False,Sunday
8637,46,4638.38736,1052.61264,2014-06-29 22:30:00,5691.0,7.5,2014-06-29,False,Sunday
8638,47,4846.90594,1066.09406,2014-06-29 23:00:00,5913.0,7.2,2014-06-29,False,Sunday
8639,48,4878.206776,1066.793224,2014-06-29 23:30:00,5945.0,7.3,2014-06-29,False,Sunday
8640,1,4691.926194,1063.073806,2014-06-30 00:00:00,5755.0,7.1,2014-06-30,False,Monday
8641,2,4473.72761,1065.27239,2014-06-30 00:30:00,5539.0,6.9,2014-06-30,False,Monday
8642,3,4299.033398,1071.966602,2014-06-30 01:00:00,5371.0,6.8,2014-06-30,False,Monday
8643,4,4113.731524,1068.268476,2014-06-30 01:30:00,5182.0,6.6,2014-06-30,False,Monday
8644,5,3928.259146,1068.740854,2014-06-30 02:00:00,4997.0,6.6,2014-06-30,False,Monday
8645,6,3757.672434,1062.327566,2014-06-30 02:30:00,4820.0,6.6,2014-06-30,False,Monday
8646,7,3675.315004,1068.684996,2014-06-30 03:00:00,4744.0,6.7,2014-06-30,False,Monday
8647,8,3625.016894,1080.983106,2014-06-30 03:30:00,4706.0,6.9,2014-06-30,False,Monday
8648,9,3637.550846,1057.449154,2014-06-30 04:00:00,4695.0,7.1,2014-06-30,False,Monday
8649,10,3673.097498,1064.902502,2014-06-30 04:30:00,4738.0,7.0,2014-06-30,False,Monday
8650,11,3828.222002,1077.777998,2014-06-30 05:00:00,4906.0,6.8,2014-06-30,False,Monday
8651,12,4055.854522,1059.145478,2014-06-30 05:30:00,5115.0,6.8,2014-06-30,False,Monday
8652,13,4491.000452,1080.999548,2014-06-30 06:00:00,5572.0,6.7,2014-06-30,False,Monday
8653,14,4954.813534,1074.186466,2014-06-30 06:30:00,6029.0,6.8,2014-06-30,False,Monday
8654,15,5242.516516,1074.483484,2014-06-30 07:00:00,6317.0,7.0,2014-06-30,False,Monday
8655,16,5631.305682,1078.694318,2014-06-30 07:30:00,6710.0,7.1,2014-06-30,False,Monday
8656,17,5930.282536,1078.717464,2014-06-30 08:00:00,7009.0,7.3,2014-06-30,False,Monday
8657,18,6059.180688,1078.819312,2014-06-30 08:30:00,7138.0,7.5,2014-06-30,False,Monday
8658,19,6133.99041,1070.00959,2014-06-30 09:00:00,7204.0,8.3,2014-06-30,False,Monday
8659,20,6094.508034,1081.491966,2014-06-30 09:30:00,7176.0,9.0,2014-06-30,False,Monday
8660,21,5984.313818,1080.686182,2014-06-30 10:00:00,7065.0,9.6,2014-06-30,False,Monday
8661,22,5887.016494,1051.983506,2014-06-30 10:30:00,6939.0,10.6,2014-06-30,False,Monday
8662,23,5824.724646,994.275354,2014-06-30 11:00:00,6819.0,11.5,2014-06-30,False,Monday
8663,24,5811.887876,967.112124,2014-06-30 11:30:00,6779.0,12.3,2014-06-30,False,Monday
8664,25,5824.40965,1102.59035,2014-06-30 12:00:00,6927.0,12.4,2014-06-30,False,Monday
8665,26,5839.733286,1089.266714,2014-06-30 12:30:00,6929.0,12.4,2014-06-30,False,Monday
8666,27,5949.899554,1090.100446,2014-06-30 13:00:00,7040.0,12.4,2014-06-30,False,Monday
8667,28,5970.786266,1100.213734,2014-06-30 13:30:00,7071.0,11.4,2014-06-30,False,Monday
8668,29,5931.247952,1067.752048,2014-06-30 14:00:00,6999.0,12.1,2014-06-30,False,Monday
8669,30,5880.737698,1056.262302,2014-06-30 14:30:00,6937.0,12.5,2014-06-30,False,Monday
8670,31,5843.890088,1032.109912,2014-06-30 15:00:00,6876.0,12.9,2014-06-30,False,Monday
8671,32,5867.987104,1026.012896,2014-06-30 15:30:00,6894.0,13.1,2014-06-30,False,Monday
8672,33,5900.513398,1026.486602,2014-06-30 16:00:00,6927.0,12.8,2014-06-30,False,Monday
8673,34,6044.785866,1031.214134,2014-06-30 16:30:00,7076.0,12.1,2014-06-30,False,Monday
8674,35,6247.551728,1015.448272,2014-06-30 17:00:00,7263.0,12.1,2014-06-30,False,Monday
8675,36,6518.572702,1030.427298,2014-06-30 17:30:00,7549.0,11.7,2014-06-30,False,Monday
8676,37,6485.794616,1029.205384,2014-06-30 18:00:00,7515.0,11.5,2014-06-30,False,Monday
8677,38,6357.085384,1031.914616,2014-06-30 18:30:00,7389.0,11.3,2014-06-30,False,Monday
8678,39,6173.717536,1028.282464,2014-06-30 19:00:00,7202.0,11.2,2014-06-30,False,Monday
8679,40,6021.939516,1031.060484,2014-06-30 19:30:00,7053.0,10.6,2014-06-30,False,Monday
8680,41,5844.048272,1035.951728,2014-06-30 20:00:00,6880.0,10.6,2014-06-30,False,Monday
8681,42,5694.201588,1033.798412,2014-06-30 20:30:00,6728.0,10.4,2014-06-30,False,Monday
8682,43,5488.288642,1034.711358,2014-06-30 21:00:00,6523.0,10.3,2014-06-30,False,Monday
8683,44,5255.663988,1026.336012,2014-06-30 21:30:00,6282.0,10.2,2014-06-30,False,Monday
8684,45,5049.619246,1034.380754,2014-06-30 22:00:00,6084.0,10.0,2014-06-30,False,Monday
8685,46,4867.473156,1035.526844,2014-06-30 22:30:00,5903.0,10.1,2014-06-30,False,Monday
8686,47,5067.72875,1043.27125,2014-06-30 23:00:00,6111.0,10.1,2014-06-30,False,Monday
8687,48,5074.973196,1038.026804,2014-06-30 23:30:00,6113.0,10.0,2014-06-30,False,Monday
